configuration,stage,classes,class_1_column,rows
DT-1,TRAIN,"[0, 1]",1,44580
DT-1,VALIDATION,"[0, 1]",1,12367
DT-2,TRAIN,"[0, 1]",1,44580
DT-2,VALIDATION,"[0, 1]",1,12367
DT-3,TRAIN,"[0, 1]",1,44580
DT-3,VALIDATION,"[0, 1]",1,12367
DT-4,TRAIN,"[0, 1]",1,44580
DT-4,VALIDATION,"[0, 1]",1,12367
RF-1,TRAIN,"[0, 1]",1,44580
RF-1,VALIDATION,"[0, 1]",1,12367
RF-2,TRAIN,"[0, 1]",1,44580
RF-2,VALIDATION,"[0, 1]",1,12367
RF-3,TRAIN,"[0, 1]",1,44580
RF-3,VALIDATION,"[0, 1]",1,12367
RF-4,TRAIN,"[0, 1]",1,44580
RF-4,VALIDATION,"[0, 1]",1,12367
DT-3-balanced,TRAIN,"[0, 1]",1,44580
DT-3-balanced,VALIDATION,"[0, 1]",1,12367
RF-4-balanced,TRAIN,"[0, 1]",1,44580
RF-4-balanced,VALIDATION,"[0, 1]",1,12367
DT-3-balanced,FINAL_TEST,"[0, 1]",1,10377
DT-3-balanced,APRIL_REFIT,"[0, 1]",1,2087
