encoded_feature,impurity_importance,note
numeric__CURRENT_CONSUMPTION,0.28282676727054734,Descriptive TRAIN-fitted impurity importance; not causal and not a new selection step.
numeric__CONSUMPTION_TREND_3,0.19297964080021987,Descriptive TRAIN-fitted impurity importance; not causal and not a new selection step.
numeric__SAME_MONTH_LAST_YEAR,0.15338739325570486,Descriptive TRAIN-fitted impurity importance; not causal and not a new selection step.
numeric__CONSUMPTION_LAG3,0.06863088269101396,Descriptive TRAIN-fitted impurity importance; not causal and not a new selection step.
numeric__RECENT_STD_3,0.05727486823277757,Descriptive TRAIN-fitted impurity importance; not causal and not a new selection step.
numeric__RECENT_MEAN_3,0.05364342430109692,Descriptive TRAIN-fitted impurity importance; not causal and not a new selection step.
numeric__CONSUMPTION_LAG1,0.05210154337093636,Descriptive TRAIN-fitted impurity importance; not causal and not a new selection step.
categorical__TARGET_MONTH_5,0.03204383733714019,Descriptive TRAIN-fitted impurity importance; not causal and not a new selection step.
numeric__CONSUMPTION_LAG2,0.02475254979057297,Descriptive TRAIN-fitted impurity importance; not causal and not a new selection step.
categorical__TARGET_MONTH_6,0.02380311923507096,Descriptive TRAIN-fitted impurity importance; not causal and not a new selection step.
numeric__CONTRACT_LOAD,0.020688635881953066,Descriptive TRAIN-fitted impurity importance; not causal and not a new selection step.
categorical__TARGET_MONTH_3,0.014366365172097053,Descriptive TRAIN-fitted impurity importance; not causal and not a new selection step.
categorical__TARGET_MONTH_7,0.011866049244186236,Descriptive TRAIN-fitted impurity importance; not causal and not a new selection step.
categorical__TARGET_MONTH_8,0.005763193175738172,Descriptive TRAIN-fitted impurity importance; not causal and not a new selection step.
categorical__TARGET_MONTH_10,0.0023863282423104686,Descriptive TRAIN-fitted impurity importance; not causal and not a new selection step.
categorical__TARRIF_TMP,0.0021215818842471494,Descriptive TRAIN-fitted impurity importance; not causal and not a new selection step.
categorical__TARGET_MONTH_4,0.0012375941608578458,Descriptive TRAIN-fitted impurity importance; not causal and not a new selection step.
categorical__TARGET_MONTH_12,0.00012622595352916927,Descriptive TRAIN-fitted impurity importance; not causal and not a new selection step.
categorical__TARGET_MONTH_9,6.045395306056522e-17,Descriptive TRAIN-fitted impurity importance; not causal and not a new selection step.
categorical__TARRIF_NRGP,2.3088038960490644e-17,Descriptive TRAIN-fitted impurity importance; not causal and not a new selection step.
categorical__TARGET_MONTH_2,0.0,Descriptive TRAIN-fitted impurity importance; not causal and not a new selection step.
categorical__TARGET_MONTH_1,0.0,Descriptive TRAIN-fitted impurity importance; not causal and not a new selection step.
categorical__TARGET_MONTH_11,0.0,Descriptive TRAIN-fitted impurity importance; not causal and not a new selection step.
categorical__TARRIF_DTR,0.0,Descriptive TRAIN-fitted impurity importance; not causal and not a new selection step.
categorical__TARRIF_A2,0.0,Descriptive TRAIN-fitted impurity importance; not causal and not a new selection step.
categorical__TARRIF_GLP.SL,0.0,Descriptive TRAIN-fitted impurity importance; not causal and not a new selection step.
categorical__TARRIF_GLP,0.0,Descriptive TRAIN-fitted impurity importance; not causal and not a new selection step.
categorical__TARRIF_LTMD,0.0,Descriptive TRAIN-fitted impurity importance; not causal and not a new selection step.
categorical__TARRIF_RGPU,0.0,Descriptive TRAIN-fitted impurity importance; not causal and not a new selection step.
categorical__SOLAR_CONSUMER_N,0.0,Descriptive TRAIN-fitted impurity importance; not causal and not a new selection step.
categorical__SOLAR_CONSUMER_Y,0.0,Descriptive TRAIN-fitted impurity importance; not causal and not a new selection step.
