configuration,algorithm,class_weight,hyperparameters,features,TRAIN_sample_count,TRAIN_Accuracy,TRAIN_ROC_AUC,TRAIN_AP,TRAIN_class_0_count,TRAIN_class_0_percent,TRAIN_Precision_0,TRAIN_Recall_0,TRAIN_F1_0,TRAIN_class_1_count,TRAIN_class_1_percent,TRAIN_Precision_1,TRAIN_Recall_1,TRAIN_F1_1,TRAIN_true_0_predicted_0,TRAIN_true_0_predicted_1,TRAIN_true_1_predicted_0,TRAIN_true_1_predicted_1,VALIDATION_sample_count,VALIDATION_Accuracy,VALIDATION_ROC_AUC,VALIDATION_AP,VALIDATION_class_0_count,VALIDATION_class_0_percent,VALIDATION_Precision_0,VALIDATION_Recall_0,VALIDATION_F1_0,VALIDATION_class_1_count,VALIDATION_class_1_percent,VALIDATION_Precision_1,VALIDATION_Recall_1,VALIDATION_F1_1,VALIDATION_true_0_predicted_0,VALIDATION_true_0_predicted_1,VALIDATION_true_1_predicted_0,VALIDATION_true_1_predicted_1,VALIDATION_minus_TRAIN_Accuracy,VALIDATION_minus_TRAIN_ROC_AUC,VALIDATION_minus_TRAIN_AP,VALIDATION_minus_TRAIN_Precision_0,VALIDATION_minus_TRAIN_Recall_0,VALIDATION_minus_TRAIN_F1_0,VALIDATION_minus_TRAIN_Precision_1,VALIDATION_minus_TRAIN_Recall_1,VALIDATION_minus_TRAIN_F1_1
TRAIN-majority,Constant baseline,None,TRAIN majority=0; TRAIN Class-1 prevalence=0.0705697622252131,None,44580,0.929430237774787,0.5,0.0705697622252131,41434,92.94302377747869,0.929430237774787,1.0,0.9634245587927547,3146,7.05697622252131,0.0,0.0,0.0,41434,0,3146,0,12367,0.937171504811191,0.5,0.06282849518880892,11590,93.7171504811191,0.937171504811191,1.0,0.9675668906791335,777,6.282849518880893,0.0,0.0,0.0,11590,0,777,0,0.007741267036404098,0.0,-0.007741267036404181,0.007741267036404098,0.0,0.004142331886378803,0.0,0.0,0.0
DT-1,Decision Tree,None,"{'ccp_alpha': 0.0, 'class_weight': None, 'criterion': 'gini', 'max_depth': 3, 'max_features': None, 'max_leaf_nodes': None, 'min_impurity_decrease': 0.0, 'min_samples_leaf': 1, 'min_samples_split': 2, 'min_weight_fraction_leaf': 0.0, 'monotonic_cst': None, 'random_state': 42, 'splitter': 'best'}",CURRENT_CONSUMPTION; CONSUMPTION_LAG1; CONSUMPTION_LAG2; CONSUMPTION_LAG3; RECENT_MEAN_3; RECENT_STD_3; CONSUMPTION_TREND_3; SAME_MONTH_LAST_YEAR; TARGET_MONTH; CONTRACT_LOAD; TARRIF; SOLAR_CONSUMER,44580,0.9294526693584567,0.6583061416986783,0.11531626416135152,41434,92.94302377747869,0.9294896242288279,0.9999517304629049,0.96343405922636,3146,7.05697622252131,0.6,0.0009535918626827717,0.001904157410345922,41432,2,3143,3,12367,0.937171504811191,0.6769754470358439,0.11870027390088267,11590,93.7171504811191,0.937171504811191,1.0,0.9675668906791335,777,6.282849518880893,0.0,0.0,0.0,11590,0,777,0,0.0077188354527343295,0.018669305337165598,0.003384009739531152,0.0076818805823631875,4.826953709513582e-05,0.004132831452773433,-0.6,-0.0009535918626827717,-0.001904157410345922
DT-2,Decision Tree,None,"{'ccp_alpha': 0.0, 'class_weight': None, 'criterion': 'gini', 'max_depth': 5, 'max_features': None, 'max_leaf_nodes': None, 'min_impurity_decrease': 0.0, 'min_samples_leaf': 1, 'min_samples_split': 2, 'min_weight_fraction_leaf': 0.0, 'monotonic_cst': None, 'random_state': 42, 'splitter': 'best'}",CURRENT_CONSUMPTION; CONSUMPTION_LAG1; CONSUMPTION_LAG2; CONSUMPTION_LAG3; RECENT_MEAN_3; RECENT_STD_3; CONSUMPTION_TREND_3; SAME_MONTH_LAST_YEAR; TARGET_MONTH; CONTRACT_LOAD; TARRIF; SOLAR_CONSUMER,44580,0.9295199641094661,0.7196675824581322,0.16888609268381996,41434,92.94302377747869,0.929513639626705,1.0,0.9634693640274387,3146,7.05697622252131,1.0,0.0012714558169103624,0.0025396825396825397,41434,0,3142,4,12367,0.937171504811191,0.6774994642121476,0.13508617623491695,11590,93.7171504811191,0.937171504811191,1.0,0.9675668906791335,777,6.282849518880893,0.0,0.0,0.0,11590,0,777,0,0.007651540701724913,-0.042168118245984654,-0.03379991644890301,0.007657865184486079,0.0,0.004097526651694827,-1.0,-0.0012714558169103624,-0.0025396825396825397
DT-3,Decision Tree,None,"{'ccp_alpha': 0.0, 'class_weight': None, 'criterion': 'gini', 'max_depth': 8, 'max_features': None, 'max_leaf_nodes': None, 'min_impurity_decrease': 0.0, 'min_samples_leaf': 1, 'min_samples_split': 2, 'min_weight_fraction_leaf': 0.0, 'monotonic_cst': None, 'random_state': 42, 'splitter': 'best'}",CURRENT_CONSUMPTION; CONSUMPTION_LAG1; CONSUMPTION_LAG2; CONSUMPTION_LAG3; RECENT_MEAN_3; RECENT_STD_3; CONSUMPTION_TREND_3; SAME_MONTH_LAST_YEAR; TARGET_MONTH; CONTRACT_LOAD; TARRIF; SOLAR_CONSUMER,44580,0.9347016599371916,0.7795636377076959,0.31154867639220984,41434,92.94302377747869,0.9367389973471193,0.9970796930057441,0.9659679436968797,3146,7.05697622252131,0.7463312368972747,0.11315956770502225,0.19652221915539608,41313,121,2790,356,12367,0.926578798415137,0.672092448667082,0.16192369059002246,11590,93.7171504811191,0.9447868087941372,0.9788610871440897,0.9615221628951606,777,6.282849518880893,0.31754874651810583,0.14671814671814673,0.2007042253521127,11345,245,663,114,-0.008122861522054547,-0.10747118904061392,-0.1496249858021874,0.008047811447017938,-0.018218605861654358,-0.00444578080171909,-0.4287824903791688,0.03355857901312448,0.004182006196716603
DT-4,Decision Tree,None,"{'ccp_alpha': 0.0, 'class_weight': None, 'criterion': 'gini', 'max_depth': None, 'max_features': None, 'max_leaf_nodes': None, 'min_impurity_decrease': 0.0, 'min_samples_leaf': 1, 'min_samples_split': 2, 'min_weight_fraction_leaf': 0.0, 'monotonic_cst': None, 'random_state': 42, 'splitter': 'best'}",CURRENT_CONSUMPTION; CONSUMPTION_LAG1; CONSUMPTION_LAG2; CONSUMPTION_LAG3; RECENT_MEAN_3; RECENT_STD_3; CONSUMPTION_TREND_3; SAME_MONTH_LAST_YEAR; TARGET_MONTH; CONTRACT_LOAD; TARRIF; SOLAR_CONSUMER,44580,1.0,1.0,1.0,41434,92.94302377747869,1.0,1.0,1.0,3146,7.05697622252131,1.0,1.0,1.0,41434,0,0,3146,12367,0.8748281717473922,0.5790058886693916,0.08701341507736043,11590,93.7171504811191,0.9474247014792372,0.9173425366695427,0.932140978432404,777,6.282849518880893,0.1633187772925764,0.24066924066924067,0.19458896982310095,10632,958,590,187,-0.12517182825260775,-0.4209941113306084,-0.9129865849226395,-0.052575298520762814,-0.08265746333045731,-0.06785902156759605,-0.8366812227074236,-0.7593307593307593,-0.8054110301768991
RF-1,Random Forest,None,"{'bootstrap': True, 'ccp_alpha': 0.0, 'class_weight': None, 'criterion': 'gini', 'max_depth': 5, 'max_features': 'sqrt', 'max_leaf_nodes': None, 'max_samples': None, 'min_impurity_decrease': 0.0, 'min_samples_leaf': 1, 'min_samples_split': 2, 'min_weight_fraction_leaf': 0.0, 'monotonic_cst': None, 'n_estimators': 100, 'n_jobs': -1, 'oob_score': False, 'random_state': 42, 'verbose': 0, 'warm_start': False}",CURRENT_CONSUMPTION; CONSUMPTION_LAG1; CONSUMPTION_LAG2; CONSUMPTION_LAG3; RECENT_MEAN_3; RECENT_STD_3; CONSUMPTION_TREND_3; SAME_MONTH_LAST_YEAR; TARGET_MONTH; CONTRACT_LOAD; TARRIF; SOLAR_CONSUMER,44580,0.929430237774787,0.750652263983981,0.25861159530284716,41434,92.94302377747869,0.929430237774787,1.0,0.9634245587927547,3146,7.05697622252131,0.0,0.0,0.0,41434,0,3146,0,12367,0.937171504811191,0.7427963462044567,0.237447432964028,11590,93.7171504811191,0.937171504811191,1.0,0.9675668906791335,777,6.282849518880893,0.0,0.0,0.0,11590,0,777,0,0.007741267036404098,-0.007855917779524324,-0.021164162338819154,0.007741267036404098,0.0,0.004142331886378803,0.0,0.0,0.0
RF-2,Random Forest,None,"{'bootstrap': True, 'ccp_alpha': 0.0, 'class_weight': None, 'criterion': 'gini', 'max_depth': 10, 'max_features': 'sqrt', 'max_leaf_nodes': None, 'max_samples': None, 'min_impurity_decrease': 0.0, 'min_samples_leaf': 1, 'min_samples_split': 2, 'min_weight_fraction_leaf': 0.0, 'monotonic_cst': None, 'n_estimators': 100, 'n_jobs': -1, 'oob_score': False, 'random_state': 42, 'verbose': 0, 'warm_start': False}",CURRENT_CONSUMPTION; CONSUMPTION_LAG1; CONSUMPTION_LAG2; CONSUMPTION_LAG3; RECENT_MEAN_3; RECENT_STD_3; CONSUMPTION_TREND_3; SAME_MONTH_LAST_YEAR; TARGET_MONTH; CONTRACT_LOAD; TARRIF; SOLAR_CONSUMER,44580,0.9306639748766263,0.8942917160421888,0.5015509563530972,41434,92.94302377747869,0.9305783267827064,1.0,0.9640409962889285,3146,7.05697622252131,1.0,0.017482517482517484,0.03436426116838488,41434,0,3091,55,12367,0.9386269911862214,0.7493788747455702,0.24026467566921322,11590,93.7171504811191,0.9386085688831295,0.9999137187230371,0.9682917658854493,777,6.282849518880893,0.95,0.02445302445302445,0.04767879548306148,11589,1,758,19,0.007963016309595061,-0.14491284129661863,-0.261286280683884,0.008030242100423135,-8.628127696286292e-05,0.00425076959652082,-0.050000000000000044,0.006970506970506968,0.0133145343146766
RF-3,Random Forest,None,"{'bootstrap': True, 'ccp_alpha': 0.0, 'class_weight': None, 'criterion': 'gini', 'max_depth': 10, 'max_features': 'sqrt', 'max_leaf_nodes': None, 'max_samples': None, 'min_impurity_decrease': 0.0, 'min_samples_leaf': 1, 'min_samples_split': 2, 'min_weight_fraction_leaf': 0.0, 'monotonic_cst': None, 'n_estimators': 200, 'n_jobs': -1, 'oob_score': False, 'random_state': 42, 'verbose': 0, 'warm_start': False}",CURRENT_CONSUMPTION; CONSUMPTION_LAG1; CONSUMPTION_LAG2; CONSUMPTION_LAG3; RECENT_MEAN_3; RECENT_STD_3; CONSUMPTION_TREND_3; SAME_MONTH_LAST_YEAR; TARGET_MONTH; CONTRACT_LOAD; TARRIF; SOLAR_CONSUMER,44580,0.9305518169582773,0.8972223489736556,0.4999443255289953,41434,92.94302377747869,0.9304738378621155,1.0,0.9639849239216416,3146,7.05697622252131,1.0,0.01589319771137953,0.03128911138923655,41434,0,3096,50,12367,0.9382226894153797,0.752941725159154,0.23645258601516733,11590,93.7171504811191,0.9382286269430051,0.9999137187230371,0.9680895497452177,777,6.282849518880893,0.9333333333333333,0.018018018018018018,0.03535353535353535,11589,1,763,14,0.007670872457102407,-0.14428062381450157,-0.263491739513828,0.007754789080889668,-8.628127696286292e-05,0.004104625823576069,-0.06666666666666665,0.0021248203066384884,0.004064423964298805
RF-4,Random Forest,None,"{'bootstrap': True, 'ccp_alpha': 0.0, 'class_weight': None, 'criterion': 'gini', 'max_depth': None, 'max_features': 'sqrt', 'max_leaf_nodes': None, 'max_samples': None, 'min_impurity_decrease': 0.0, 'min_samples_leaf': 1, 'min_samples_split': 2, 'min_weight_fraction_leaf': 0.0, 'monotonic_cst': None, 'n_estimators': 200, 'n_jobs': -1, 'oob_score': False, 'random_state': 42, 'verbose': 0, 'warm_start': False}",CURRENT_CONSUMPTION; CONSUMPTION_LAG1; CONSUMPTION_LAG2; CONSUMPTION_LAG3; RECENT_MEAN_3; RECENT_STD_3; CONSUMPTION_TREND_3; SAME_MONTH_LAST_YEAR; TARGET_MONTH; CONTRACT_LOAD; TARRIF; SOLAR_CONSUMER,44580,1.0,1.0,1.0,41434,92.94302377747869,1.0,1.0,1.0,3146,7.05697622252131,1.0,1.0,1.0,41434,0,0,3146,12367,0.9345031131236354,0.7314073842115257,0.20161892509186438,11590,93.7171504811191,0.9412246234446627,0.9920621225194133,0.9659749642947156,777,6.282849518880893,0.39072847682119205,0.07593307593307594,0.1271551724137931,11498,92,718,59,-0.06549688687636457,-0.26859261578847426,-0.7983810749081356,-0.058775376555337266,-0.00793787748058672,-0.03402503570528437,-0.609271523178808,-0.924066924066924,-0.8728448275862069
DT-3-balanced,Decision Tree,balanced,"{'ccp_alpha': 0.0, 'class_weight': 'balanced', 'criterion': 'gini', 'max_depth': 8, 'max_features': None, 'max_leaf_nodes': None, 'min_impurity_decrease': 0.0, 'min_samples_leaf': 1, 'min_samples_split': 2, 'min_weight_fraction_leaf': 0.0, 'monotonic_cst': None, 'random_state': 42, 'splitter': 'best'}",CURRENT_CONSUMPTION; CONSUMPTION_LAG1; CONSUMPTION_LAG2; CONSUMPTION_LAG3; RECENT_MEAN_3; RECENT_STD_3; CONSUMPTION_TREND_3; SAME_MONTH_LAST_YEAR; TARGET_MONTH; CONTRACT_LOAD; TARRIF; SOLAR_CONSUMER,44580,0.7082996859578287,0.7988723884776533,0.2643076969280957,41434,92.94302377747869,0.972102291597476,0.7064246753873631,0.8182377278318238,3146,7.05697622252131,0.159364201796821,0.7329942784488239,0.26180744777475023,29270,12164,840,2306,12367,0.7593595859949867,0.7012290362592347,0.16088580818020437,11590,93.7171504811191,0.9604447295274748,0.7751509922346851,0.8579067990832697,777,6.282849518880893,0.13508131430467973,0.5238095238095238,0.21477572559366753,8984,2606,370,407,0.05105990003715799,-0.09764335221841858,-0.10342188874789132,-0.011657562070001126,0.068726316847322,0.03966907125144592,-0.024282887492141275,-0.20918475463930009,-0.0470317221810827
RF-4-balanced,Random Forest,balanced,"{'bootstrap': True, 'ccp_alpha': 0.0, 'class_weight': 'balanced', 'criterion': 'gini', 'max_depth': None, 'max_features': 'sqrt', 'max_leaf_nodes': None, 'max_samples': None, 'min_impurity_decrease': 0.0, 'min_samples_leaf': 1, 'min_samples_split': 2, 'min_weight_fraction_leaf': 0.0, 'monotonic_cst': None, 'n_estimators': 200, 'n_jobs': -1, 'oob_score': False, 'random_state': 42, 'verbose': 0, 'warm_start': False}",CURRENT_CONSUMPTION; CONSUMPTION_LAG1; CONSUMPTION_LAG2; CONSUMPTION_LAG3; RECENT_MEAN_3; RECENT_STD_3; CONSUMPTION_TREND_3; SAME_MONTH_LAST_YEAR; TARGET_MONTH; CONTRACT_LOAD; TARRIF; SOLAR_CONSUMER,44580,0.9995065051592642,1.0,1.0,41434,92.94302377747869,1.0,0.9994690350919535,0.999734447046327,3146,7.05697622252131,0.9930555555555556,1.0,0.9965156794425087,41412,22,0,3146,12367,0.9158243713107463,0.7400160236657215,0.19040037955164682,11590,93.7171504811191,0.9473327113900433,0.9637618636755824,0.955476669090287,777,6.282849518880893,0.2708333333333333,0.20077220077220076,0.23059866962305986,11170,420,621,156,-0.08368213384851786,-0.2599839763342785,-0.8095996204483532,-0.05266728860995673,-0.03570717141637114,-0.04425777795604002,-0.7222222222222223,-0.7992277992277992,-0.7659170098194489
