configuration,algorithm,features,hyperparameters,TRAIN_sample_count,TRAIN_MAE,TRAIN_RMSE,TRAIN_R2,VALIDATION_sample_count,VALIDATION_MAE,VALIDATION_RMSE,VALIDATION_R2,VALIDATION_minus_TRAIN_MAE,VALIDATION_minus_TRAIN_RMSE,VALIDATION_minus_TRAIN_R2
Persistence,Persistence baseline,CURRENT_CONSUMPTION,None; no fitting,48692,163.53647211040828,1105.9036127890167,0.8185422921013439,12398,166.96088078722374,965.2156452995137,0.8489914938593401,3.4244086768154602,-140.68796748950308,0.030449201757996258
MLR-1,Multiple Linear Regression,CURRENT_CONSUMPTION; CONSUMPTION_LAG1; CONSUMPTION_LAG2; CONSUMPTION_LAG3,LinearRegression defaults; no scaling,48692,173.16396364516848,1077.4755738843114,0.8277513867006832,12398,172.8573856312473,950.9658706810656,0.8534173505520789,-0.30657801392118245,-126.50970320324586,0.025665963851395746
MLR-2,Multiple Linear Regression,CURRENT_CONSUMPTION; CONSUMPTION_LAG1; CONSUMPTION_LAG2; CONSUMPTION_LAG3; RECENT_MEAN_3; RECENT_STD_3; CONSUMPTION_TREND_3,LinearRegression defaults; no scaling,48692,166.36734760081407,1067.2859255021463,0.8309938798711836,12398,169.52449681100745,953.1306138193984,0.8527492404652705,3.1571492101933814,-114.15531168274788,0.021755360594086892
MLR-3,Multiple Linear Regression,CURRENT_CONSUMPTION; CONSUMPTION_LAG1; CONSUMPTION_LAG2; CONSUMPTION_LAG3; RECENT_MEAN_3; RECENT_STD_3; CONSUMPTION_TREND_3; SAME_MONTH_LAST_YEAR; TARGET_MONTH,LinearRegression defaults; no scaling,48692,161.4198642912547,1064.1688654050215,0.8319796193904079,12398,165.21928964380191,946.8348840855639,0.8546880917391138,3.7994253525472175,-117.33398131945762,0.022708472348705877
MLR-4,Multiple Linear Regression,CURRENT_CONSUMPTION; CONSUMPTION_LAG1; CONSUMPTION_LAG2; CONSUMPTION_LAG3; RECENT_MEAN_3; RECENT_STD_3; CONSUMPTION_TREND_3; SAME_MONTH_LAST_YEAR; TARGET_MONTH; CONTRACT_LOAD; TARRIF; SOLAR_CONSUMER,LinearRegression defaults; no scaling,48692,146.8178093069664,1044.6610861774752,0.8380832783605017,12398,152.90659538566004,921.186397147405,0.862454071876219,6.08878607869363,-123.47468903007018,0.02437079351571736
RF-1,Random Forest Regressor,CURRENT_CONSUMPTION; CONSUMPTION_LAG1; CONSUMPTION_LAG2; CONSUMPTION_LAG3; RECENT_MEAN_3; RECENT_STD_3; CONSUMPTION_TREND_3; SAME_MONTH_LAST_YEAR; TARGET_MONTH; CONTRACT_LOAD; TARRIF; SOLAR_CONSUMER,n_estimators=100; max_depth=5; random_state=42; n_jobs=-1; other sklearn defaults,48692,148.61080222734276,955.9450860201913,0.8644165260701364,12398,159.91465736992754,947.9105679015616,0.8543577311639785,11.30385514258478,-8.034518118629649,-0.010058794906157908
RF-2,Random Forest Regressor,CURRENT_CONSUMPTION; CONSUMPTION_LAG1; CONSUMPTION_LAG2; CONSUMPTION_LAG3; RECENT_MEAN_3; RECENT_STD_3; CONSUMPTION_TREND_3; SAME_MONTH_LAST_YEAR; TARGET_MONTH; CONTRACT_LOAD; TARRIF; SOLAR_CONSUMER,n_estimators=100; max_depth=10; random_state=42; n_jobs=-1; other sklearn defaults,48692,117.26781918013923,622.162470588125,0.9425687210048974,12398,157.0010645101325,971.2836818863365,0.8470868304142463,39.73324532999327,349.1212112982115,-0.09548189059065115
RF-3,Random Forest Regressor,CURRENT_CONSUMPTION; CONSUMPTION_LAG1; CONSUMPTION_LAG2; CONSUMPTION_LAG3; RECENT_MEAN_3; RECENT_STD_3; CONSUMPTION_TREND_3; SAME_MONTH_LAST_YEAR; TARGET_MONTH; CONTRACT_LOAD; TARRIF; SOLAR_CONSUMER,n_estimators=200; max_depth=10; random_state=42; n_jobs=-1; other sklearn defaults,48692,116.59763001727411,619.297599746459,0.9430964107690296,12398,156.12933033460052,969.3944541026639,0.8476811096313487,39.53170031732641,350.09685435620486,-0.09541530113768093
RF-4,Random Forest Regressor,CURRENT_CONSUMPTION; CONSUMPTION_LAG1; CONSUMPTION_LAG2; CONSUMPTION_LAG3; RECENT_MEAN_3; RECENT_STD_3; CONSUMPTION_TREND_3; SAME_MONTH_LAST_YEAR; TARGET_MONTH; CONTRACT_LOAD; TARRIF; SOLAR_CONSUMER,n_estimators=200; max_depth=None; random_state=42; n_jobs=-1; other sklearn defaults,48692,59.79864861784272,412.7909839209164,0.9747185910954551,12398,165.53652415136085,992.1297053679659,0.8404526439156982,105.73787553351812,579.3387214470495,-0.13426594717975693
