configuration,stage,fit_rows,feature,statistic,value
MLR-1,TRAIN_ONLY,48692,CURRENT_CONSUMPTION,numeric median,170.5
MLR-1,TRAIN_ONLY,48692,CONSUMPTION_LAG1,numeric median,172.1
MLR-1,TRAIN_ONLY,48692,CONSUMPTION_LAG2,numeric median,174.3
MLR-1,TRAIN_ONLY,48692,CONSUMPTION_LAG3,numeric median,176.7
MLR-2,TRAIN_ONLY,48692,CURRENT_CONSUMPTION,numeric median,170.5
MLR-2,TRAIN_ONLY,48692,CONSUMPTION_LAG1,numeric median,172.1
MLR-2,TRAIN_ONLY,48692,CONSUMPTION_LAG2,numeric median,174.3
MLR-2,TRAIN_ONLY,48692,CONSUMPTION_LAG3,numeric median,176.7
MLR-2,TRAIN_ONLY,48692,RECENT_MEAN_3,numeric median,172.23333333333335
MLR-2,TRAIN_ONLY,48692,RECENT_STD_3,numeric median,29.69315296865447
MLR-2,TRAIN_ONLY,48692,CONSUMPTION_TREND_3,numeric median,-5.5
MLR-3,TRAIN_ONLY,48692,CURRENT_CONSUMPTION,numeric median,170.5
MLR-3,TRAIN_ONLY,48692,CONSUMPTION_LAG1,numeric median,172.1
MLR-3,TRAIN_ONLY,48692,CONSUMPTION_LAG2,numeric median,174.3
MLR-3,TRAIN_ONLY,48692,CONSUMPTION_LAG3,numeric median,176.7
MLR-3,TRAIN_ONLY,48692,RECENT_MEAN_3,numeric median,172.23333333333335
MLR-3,TRAIN_ONLY,48692,RECENT_STD_3,numeric median,29.69315296865447
MLR-3,TRAIN_ONLY,48692,CONSUMPTION_TREND_3,numeric median,-5.5
MLR-3,TRAIN_ONLY,48692,SAME_MONTH_LAST_YEAR,numeric median,175.7
MLR-3,TRAIN_ONLY,48692,TARGET_MONTH,category vocabulary,1; 10; 11; 12; 2; 3; 4; 5; 6; 7; 8; 9
MLR-4,TRAIN_ONLY,48692,CURRENT_CONSUMPTION,numeric median,170.5
MLR-4,TRAIN_ONLY,48692,CONSUMPTION_LAG1,numeric median,172.1
MLR-4,TRAIN_ONLY,48692,CONSUMPTION_LAG2,numeric median,174.3
MLR-4,TRAIN_ONLY,48692,CONSUMPTION_LAG3,numeric median,176.7
MLR-4,TRAIN_ONLY,48692,RECENT_MEAN_3,numeric median,172.23333333333335
MLR-4,TRAIN_ONLY,48692,RECENT_STD_3,numeric median,29.69315296865447
MLR-4,TRAIN_ONLY,48692,CONSUMPTION_TREND_3,numeric median,-5.5
MLR-4,TRAIN_ONLY,48692,SAME_MONTH_LAST_YEAR,numeric median,175.7
MLR-4,TRAIN_ONLY,48692,CONTRACT_LOAD,numeric median,2.3
MLR-4,TRAIN_ONLY,48692,TARGET_MONTH,category vocabulary,1; 10; 11; 12; 2; 3; 4; 5; 6; 7; 8; 9
MLR-4,TRAIN_ONLY,48692,TARRIF,category vocabulary,A2; DTR; GLP; GLP.SL; LTMD; NRGP; RGPU; TMP
MLR-4,TRAIN_ONLY,48692,SOLAR_CONSUMER,category vocabulary,N; Y
RF-1,TRAIN_ONLY,48692,CURRENT_CONSUMPTION,numeric median,170.5
RF-1,TRAIN_ONLY,48692,CONSUMPTION_LAG1,numeric median,172.1
RF-1,TRAIN_ONLY,48692,CONSUMPTION_LAG2,numeric median,174.3
RF-1,TRAIN_ONLY,48692,CONSUMPTION_LAG3,numeric median,176.7
RF-1,TRAIN_ONLY,48692,RECENT_MEAN_3,numeric median,172.23333333333335
RF-1,TRAIN_ONLY,48692,RECENT_STD_3,numeric median,29.69315296865447
RF-1,TRAIN_ONLY,48692,CONSUMPTION_TREND_3,numeric median,-5.5
RF-1,TRAIN_ONLY,48692,SAME_MONTH_LAST_YEAR,numeric median,175.7
RF-1,TRAIN_ONLY,48692,CONTRACT_LOAD,numeric median,2.3
RF-1,TRAIN_ONLY,48692,TARGET_MONTH,category vocabulary,1; 10; 11; 12; 2; 3; 4; 5; 6; 7; 8; 9
RF-1,TRAIN_ONLY,48692,TARRIF,category vocabulary,A2; DTR; GLP; GLP.SL; LTMD; NRGP; RGPU; TMP
RF-1,TRAIN_ONLY,48692,SOLAR_CONSUMER,category vocabulary,N; Y
RF-2,TRAIN_ONLY,48692,CURRENT_CONSUMPTION,numeric median,170.5
RF-2,TRAIN_ONLY,48692,CONSUMPTION_LAG1,numeric median,172.1
RF-2,TRAIN_ONLY,48692,CONSUMPTION_LAG2,numeric median,174.3
RF-2,TRAIN_ONLY,48692,CONSUMPTION_LAG3,numeric median,176.7
RF-2,TRAIN_ONLY,48692,RECENT_MEAN_3,numeric median,172.23333333333335
RF-2,TRAIN_ONLY,48692,RECENT_STD_3,numeric median,29.69315296865447
RF-2,TRAIN_ONLY,48692,CONSUMPTION_TREND_3,numeric median,-5.5
RF-2,TRAIN_ONLY,48692,SAME_MONTH_LAST_YEAR,numeric median,175.7
RF-2,TRAIN_ONLY,48692,CONTRACT_LOAD,numeric median,2.3
RF-2,TRAIN_ONLY,48692,TARGET_MONTH,category vocabulary,1; 10; 11; 12; 2; 3; 4; 5; 6; 7; 8; 9
RF-2,TRAIN_ONLY,48692,TARRIF,category vocabulary,A2; DTR; GLP; GLP.SL; LTMD; NRGP; RGPU; TMP
RF-2,TRAIN_ONLY,48692,SOLAR_CONSUMER,category vocabulary,N; Y
RF-3,TRAIN_ONLY,48692,CURRENT_CONSUMPTION,numeric median,170.5
RF-3,TRAIN_ONLY,48692,CONSUMPTION_LAG1,numeric median,172.1
RF-3,TRAIN_ONLY,48692,CONSUMPTION_LAG2,numeric median,174.3
RF-3,TRAIN_ONLY,48692,CONSUMPTION_LAG3,numeric median,176.7
RF-3,TRAIN_ONLY,48692,RECENT_MEAN_3,numeric median,172.23333333333335
RF-3,TRAIN_ONLY,48692,RECENT_STD_3,numeric median,29.69315296865447
RF-3,TRAIN_ONLY,48692,CONSUMPTION_TREND_3,numeric median,-5.5
RF-3,TRAIN_ONLY,48692,SAME_MONTH_LAST_YEAR,numeric median,175.7
RF-3,TRAIN_ONLY,48692,CONTRACT_LOAD,numeric median,2.3
RF-3,TRAIN_ONLY,48692,TARGET_MONTH,category vocabulary,1; 10; 11; 12; 2; 3; 4; 5; 6; 7; 8; 9
RF-3,TRAIN_ONLY,48692,TARRIF,category vocabulary,A2; DTR; GLP; GLP.SL; LTMD; NRGP; RGPU; TMP
RF-3,TRAIN_ONLY,48692,SOLAR_CONSUMER,category vocabulary,N; Y
RF-4,TRAIN_ONLY,48692,CURRENT_CONSUMPTION,numeric median,170.5
RF-4,TRAIN_ONLY,48692,CONSUMPTION_LAG1,numeric median,172.1
RF-4,TRAIN_ONLY,48692,CONSUMPTION_LAG2,numeric median,174.3
RF-4,TRAIN_ONLY,48692,CONSUMPTION_LAG3,numeric median,176.7
RF-4,TRAIN_ONLY,48692,RECENT_MEAN_3,numeric median,172.23333333333335
RF-4,TRAIN_ONLY,48692,RECENT_STD_3,numeric median,29.69315296865447
RF-4,TRAIN_ONLY,48692,CONSUMPTION_TREND_3,numeric median,-5.5
RF-4,TRAIN_ONLY,48692,SAME_MONTH_LAST_YEAR,numeric median,175.7
RF-4,TRAIN_ONLY,48692,CONTRACT_LOAD,numeric median,2.3
RF-4,TRAIN_ONLY,48692,TARGET_MONTH,category vocabulary,1; 10; 11; 12; 2; 3; 4; 5; 6; 7; 8; 9
RF-4,TRAIN_ONLY,48692,TARRIF,category vocabulary,A2; DTR; GLP; GLP.SL; LTMD; NRGP; RGPU; TMP
RF-4,TRAIN_ONLY,48692,SOLAR_CONSUMER,category vocabulary,N; Y
MLR-4,REFIT_ALL_LABELLED,71491,CURRENT_CONSUMPTION,numeric median,168.1
MLR-4,REFIT_ALL_LABELLED,71491,CONSUMPTION_LAG1,numeric median,169.5
MLR-4,REFIT_ALL_LABELLED,71491,CONSUMPTION_LAG2,numeric median,171.1
MLR-4,REFIT_ALL_LABELLED,71491,CONSUMPTION_LAG3,numeric median,172.25
MLR-4,REFIT_ALL_LABELLED,71491,RECENT_MEAN_3,numeric median,169.26666666666668
MLR-4,REFIT_ALL_LABELLED,71491,RECENT_STD_3,numeric median,29.797315315309863
MLR-4,REFIT_ALL_LABELLED,71491,CONSUMPTION_TREND_3,numeric median,-4.09999999999998
MLR-4,REFIT_ALL_LABELLED,71491,SAME_MONTH_LAST_YEAR,numeric median,170.5
MLR-4,REFIT_ALL_LABELLED,71491,CONTRACT_LOAD,numeric median,2.3
MLR-4,REFIT_ALL_LABELLED,71491,TARGET_MONTH,category vocabulary,1; 10; 11; 12; 2; 3; 4; 5; 6; 7; 8; 9
MLR-4,REFIT_ALL_LABELLED,71491,TARRIF,category vocabulary,A2; DTR; GLP; GLP.SL; LTMD; NRGP; RGPU; TMP
MLR-4,REFIT_ALL_LABELLED,71491,SOLAR_CONSUMER,category vocabulary,N; Y
