DUE_DATE_day,Count,Percent_of_eligible
1,2495,3.437633475247661
2,2834,3.9047107289987464
3,3148,4.337342757546949
4,3114,4.290497251271029
5,3125,4.305653150360297
6,3457,4.763085741054575
7,3129,4.3111643863927585
8,3007,4.143071687402692
9,3113,4.289119442262914
10,1278,1.7608399123713472
11,255,0.35134129706940026
12,171,0.23560534038771547
16,2547,3.5092795436696567
17,2863,3.9446671902340897
18,2924,4.0287135397291225
19,2890,3.981868033453203
20,3096,4.265696689124954
21,2312,3.185494426762562
22,2691,3.707684040838259
23,3143,4.3304537125063725
24,3190,4.395210735887791
25,2587,3.5643919039942684
26,3176,4.375921409774177
27,2662,3.6677275796029156
28,3399,4.683172818583888
29,2403,3.310875046501054
30,2189,3.0160239187643807
31,1381,1.9027542402072224
