count,mean,median,std,min,max,group_variable,category,percent_of_monthly_rows
75.0,776.3786666666667,711.3,385.17659070253114,20.9,1934.3,TARRIF,A2,0.10193264290956536
2485.0,976.6255130784708,848.5,777.1115416445657,0.0,9058.9,TARRIF,DTR,3.3773682350702656
72.0,248.72916666666666,208.95,163.97769896251825,110.3,1243.7,TARRIF,GLP,0.09785533719318275
144.0,222.50972222222222,221.55,127.61947552857295,0.0,1065.1,TARRIF,GLP.SL,0.1957106743863655
3581.0,9217.173582798101,8294.6,7085.042541401535,0.0,86238.4,TARRIF,LTMD,4.866943923455381
23189.0,282.3761869852085,245.7,228.23496133950633,0.0,5499.5,TARRIF,NRGP,31.516214085732148
41909.0,138.25730988570473,116.9,116.42365904670818,0.0,3474.6,TARRIF,RGPU,56.95860175595966
2123.0,384.8751295336788,340.3,296.88009531266215,0.0,4402.5,TARRIF,TMP,2.8853733452934303
70574.0,680.0649488480177,165.3,2552.676373156443,0.0,86238.4,SOLAR_CONSUMER,N,95.91725787599555
3004.0,235.09470705725698,203.8,212.89813560903158,2.8,3374.1,SOLAR_CONSUMER,Y,4.082742124004458
