PERIOD,unique_consumers,total_consumption,average_consumption,total_bills,total_payments,total_closing_arrears
2023-04,2000,1301591.2,650.7955999999999,10703101.64,9438531.95,1462238.15
2023-05,2002,1459889.9,729.2157342657342,11901858.7,11304731.98,2247536.74
2023-06,2005,1622474.7,809.2143142144638,13121296.17,12632490.5,2967498.34
2023-07,2008,1456480.1,725.3386952191236,11895671.44,12081070.3,3012785.54
2023-08,2011,1387467.8,689.9392342118349,11417311.65,11345612.76,3350003.28
2023-09,2013,1318189.3,654.8382016890214,10898589.61,11494127.39,2968247.37
2023-10,2016,1393722.7,691.3307043650793,11470303.94,10639029.13,3964824.36
2023-11,2018,1269755.6,629.2148662041626,10570365.84,11547820.98,3151403.94
2023-12,2021,1305365.7,645.9008906481939,10886252.41,10190630.68,4077745.91
2024-01,2023,1227206.8,606.6271873455265,10299611.95,10179212.98,4380037.34
2024-02,2025,1133611.0,559.8079012345679,9583169.91,10961583.7,3172191.65
2024-03,2027,1261191.4,622.1960532807103,10503483.41,11120366.68,2771271.32
2024-04,2030,1354928.1,667.4522660098522,11180376.89,11058479.42,3099777.2
2024-05,2032,1525366.0,750.6722440944882,12432740.37,11564318.43,4200623.06
2024-06,2035,1675816.4,823.4970024570024,13573152.620000001,13695242.73,4290824.78
2024-07,2038,1539665.3,755.4785574092248,12557006.43,12578787.41,4467442.65
2024-08,2040,1444825.5,708.247794117647,11895574.43,11277980.84,5308319.51
2024-09,2042,1410243.5,690.6187561214496,11658295.96,12767490.61,4490247.3
2024-10,2044,1395962.6,682.9562622309198,11541754.26,11798524.98,4456655.04
2024-11,2047,1329886.8,649.676013678554,11077360.32,11572453.51,4194736.43
2024-12,2050,1256171.2,612.7664390243903,10546385.54,10295914.56,4644998.08
2025-01,2053,1187420.8,578.3832440331223,10020541.01,10421650.45,4548635.3100000005
2025-02,2055,1181964.6,575.1652554744526,9984809.97,11642450.92,3193213.32
2025-03,2057,1223671.8,594.881769567331,10263617.52,9689796.72,3941959.68
2025-04,2060,1294039.3,628.1744174757282,10765169.8,10428798.65,4489626.67
2025-05,2062,1441465.9,699.0620271580989,11859301.459999999,12786013.78,3754657.23
2025-06,2065,1545451.1,748.4024697336562,12571708.28,12620501.66,3978907.83
2025-07,2068,1542222.2,745.755415860735,12606850.74,12155362.14,4642750.33
2025-08,2070,1452732.8,701.8032850241547,11989742.27,11911162.83,4966650.2700000005
2025-09,2073,1380860.3,666.1168837433671,11441608.08,12880204.3,3821886.98
2025-10,2076,1405410.8,676.9801541425819,11589176.1,11670588.41,3992312.53
2025-11,2078,1277849.1,614.9418190567854,10669637.57,10502567.790000001,4399592.57
2025-12,2080,1163781.9,559.5105288461538,9807601.15,10335210.9,4078392.82
2026-01,2082,1126537.8,541.0844380403458,9534753.95,9545672.45,4234083.29
2026-02,2085,1118728.6,536.560479616307,9497819.52,9270121.5,4601062.08
2026-03,2087,1289179.6,617.7190225203642,10801807.95,9934912.82,5619082.4
