variable,category,monthly_rows,percent
TARRIF,RGPU,41909,56.95860175595966
TARRIF,NRGP,23189,31.516214085732148
TARRIF,LTMD,3581,4.866943923455381
TARRIF,DTR,2485,3.3773682350702656
TARRIF,TMP,2123,2.8853733452934303
TARRIF,GLP.SL,144,0.1957106743863655
TARRIF,A2,75,0.10193264290956536
TARRIF,GLP,72,0.09785533719318275
SOLAR_CONSUMER,N,70574,95.91725787599555
SOLAR_CONSUMER,Y,3004,4.082742124004458
METER_STATUS,C,71193,96.75854195547582
METER_STATUS,X,959,1.3033787273369757
METER_STATUS,L,769,1.0451493652994102
METER_STATUS,F,594,0.8073065318437577
METER_STATUS,Y,63,0.0856234200440349
