Feature,Module,Type,Definition,Time_reference,Missing_value_rule,Predictor_or_target,Notes
CONSUMER_NO,audit/target,str,Grouping/join key only; never a numeric predictor.,identity,Required; reject missing IDs.,audit only,"t = PERIOD; calendar joins only. Use explicit module predictor lists, never all numeric columns. No feature selection performed."
PERIOD,audit/target,period[M],Feature calendar month t.,t,Required valid YYYY-MM.,audit only,"t = PERIOD; calendar joins only. Use explicit module predictor lists, never all numeric columns. No feature selection performed."
MONTH,audit/target,str,Original source field retained for audit only; never automatically a predictor.,source monthly record; event may be later than t,Original value retained; no imputation.,audit only,"t = PERIOD; calendar joins only. Use explicit module predictor lists, never all numeric columns. No feature selection performed."
YEAR,audit/target,str,Original source field retained for audit only; never automatically a predictor.,source monthly record; event may be later than t,Original value retained; no imputation.,audit only,"t = PERIOD; calendar joins only. Use explicit module predictor lists, never all numeric columns. No feature selection performed."
CONSUMPTION_UNIT,audit/target,str,Original source field retained for audit only; never automatically a predictor.,source monthly record; event may be later than t,Original value retained; no imputation.,audit only,"t = PERIOD; calendar joins only. Use explicit module predictor lists, never all numeric columns. No feature selection performed."
BILL_AMOUNT,Revenue,float64,"Recorded bill amount at t, not the next bill.",t,Missing/nonfinite remains NaN; nonpositive excluded only from ratio/proxy eligibility.,candidate predictor,"t = PERIOD; calendar joins only. Use explicit module predictor lists, never all numeric columns. No feature selection performed."
PAYMENT_AMOUNT,audit/target,str,Original source field retained for audit only; never automatically a predictor.,source monthly record; event may be later than t,Original value retained; no imputation.,audit only,"t = PERIOD; calendar joins only. Use explicit module predictor lists, never all numeric columns. No feature selection performed."
PAYMENT_DATE,audit/target,str,Original source field retained for audit only; never automatically a predictor.,source monthly record; event may be later than t,Original value retained; no imputation.,audit only,"t = PERIOD; calendar joins only. Use explicit module predictor lists, never all numeric columns. No feature selection performed."
DUE_DATE,audit/target,str,Original source field retained for audit only; never automatically a predictor.,source monthly record; event may be later than t,Original value retained; no imputation.,audit only,"t = PERIOD; calendar joins only. Use explicit module predictor lists, never all numeric columns. No feature selection performed."
LAST_PAYDATE,audit/target,str,Original source field retained for audit only; never automatically a predictor.,source monthly record; event may be later than t,Original value retained; no imputation.,audit only,"t = PERIOD; calendar joins only. Use explicit module predictor lists, never all numeric columns. No feature selection performed."
CLOSING_ARREARS,audit/target,str,Original source field retained for audit only; never automatically a predictor.,source monthly record; event may be later than t,Original value retained; no imputation.,audit only,"t = PERIOD; calendar joins only. Use explicit module predictor lists, never all numeric columns. No feature selection performed."
CONNECTION_DATE,audit/target,str,Original source field retained for audit only; never automatically a predictor.,source monthly record; event may be later than t,Original value retained; no imputation.,audit only,"t = PERIOD; calendar joins only. Use explicit module predictor lists, never all numeric columns. No feature selection performed."
CONTRACT_LOAD,Consumption; Revenue; Unusual consumption,float64,Recorded contract load at t.,t,Missing/nonfinite remains NaN.,candidate predictor,"t = PERIOD; calendar joins only. Use explicit module predictor lists, never all numeric columns. No feature selection performed."
TARRIF,Consumption; Revenue; Unusual consumption,str,Recorded source tariff category; spelling preserved.,t,No recoding or imputation.,candidate predictor,"t = PERIOD; calendar joins only. Use explicit module predictor lists, never all numeric columns. No feature selection performed."
SOLAR_CONSUMER,Consumption; Unusual consumption,str,"Recorded solar status at t, never a future status.",t,No recoding or imputation.,candidate predictor,"t = PERIOD; calendar joins only. Use explicit module predictor lists, never all numeric columns. No feature selection performed."
STATUS,audit/target,str,Original source field retained for audit only; never automatically a predictor.,source monthly record; event may be later than t,Original value retained; no imputation.,audit only,"t = PERIOD; calendar joins only. Use explicit module predictor lists, never all numeric columns. No feature selection performed."
BILL_TYPE,audit/target,str,Original source field retained for audit only; never automatically a predictor.,source monthly record; event may be later than t,Original value retained; no imputation.,audit only,"t = PERIOD; calendar joins only. Use explicit module predictor lists, never all numeric columns. No feature selection performed."
FEATURE_CUTOFF_DATE,audit/target,datetime64[us],Last calendar day of feature month.,end of t,Derived from PERIOD.,audit only,"t = PERIOD; calendar joins only. Use explicit module predictor lists, never all numeric columns. No feature selection performed."
TARGET_PERIOD,audit/target,period[M],Exactly PERIOD plus one calendar month.,t+1,Retain even when target unavailable.,audit only,"t = PERIOD; calendar joins only. Use explicit module predictor lists, never all numeric columns. No feature selection performed."
TARGET_MONTH,Consumption; Unusual consumption,int64,"Calendar month number of TARGET_PERIOD, known in advance.",calendar of t+1,Derived from TARGET_PERIOD.,candidate predictor,"t = PERIOD; calendar joins only. Use explicit module predictor lists, never all numeric columns. No feature selection performed."
CURRENT_CONSUMPTION,Consumption; Revenue; Unusual consumption,float64,Consumption recorded at feature month.,t,Invalid/nonfinite/negative quantity remains missing.,candidate predictor,"t = PERIOD; calendar joins only. Use explicit module predictor lists, never all numeric columns. No feature selection performed."
ARREARS_CURRENT,Revenue,float64,CLOSING_ARREARS recorded at feature month.,t,Missing/nonfinite remains NaN.,candidate predictor,"t = PERIOD; calendar joins only. Use explicit module predictor lists, never all numeric columns. No feature selection performed."
PAYMENT_OBSERVED_BY_CUTOFF,audit/target,bool,PAYMENT_DATE present and on/before FEATURE_CUTOFF_DATE.,end of t,False if missing/invalid/future date; audit only.,audit only,"t = PERIOD; calendar joins only. Use explicit module predictor lists, never all numeric columns. No feature selection performed."
PAYMENT_RATIO_CURRENT,Revenue,float64,"PAYMENT_AMOUNT/BILL_AMOUNT only if observed by cutoff, bill positive, amount finite.",on/before end of t,Unavailable payment or invalid bill/amount gives NaN; genuine observed zero stays zero.,candidate predictor,"t = PERIOD; calendar joins only. Use explicit module predictor lists, never all numeric columns. No feature selection performed."
PAYMENT_DELAY_CURRENT,Revenue,float64,"PAYMENT_DATE minus DUE_DATE in days, only for payments observed by cutoff.",on/before end of t,Missing/invalid due date or unobserved payment gives NaN; negative delay retained.,candidate predictor,"t = PERIOD; calendar joins only. Use explicit module predictor lists, never all numeric columns. No feature selection performed."
PAYMENT_RATIO_OUTCOME,audit/target,float64,LABEL ONLY: positive bill and valid deadline; on-time valid amount/bill; no payment by due date gives zero.,bill month due-date outcome,"On-time missing/invalid amount, invalid bill/deadline or invalid nonblank payment date gives NaN.",label construction/audit only,"t = PERIOD; calendar joins only. Use explicit module predictor lists, never all numeric columns. No feature selection performed."
AT_RISK_CURRENT,audit/target,float64,"LABEL ONLY: 1 if PAYMENT_RATIO_OUTCOME < 0.50, otherwise 0 when defined.",bill month due-date outcome,"Undefined outcome stays NaN. Academic proxy, not official default probability.",label construction/audit only,"t = PERIOD; calendar joins only. Use explicit module predictor lists, never all numeric columns. No feature selection performed."
NEGATIVE_TENURE_FLAG,audit/target,bool,Would calculated calendar tenure be negative?,t,Audit flag; negative tenure is never used.,audit only,"t = PERIOD; calendar joins only. Use explicit module predictor lists, never all numeric columns. No feature selection performed."
TENURE_MONTHS,Revenue,int64,"Calendar months from CONNECTION_DATE to PERIOD, not TARGET_PERIOD.",t,Missing/invalid connection or negative result gives NaN.,candidate predictor,"t = PERIOD; calendar joins only. Use explicit module predictor lists, never all numeric columns. No feature selection performed."
CONSUMPTION_LAG1,Consumption; Unusual consumption,float64,Consumption exactly 1 calendar months earlier.,t-1,Missing exact month/value remains NaN.,candidate predictor,"t = PERIOD; calendar joins only. Use explicit module predictor lists, never all numeric columns. No feature selection performed."
CONSUMPTION_LAG2,Consumption; Unusual consumption,float64,Consumption exactly 2 calendar months earlier.,t-2,Missing exact month/value remains NaN.,candidate predictor,"t = PERIOD; calendar joins only. Use explicit module predictor lists, never all numeric columns. No feature selection performed."
CONSUMPTION_LAG3,Consumption; Unusual consumption,float64,Consumption exactly 3 calendar months earlier.,t-3,Missing exact month/value remains NaN.,candidate predictor,"t = PERIOD; calendar joins only. Use explicit module predictor lists, never all numeric columns. No feature selection performed."
SAME_MONTH_LAST_YEAR,Consumption; Unusual consumption,float64,"Consumption at TARGET_PERIOD minus 12; March-2026 uses April-2025, not March-2025.",t-11,Exact consumer/calendar match required.,candidate predictor,"t = PERIOD; calendar joins only. Use explicit module predictor lists, never all numeric columns. No feature selection performed."
PAYMENT_RATIO_LAG1,Revenue,float64,Frozen PAYMENT_RATIO_CURRENT from exact previous calendar month.,"t-1, at its own cutoff",Missing month/ratio remains NaN; no later-payment reconstruction.,candidate predictor,"t = PERIOD; calendar joins only. Use explicit module predictor lists, never all numeric columns. No feature selection performed."
ARREARS_LAG1,Revenue,float64,CLOSING_ARREARS from exact previous month.,t-1,Missing month/value remains NaN.,candidate predictor,"t = PERIOD; calendar joins only. Use explicit module predictor lists, never all numeric columns. No feature selection performed."
PAYMENT_RATIO_LAG2_AUDIT,audit/target,float64,Frozen PAYMENT_RATIO_CURRENT from exact two months earlier; helper for mean3.,"t-2, at its own cutoff",Missing month/ratio remains NaN; not a candidate predictor.,audit only,"t = PERIOD; calendar joins only. Use explicit module predictor lists, never all numeric columns. No feature selection performed."
RECENT_MEAN_3,Consumption; Unusual consumption,float64,"Mean of current consumption, lag1 and lag2.","t, t-1, t-2",All three exact calendar values required.,candidate predictor,"t = PERIOD; calendar joins only. Use explicit module predictor lists, never all numeric columns. No feature selection performed."
RECENT_STD_3,Consumption; Unusual consumption,float64,"Sample standard deviation of current consumption, lag1 and lag2; ddof=1.","t, t-1, t-2",All three exact calendar values required.,candidate predictor,"t = PERIOD; calendar joins only. Use explicit module predictor lists, never all numeric columns. No feature selection performed."
CONSUMPTION_TREND_3,Consumption; Unusual consumption,float64,CURRENT_CONSUMPTION minus CONSUMPTION_LAG2.,t minus t-2,Both endpoints required.,candidate predictor,"t = PERIOD; calendar joins only. Use explicit module predictor lists, never all numeric columns. No feature selection performed."
PAYMENT_RATIO_MEAN3,Revenue,float64,"Mean of frozen current, lag1 and lag2 ratios.","t, t-1, t-2",All three valid ratios required; never fill missing with zero.,candidate predictor,"t = PERIOD; calendar joins only. Use explicit module predictor lists, never all numeric columns. No feature selection performed."
ARREARS_TREND,Revenue,float64,ARREARS_CURRENT minus ARREARS_LAG1.,t minus t-1,Both values required.,candidate predictor,"t = PERIOD; calendar joins only. Use explicit module predictor lists, never all numeric columns. No feature selection performed."
PRIOR_COUNT,audit/target,int64,Number of valid earlier consumption observations for this consumer.,strictly before t,Zero with no history; audit only.,label construction/audit only,"t = PERIOD; calendar joins only. Use explicit module predictor lists, never all numeric columns. No feature selection performed."
PRIOR_MEAN,audit/target,float64,"Mean of all valid earlier consumption observations, excluding current.",strictly before t,NaN with no earlier observations; audit only.,label construction/audit only,"t = PERIOD; calendar joins only. Use explicit module predictor lists, never all numeric columns. No feature selection performed."
PRIOR_STD,audit/target,float64,"Sample standard deviation of valid earlier consumption, ddof=1.",strictly before t,NaN with fewer than two earlier observations; audit only.,label construction/audit only,"t = PERIOD; calendar joins only. Use explicit module predictor lists, never all numeric columns. No feature selection performed."
RULE_Z_CURRENT,audit/target,float64,(CURRENT_CONSUMPTION-PRIOR_MEAN)/PRIOR_STD; at least three valid earlier observations.,t versus strictly earlier history,"NaN if fewer than three prior values, zero/invalid std or invalid current value; never a predictor.",label construction/audit only,"t = PERIOD; calendar joins only. Use explicit module predictor lists, never all numeric columns. No feature selection performed."
ANOMALY_CURRENT,audit/target,float64,"LABEL ONLY: 1 if abs(RULE_Z_CURRENT)>2.5, else 0 when z is defined.",t with strictly earlier history,"Undefined z stays NaN. Academic unusual-consumption proxy, not theft/fraud.",label construction/audit only,"t = PERIOD; calendar joins only. Use explicit module predictor lists, never all numeric columns. No feature selection performed."
CONSUMPTION_NEXT,audit/target,float64,Consumption from exactly TARGET_PERIOD for same consumer.,t+1,No exact next-month value means NaN; target only.,target only,"t = PERIOD; calendar joins only. Use explicit module predictor lists, never all numeric columns. No feature selection performed."
AT_RISK_NEXT,audit/target,float64,AT_RISK_CURRENT from exactly TARGET_PERIOD for same consumer.,t+1 due-date outcome,Missing next month or undefined proxy remains NaN; target only.,target only,"t = PERIOD; calendar joins only. Use explicit module predictor lists, never all numeric columns. No feature selection performed."
ANOMALY_NEXT,audit/target,float64,ANOMALY_CURRENT from exactly TARGET_PERIOD for same consumer.,t+1,Missing next month or undefined proxy remains NaN; target only.,target only,"t = PERIOD; calendar joins only. Use explicit module predictor lists, never all numeric columns. No feature selection performed."
