module,feature,statistical_evidence,domain_relevance,temporal_availability,leakage_assessment,keep_drop_decision,reason
consumption,CURRENT_CONSUMPTION,"Pearson (two-sided; consumer paired means): n=2057, statistic=0.9996, p=0.",Current demand level provides recent consumption context.,"Month t or earlier, as defined in Step 5; monthly snapshot availability assumed.","Step 5 candidate only; no target, identity or label-only audit field. Relevance uses eligible TRAIN only. Source revision timestamps are unavailable.",KEEP - provisional candidate,Combine domain relevance and time-safe availability with exploratory evidence. No p-value-only decision. Actual predictive usefulness and redundancy remain for later model validation.
consumption,CONSUMPTION_LAG1,"Pearson (two-sided; consumer paired means): n=2055, statistic=0.9974, p=0.",One-month history may describe short-term persistence.,"Month t or earlier, as defined in Step 5; monthly snapshot availability assumed.","Step 5 candidate only; no target, identity or label-only audit field. Relevance uses eligible TRAIN only. Source revision timestamps are unavailable.",KEEP - provisional candidate,Combine domain relevance and time-safe availability with exploratory evidence. No p-value-only decision. Actual predictive usefulness and redundancy remain for later model validation.
consumption,CONSUMPTION_LAG2,"Pearson (two-sided; consumer paired means): n=2053, statistic=0.9903, p=0.",Two-month history may describe recent variation.,"Month t or earlier, as defined in Step 5; monthly snapshot availability assumed.","Step 5 candidate only; no target, identity or label-only audit field. Relevance uses eligible TRAIN only. Source revision timestamps are unavailable.",KEEP - provisional candidate,Combine domain relevance and time-safe availability with exploratory evidence. No p-value-only decision. Actual predictive usefulness and redundancy remain for later model validation.
consumption,CONSUMPTION_LAG3,"Pearson (two-sided; consumer paired means): n=2050, statistic=0.9819, p=0.",Three-month history may describe recent variation.,"Month t or earlier, as defined in Step 5; monthly snapshot availability assumed.","Step 5 candidate only; no target, identity or label-only audit field. Relevance uses eligible TRAIN only. Source revision timestamps are unavailable.",KEEP - provisional candidate,Combine domain relevance and time-safe availability with exploratory evidence. No p-value-only decision. Actual predictive usefulness and redundancy remain for later model validation.
consumption,RECENT_MEAN_3,"Pearson (two-sided; consumer paired means): n=2053, statistic=0.9959, p=0.",Recent level over three complete calendar observations.,"Month t or earlier, as defined in Step 5; monthly snapshot availability assumed.","Step 5 candidate only; no target, identity or label-only audit field. Relevance uses eligible TRAIN only. Source revision timestamps are unavailable.",KEEP - provisional candidate,Combine domain relevance and time-safe availability with exploratory evidence. No p-value-only decision. Actual predictive usefulness and redundancy remain for later model validation.
consumption,RECENT_STD_3,"Pearson (two-sided; consumer paired means): n=2053, statistic=0.9171, p=0.",Recent variability over three complete calendar observations.,"Month t or earlier, as defined in Step 5; monthly snapshot availability assumed.","Step 5 candidate only; no target, identity or label-only audit field. Relevance uses eligible TRAIN only. Source revision timestamps are unavailable.",KEEP - provisional candidate,Combine domain relevance and time-safe availability with exploratory evidence. No p-value-only decision. Actual predictive usefulness and redundancy remain for later model validation.
consumption,CONSUMPTION_TREND_3,"Pearson (two-sided; consumer paired means): n=2053, statistic=0.1841, p=4.212e-17.",Recent change relative to two calendar months earlier.,"Month t or earlier, as defined in Step 5; monthly snapshot availability assumed.","Step 5 candidate only; no target, identity or label-only audit field. Relevance uses eligible TRAIN only. Source revision timestamps are unavailable.",KEEP - provisional candidate,Combine domain relevance and time-safe availability with exploratory evidence. No p-value-only decision. Actual predictive usefulness and redundancy remain for later model validation.
consumption,SAME_MONTH_LAST_YEAR,"Pearson (two-sided; consumer paired means): n=2030, statistic=0.7997, p=0.",Target-month-aligned historical consumption provides seasonal context.,t-11 = TARGET_PERIOD minus 12 months; strictly historical.,"Step 5 candidate only; no target, identity or label-only audit field. Relevance uses eligible TRAIN only. Source revision timestamps are unavailable.",KEEP - provisional candidate,Combine domain relevance and time-safe availability with exploratory evidence. No p-value-only decision. Actual predictive usefulness and redundancy remain for later model validation.
consumption,TARGET_MONTH,"Descriptive 1: n=4071, mean=592.9, median=110.7. Descriptive 2: n=4076, mean=565.6, median=104.6. Descriptive 3: n=4080, mean=608.9, median=122.2. Descriptive 4: n=4084, mean=646.5, median=153.1. Descriptive 5: n=4030, mean=740.3, median=211.6. Descriptive 6: n=4034, mean=817.3, median=237.5. Descriptive 7: n=4040, mean=741.3, median=211.6. Descriptive 8: n=4046, mean=698.3, median=180.6. Descriptive 9: n=4051, mean=673.4, median=168.6. Descriptive 10: n=4055, mean=685.7, median=168.2. Descriptive 11: n=4060, mean=640.1, median=145.5. Descriptive 12: n=4065, mean=630, median=125.6.","Known target calendar month provides seasonal context; cyclic, not a linear ordering.",Calendar of t+1 is known at t; contains no future outcome.,"Step 5 candidate only; no target, identity or label-only audit field. Relevance uses eligible TRAIN only. Source revision timestamps are unavailable.",KEEP - provisional candidate,Combine domain relevance and time-safe availability with exploratory evidence. No p-value-only decision. Actual predictive usefulness and redundancy remain for later model validation.
consumption,CONTRACT_LOAD,"Pearson (two-sided; consumer paired means): n=2057, statistic=0.7883, p=0.",Contracted load provides demand-capacity context.,"Month t or earlier, as defined in Step 5; monthly snapshot availability assumed.","Step 5 candidate only; no target, identity or label-only audit field. Relevance uses eligible TRAIN only. Source revision timestamps are unavailable.",KEEP - provisional candidate,Combine domain relevance and time-safe availability with exploratory evidence. No p-value-only decision. Actual predictive usefulness and redundancy remain for later model validation.
consumption,TARRIF,"Descriptive A2: n=48, mean=793.9, median=729.3. Descriptive DTR: n=1645, mean=990.6, median=854.9. Descriptive GLP: n=48, mean=211.5, median=208.2. Descriptive GLP.SL: n=96, mean=238.5, median=232.1. Descriptive LTMD: n=2368, mean=9367, median=8301. Descriptive NRGP: n=15340, mean=283.3, median=245.9. Descriptive RGPU: n=27732, mean=139.4, median=116.8. Descriptive TMP: n=1415, mean=366.7, median=332.6.",Recorded tariff category describes the billing/customer segment.,"Month t or earlier, as defined in Step 5; monthly snapshot availability assumed.","Step 5 candidate only; no target, identity or label-only audit field. Relevance uses eligible TRAIN only. Source revision timestamps are unavailable.",KEEP - provisional candidate,Combine domain relevance and time-safe availability with exploratory evidence. No p-value-only decision. Actual predictive usefulness and redundancy remain for later model validation.
consumption,SOLAR_CONSUMER,"Descriptive N: n=47003, mean=685.1, median=167.3. Descriptive Y: n=1689, mean=242.7, median=212.4.",Current solar status describes a potentially different consumption pattern.,"Month t or earlier, as defined in Step 5; monthly snapshot availability assumed.","Step 5 candidate only; no target, identity or label-only audit field. Relevance uses eligible TRAIN only. Source revision timestamps are unavailable.",KEEP - provisional candidate,Combine domain relevance and time-safe availability with exploratory evidence. No p-value-only decision. Actual predictive usefulness and redundancy remain for later model validation.
revenue,PAYMENT_RATIO_CURRENT,"Descriptive Class 0: n=2454, mean=1.241, median=1.026. Descriptive Class 1: n=10983, mean=1.251, median=1.029.",Payment observed by current cutoff provides recent payment context.,Only payments observed by the applicable feature month-end; historical ratios frozen at their own cutoffs.,"Step 5 candidate only; no target, identity or label-only audit field. Relevance uses eligible TRAIN only. Source revision timestamps are unavailable.",KEEP - provisional candidate,Combine domain relevance and time-safe availability with exploratory evidence. No p-value-only decision. Actual predictive usefulness and redundancy remain for later model validation.
revenue,PAYMENT_RATIO_LAG1,"Descriptive Class 0: n=2247, mean=1.231, median=1.032. Descriptive Class 1: n=10596, mean=1.255, median=1.027.",Prior ratio frozen at its own cutoff describes observable payment history.,Only payments observed by the applicable feature month-end; historical ratios frozen at their own cutoffs.,"Step 5 candidate only; no target, identity or label-only audit field. Relevance uses eligible TRAIN only. Source revision timestamps are unavailable.",KEEP - provisional candidate,Combine domain relevance and time-safe availability with exploratory evidence. No p-value-only decision. Actual predictive usefulness and redundancy remain for later model validation.
revenue,PAYMENT_RATIO_MEAN3,"Descriptive Class 0: n=1299, mean=1.115, median=1.028. Descriptive Class 1: n=4958, mean=1.109, median=1.026.",Complete three-month frozen ratios describe recent payment history.,Only payments observed by the applicable feature month-end; historical ratios frozen at their own cutoffs.,"Step 5 candidate only; no target, identity or label-only audit field. Relevance uses eligible TRAIN only. Source revision timestamps are unavailable.",KEEP - provisional candidate,Combine domain relevance and time-safe availability with exploratory evidence. No p-value-only decision. Actual predictive usefulness and redundancy remain for later model validation.
revenue,PAYMENT_DELAY_CURRENT,"Descriptive Class 0: n=2454, mean=1.457, median=1. Descriptive Class 1: n=10984, mean=3.847, median=4.",Observed payment timing relative to deadline describes payment behaviour.,Only payments observed by the applicable feature month-end; historical ratios frozen at their own cutoffs.,"Step 5 candidate only; no target, identity or label-only audit field. Relevance uses eligible TRAIN only. Source revision timestamps are unavailable.",KEEP - provisional candidate,Combine domain relevance and time-safe availability with exploratory evidence. No p-value-only decision. Actual predictive usefulness and redundancy remain for later model validation.
revenue,ARREARS_CURRENT,"Descriptive Class 0: n=5747, mean=1300, median=44.06. Descriptive Class 1: n=42465, mean=1848, median=52.92.",Recorded month-end outstanding balance provides revenue exposure context.,"Month t or earlier, as defined in Step 5; monthly snapshot availability assumed.","Step 5 candidate only; no target, identity or label-only audit field. Relevance uses eligible TRAIN only. Source revision timestamps are unavailable.",KEEP - provisional candidate,Combine domain relevance and time-safe availability with exploratory evidence. No p-value-only decision. Actual predictive usefulness and redundancy remain for later model validation.
revenue,ARREARS_LAG1,"Descriptive Class 0: n=5469, mean=1545, median=45.56. Descriptive Class 1: n=40686, mean=1808, median=53.23.",Exact previous-month outstanding balance provides historical context.,"Month t or earlier, as defined in Step 5; monthly snapshot availability assumed.","Step 5 candidate only; no target, identity or label-only audit field. Relevance uses eligible TRAIN only. Source revision timestamps are unavailable.",KEEP - provisional candidate,Combine domain relevance and time-safe availability with exploratory evidence. No p-value-only decision. Actual predictive usefulness and redundancy remain for later model validation.
revenue,ARREARS_TREND,"Descriptive Class 0: n=5469, mean=-200.9, median=0. Descriptive Class 1: n=40686, mean=86.69, median=0.",Balance movement describes recent recorded arrears change.,"Month t or earlier, as defined in Step 5; monthly snapshot availability assumed.","Step 5 candidate only; no target, identity or label-only audit field. Relevance uses eligible TRAIN only. Source revision timestamps are unavailable.",KEEP - provisional candidate,Combine domain relevance and time-safe availability with exploratory evidence. No p-value-only decision. Actual predictive usefulness and redundancy remain for later model validation.
revenue,CURRENT_CONSUMPTION,"Descriptive Class 0: n=5747, mean=679.4, median=169.2. Descriptive Class 1: n=42465, mean=676.1, median=172.2.",Current demand level provides recent consumption context.,"Month t or earlier, as defined in Step 5; monthly snapshot availability assumed.","Step 5 candidate only; no target, identity or label-only audit field. Relevance uses eligible TRAIN only. Source revision timestamps are unavailable.",KEEP - provisional candidate,Combine domain relevance and time-safe availability with exploratory evidence. No p-value-only decision. Actual predictive usefulness and redundancy remain for later model validation.
revenue,BILL_AMOUNT,"Descriptive Class 0: n=5747, mean=5609, median=1029. Descriptive Class 1: n=42465, mean=5589, median=1096.",Current bill size provides revenue exposure context.,"Month t or earlier, as defined in Step 5; monthly snapshot availability assumed.","Step 5 candidate only; no target, identity or label-only audit field. Relevance uses eligible TRAIN only. Source revision timestamps are unavailable.",KEEP - provisional candidate,Combine domain relevance and time-safe availability with exploratory evidence. No p-value-only decision. Actual predictive usefulness and redundancy remain for later model validation.
revenue,TENURE_MONTHS,"Descriptive Class 0: n=5747, mean=104.7, median=105. Descriptive Class 1: n=42465, mean=102.3, median=102.",Connection history length provides customer-history context.,"Month t or earlier, as defined in Step 5; monthly snapshot availability assumed.","Step 5 candidate only; no target, identity or label-only audit field. Relevance uses eligible TRAIN only. Source revision timestamps are unavailable.",KEEP - provisional candidate,Combine domain relevance and time-safe availability with exploratory evidence. No p-value-only decision. Actual predictive usefulness and redundancy remain for later model validation.
revenue,TARRIF,SKIPPED: fewer than two observed categories or target classes in the stable-consumer subset.,Recorded tariff category describes the billing/customer segment.,"Month t or earlier, as defined in Step 5; monthly snapshot availability assumed.","Step 5 candidate only; no target, identity or label-only audit field. Relevance uses eligible TRAIN only. Source revision timestamps are unavailable.",KEEP - provisional candidate,Combine domain relevance and time-safe availability with exploratory evidence. No p-value-only decision. Actual predictive usefulness and redundancy remain for later model validation.
revenue,CONTRACT_LOAD,"Descriptive Class 0: n=5747, mean=5.583, median=2.29. Descriptive Class 1: n=42465, mean=5.536, median=2.29.",Contracted load provides demand-capacity context.,"Month t or earlier, as defined in Step 5; monthly snapshot availability assumed.","Step 5 candidate only; no target, identity or label-only audit field. Relevance uses eligible TRAIN only. Source revision timestamps are unavailable.",KEEP - provisional candidate,Combine domain relevance and time-safe availability with exploratory evidence. No p-value-only decision. Actual predictive usefulness and redundancy remain for later model validation.
anomaly,CURRENT_CONSUMPTION,"Descriptive Class 0: n=41434, mean=648.9, median=161.9. Descriptive Class 1: n=3146, mean=931.8, median=220.5.",Current demand level provides recent consumption context.,"Month t or earlier, as defined in Step 5; monthly snapshot availability assumed.","Step 5 candidate only; no target, identity or label-only audit field. Relevance uses eligible TRAIN only. Source revision timestamps are unavailable.",KEEP - provisional candidate,Combine domain relevance and time-safe availability with exploratory evidence. No p-value-only decision. Actual predictive usefulness and redundancy remain for later model validation.
anomaly,CONSUMPTION_LAG1,"Descriptive Class 0: n=41434, mean=665.1, median=168.5. Descriptive Class 1: n=3146, mean=806.3, median=211.6.",One-month history may describe short-term persistence.,"Month t or earlier, as defined in Step 5; monthly snapshot availability assumed.","Step 5 candidate only; no target, identity or label-only audit field. Relevance uses eligible TRAIN only. Source revision timestamps are unavailable.",KEEP - provisional candidate,Combine domain relevance and time-safe availability with exploratory evidence. No p-value-only decision. Actual predictive usefulness and redundancy remain for later model validation.
anomaly,CONSUMPTION_LAG2,"Descriptive Class 0: n=41434, mean=671.1, median=172. Descriptive Class 1: n=3146, mean=779.6, median=204.4.",Two-month history may describe recent variation.,"Month t or earlier, as defined in Step 5; monthly snapshot availability assumed.","Step 5 candidate only; no target, identity or label-only audit field. Relevance uses eligible TRAIN only. Source revision timestamps are unavailable.",KEEP - provisional candidate,Combine domain relevance and time-safe availability with exploratory evidence. No p-value-only decision. Actual predictive usefulness and redundancy remain for later model validation.
anomaly,CONSUMPTION_LAG3,"Descriptive Class 0: n=39697, mean=677.8, median=175.2. Descriptive Class 1: n=2830, mean=764.3, median=196.6.",Three-month history may describe recent variation.,"Month t or earlier, as defined in Step 5; monthly snapshot availability assumed.","Step 5 candidate only; no target, identity or label-only audit field. Relevance uses eligible TRAIN only. Source revision timestamps are unavailable.",KEEP - provisional candidate,Combine domain relevance and time-safe availability with exploratory evidence. No p-value-only decision. Actual predictive usefulness and redundancy remain for later model validation.
anomaly,RECENT_MEAN_3,"Descriptive Class 0: n=41434, mean=661.7, median=168.8. Descriptive Class 1: n=3146, mean=839.2, median=217.",Recent level over three complete calendar observations.,"Month t or earlier, as defined in Step 5; monthly snapshot availability assumed.","Step 5 candidate only; no target, identity or label-only audit field. Relevance uses eligible TRAIN only. Source revision timestamps are unavailable.",KEEP - provisional candidate,Combine domain relevance and time-safe availability with exploratory evidence. No p-value-only decision. Actual predictive usefulness and redundancy remain for later model validation.
anomaly,RECENT_STD_3,"Descriptive Class 0: n=41434, mean=150.2, median=29.55. Descriptive Class 1: n=3146, mean=197.5, median=31.27.",Recent variability over three complete calendar observations.,"Month t or earlier, as defined in Step 5; monthly snapshot availability assumed.","Step 5 candidate only; no target, identity or label-only audit field. Relevance uses eligible TRAIN only. Source revision timestamps are unavailable.",KEEP - provisional candidate,Combine domain relevance and time-safe availability with exploratory evidence. No p-value-only decision. Actual predictive usefulness and redundancy remain for later model validation.
anomaly,CONSUMPTION_TREND_3,"Descriptive Class 0: n=41434, mean=-22.17, median=-6.5. Descriptive Class 1: n=3146, mean=152.2, median=6.5.",Recent change relative to two calendar months earlier.,"Month t or earlier, as defined in Step 5; monthly snapshot availability assumed.","Step 5 candidate only; no target, identity or label-only audit field. Relevance uses eligible TRAIN only. Source revision timestamps are unavailable.",KEEP - provisional candidate,Combine domain relevance and time-safe availability with exploratory evidence. No p-value-only decision. Actual predictive usefulness and redundancy remain for later model validation.
anomaly,SAME_MONTH_LAST_YEAR,"Descriptive Class 0: n=24803, mean=667, median=175. Descriptive Class 1: n=1396, mean=678.8, median=185.8.",Target-month-aligned historical consumption provides seasonal context.,t-11 = TARGET_PERIOD minus 12 months; strictly historical.,"Step 5 candidate only; no target, identity or label-only audit field. Relevance uses eligible TRAIN only. Source revision timestamps are unavailable.",KEEP - provisional candidate,Combine domain relevance and time-safe availability with exploratory evidence. No p-value-only decision. Actual predictive usefulness and redundancy remain for later model validation.
anomaly,TARGET_MONTH,"Descriptive Class 0: n=41434, mean=6.562, median=7. Descriptive Class 1: n=3146, mean=6.878, median=7.","Known target calendar month provides seasonal context; cyclic, not a linear ordering.",Calendar of t+1 is known at t; contains no future outcome.,"Step 5 candidate only; no target, identity or label-only audit field. Relevance uses eligible TRAIN only. Source revision timestamps are unavailable.",KEEP - provisional candidate,Combine domain relevance and time-safe availability with exploratory evidence. No p-value-only decision. Actual predictive usefulness and redundancy remain for later model validation.
anomaly,CONTRACT_LOAD,"Descriptive Class 0: n=41434, mean=5.563, median=2.28. Descriptive Class 1: n=3146, mean=6.282, median=2.59.",Contracted load provides demand-capacity context.,"Month t or earlier, as defined in Step 5; monthly snapshot availability assumed.","Step 5 candidate only; no target, identity or label-only audit field. Relevance uses eligible TRAIN only. Source revision timestamps are unavailable.",KEEP - provisional candidate,Combine domain relevance and time-safe availability with exploratory evidence. No p-value-only decision. Actual predictive usefulness and redundancy remain for later model validation.
anomaly,TARRIF,SKIPPED: fewer than two observed categories or target classes in the stable-consumer subset.,Recorded tariff category describes the billing/customer segment.,"Month t or earlier, as defined in Step 5; monthly snapshot availability assumed.","Step 5 candidate only; no target, identity or label-only audit field. Relevance uses eligible TRAIN only. Source revision timestamps are unavailable.",KEEP - provisional candidate,Combine domain relevance and time-safe availability with exploratory evidence. No p-value-only decision. Actual predictive usefulness and redundancy remain for later model validation.
anomaly,SOLAR_CONSUMER,SKIPPED: fewer than two observed categories or target classes in the stable-consumer subset.,Current solar status describes a potentially different consumption pattern.,"Month t or earlier, as defined in Step 5; monthly snapshot availability assumed.","Step 5 candidate only; no target, identity or label-only audit field. Relevance uses eligible TRAIN only. Source revision timestamps are unavailable.",KEEP - provisional candidate,Combine domain relevance and time-safe availability with exploratory evidence. No p-value-only decision. Actual predictive usefulness and redundancy remain for later model validation.
