module,feature,target,train_target_min,train_target_max,method,sample_size,statistic,degrees_of_freedom,p_value,alpha,group,mean,median,standard_deviation,train_rows,train_consumers,missing_predictor_rows,excluded_consumers,changing_feature_consumers,changing_target_consumers,invalid_category_consumers,minimum_expected,percent_expected_below_5,assumption_check_note,status,interpretation
consumption,CURRENT_CONSUMPTION,CONSUMPTION_NEXT,2023-05,2025-04,Pearson (two-sided; consumer paired means),2057,0.9995581353964866,2055.0,0.0,0.05,,,,,48692,2057,0,0.0,,,,,,"Only complete eligible TRAIN pairs; 48692 paired monthly rows aggregated to one mean per consumer. Unequal history lengths and aggregation lose timing information. Independent consumers are assumed; shared conditions may remain. Missingness, extremes and skewness can influence Pearson r/p. Unadjusted exploratory p-values, not selection thresholds. Zero p is numerical underflow. Consumer-mean skewness: predictor=5.606, target=5.652.",PERFORMED,Positive linear association between consumer TRAIN means; not causal and not a feature-selection rule.
consumption,CONSUMPTION_LAG1,CONSUMPTION_NEXT,2023-05,2025-04,Pearson (two-sided; consumer paired means),2055,0.9973886429889585,2053.0,0.0,0.05,,,,,48692,2057,2057,2.0,,,,,,"Only complete eligible TRAIN pairs; 46635 paired monthly rows aggregated to one mean per consumer. Unequal history lengths and aggregation lose timing information. Independent consumers are assumed; shared conditions may remain. Missingness, extremes and skewness can influence Pearson r/p. Unadjusted exploratory p-values, not selection thresholds. Zero p is numerical underflow. Consumer-mean skewness: predictor=5.666, target=5.797.",PERFORMED,Positive linear association between consumer TRAIN means; not causal and not a feature-selection rule.
consumption,CONSUMPTION_LAG2,CONSUMPTION_NEXT,2023-05,2025-04,Pearson (two-sided; consumer paired means),2053,0.9903429067801433,2051.0,0.0,0.05,,,,,48692,2057,4112,4.0,,,,,,"Only complete eligible TRAIN pairs; 44580 paired monthly rows aggregated to one mean per consumer. Unequal history lengths and aggregation lose timing information. Independent consumers are assumed; shared conditions may remain. Missingness, extremes and skewness can influence Pearson r/p. Unadjusted exploratory p-values, not selection thresholds. Zero p is numerical underflow. Consumer-mean skewness: predictor=5.740, target=5.951.",PERFORMED,Positive linear association between consumer TRAIN means; not causal and not a feature-selection rule.
consumption,CONSUMPTION_LAG3,CONSUMPTION_NEXT,2023-05,2025-04,Pearson (two-sided; consumer paired means),2050,0.9819444243200638,2048.0,0.0,0.05,,,,,48692,2057,6165,7.0,,,,,,"Only complete eligible TRAIN pairs; 42527 paired monthly rows aggregated to one mean per consumer. Unequal history lengths and aggregation lose timing information. Independent consumers are assumed; shared conditions may remain. Missingness, extremes and skewness can influence Pearson r/p. Unadjusted exploratory p-values, not selection thresholds. Zero p is numerical underflow. Consumer-mean skewness: predictor=5.845, target=6.016.",PERFORMED,Positive linear association between consumer TRAIN means; not causal and not a feature-selection rule.
consumption,RECENT_MEAN_3,CONSUMPTION_NEXT,2023-05,2025-04,Pearson (two-sided; consumer paired means),2053,0.9959426505142738,2051.0,0.0,0.05,,,,,48692,2057,4112,4.0,,,,,,"Only complete eligible TRAIN pairs; 44580 paired monthly rows aggregated to one mean per consumer. Unequal history lengths and aggregation lose timing information. Independent consumers are assumed; shared conditions may remain. Missingness, extremes and skewness can influence Pearson r/p. Unadjusted exploratory p-values, not selection thresholds. Zero p is numerical underflow. Consumer-mean skewness: predictor=5.788, target=5.951.",PERFORMED,Positive linear association between consumer TRAIN means; not causal and not a feature-selection rule.
consumption,RECENT_STD_3,CONSUMPTION_NEXT,2023-05,2025-04,Pearson (two-sided; consumer paired means),2053,0.9171114119373964,2051.0,0.0,0.05,,,,,48692,2057,4112,4.0,,,,,,"Only complete eligible TRAIN pairs; 44580 paired monthly rows aggregated to one mean per consumer. Unequal history lengths and aggregation lose timing information. Independent consumers are assumed; shared conditions may remain. Missingness, extremes and skewness can influence Pearson r/p. Unadjusted exploratory p-values, not selection thresholds. Zero p is numerical underflow. Consumer-mean skewness: predictor=8.780, target=5.951.",PERFORMED,Positive linear association between consumer TRAIN means; not causal and not a feature-selection rule.
consumption,CONSUMPTION_TREND_3,CONSUMPTION_NEXT,2023-05,2025-04,Pearson (two-sided; consumer paired means),2053,0.1840651018067777,2051.0,4.211913157733746e-17,0.05,,,,,48692,2057,4112,4.0,,,,,,"Only complete eligible TRAIN pairs; 44580 paired monthly rows aggregated to one mean per consumer. Unequal history lengths and aggregation lose timing information. Independent consumers are assumed; shared conditions may remain. Missingness, extremes and skewness can influence Pearson r/p. Unadjusted exploratory p-values, not selection thresholds. Zero p is numerical underflow. Consumer-mean skewness: predictor=27.591, target=5.951.",PERFORMED,Positive linear association between consumer TRAIN means; not causal and not a feature-selection rule.
consumption,SAME_MONTH_LAST_YEAR,CONSUMPTION_NEXT,2023-05,2025-04,Pearson (two-sided; consumer paired means),2030,0.799744859940983,2028.0,0.0,0.05,,,,,48692,2057,22493,27.0,,,,,,"Only complete eligible TRAIN pairs; 26199 paired monthly rows aggregated to one mean per consumer. Unequal history lengths and aggregation lose timing information. Independent consumers are assumed; shared conditions may remain. Missingness, extremes and skewness can influence Pearson r/p. Unadjusted exploratory p-values, not selection thresholds. Zero p is numerical underflow. Consumer-mean skewness: predictor=6.891, target=7.161.",PERFORMED,Positive linear association between consumer TRAIN means; not causal and not a feature-selection rule.
consumption,TARGET_MONTH,CONSUMPTION_NEXT,2023-05,2025-04,Descriptive,4071,,,,0.05,1,592.8838123311226,110.7,2531.859112671652,48692,2057,0,,,,,,,"Eligible TRAIN monthly rows; repeated consumers allowed for description, not independent inference. TARGET_MONTH is cyclic, so no linear calendar-month test.",DESCRIPTIVE,Target distribution by predictor category; no inferential significance or feature decision.
consumption,TARGET_MONTH,CONSUMPTION_NEXT,2023-05,2025-04,Descriptive,4076,,,,0.05,2,565.5867026496566,104.6,2389.258744634944,48692,2057,0,,,,,,,"Eligible TRAIN monthly rows; repeated consumers allowed for description, not independent inference. TARGET_MONTH is cyclic, so no linear calendar-month test.",DESCRIPTIVE,Target distribution by predictor category; no inferential significance or feature decision.
consumption,TARGET_MONTH,CONSUMPTION_NEXT,2023-05,2025-04,Descriptive,4080,,,,0.05,3,608.8830637254903,122.2,2506.3300420067353,48692,2057,0,,,,,,,"Eligible TRAIN monthly rows; repeated consumers allowed for description, not independent inference. TARGET_MONTH is cyclic, so no linear calendar-month test.",DESCRIPTIVE,Target distribution by predictor category; no inferential significance or feature decision.
consumption,TARGET_MONTH,CONSUMPTION_NEXT,2023-05,2025-04,Descriptive,4084,,,,0.05,4,646.5464495592557,153.05,2390.1387241580132,48692,2057,0,,,,,,,"Eligible TRAIN monthly rows; repeated consumers allowed for description, not independent inference. TARGET_MONTH is cyclic, so no linear calendar-month test.",DESCRIPTIVE,Target distribution by predictor category; no inferential significance or feature decision.
consumption,TARGET_MONTH,CONSUMPTION_NEXT,2023-05,2025-04,Descriptive,4030,,,,0.05,5,740.305682382134,211.6,2617.6156707008395,48692,2057,0,,,,,,,"Eligible TRAIN monthly rows; repeated consumers allowed for description, not independent inference. TARGET_MONTH is cyclic, so no linear calendar-month test.",DESCRIPTIVE,Target distribution by predictor category; no inferential significance or feature decision.
consumption,TARGET_MONTH,CONSUMPTION_NEXT,2023-05,2025-04,Descriptive,4034,,,,0.05,6,817.3048339117502,237.5,3101.708930788068,48692,2057,0,,,,,,,"Eligible TRAIN monthly rows; repeated consumers allowed for description, not independent inference. TARGET_MONTH is cyclic, so no linear calendar-month test.",DESCRIPTIVE,Target distribution by predictor category; no inferential significance or feature decision.
consumption,TARGET_MONTH,CONSUMPTION_NEXT,2023-05,2025-04,Descriptive,4040,,,,0.05,7,741.3312623762375,211.55,2727.409148198895,48692,2057,0,,,,,,,"Eligible TRAIN monthly rows; repeated consumers allowed for description, not independent inference. TARGET_MONTH is cyclic, so no linear calendar-month test.",DESCRIPTIVE,Target distribution by predictor category; no inferential significance or feature decision.
consumption,TARGET_MONTH,CONSUMPTION_NEXT,2023-05,2025-04,Descriptive,4046,,,,0.05,8,698.3104794859121,180.55,2484.5770726995656,48692,2057,0,,,,,,,"Eligible TRAIN monthly rows; repeated consumers allowed for description, not independent inference. TARGET_MONTH is cyclic, so no linear calendar-month test.",DESCRIPTIVE,Target distribution by predictor category; no inferential significance or feature decision.
consumption,TARGET_MONTH,CONSUMPTION_NEXT,2023-05,2025-04,Descriptive,4051,,,,0.05,9,673.358849666749,168.6,2471.7718583879414,48692,2057,0,,,,,,,"Eligible TRAIN monthly rows; repeated consumers allowed for description, not independent inference. TARGET_MONTH is cyclic, so no linear calendar-month test.",DESCRIPTIVE,Target distribution by predictor category; no inferential significance or feature decision.
consumption,TARGET_MONTH,CONSUMPTION_NEXT,2023-05,2025-04,Descriptive,4055,,,,0.05,10,685.6990382244143,168.2,2692.9448520610836,48692,2057,0,,,,,,,"Eligible TRAIN monthly rows; repeated consumers allowed for description, not independent inference. TARGET_MONTH is cyclic, so no linear calendar-month test.",DESCRIPTIVE,Target distribution by predictor category; no inferential significance or feature decision.
consumption,TARGET_MONTH,CONSUMPTION_NEXT,2023-05,2025-04,Descriptive,4060,,,,0.05,11,640.1319211822661,145.5,2473.305875527818,48692,2057,0,,,,,,,"Eligible TRAIN monthly rows; repeated consumers allowed for description, not independent inference. TARGET_MONTH is cyclic, so no linear calendar-month test.",DESCRIPTIVE,Target distribution by predictor category; no inferential significance or feature decision.
consumption,TARGET_MONTH,CONSUMPTION_NEXT,2023-05,2025-04,Descriptive,4065,,,,0.05,12,630.0112915129151,125.6,2683.213831279207,48692,2057,0,,,,,,,"Eligible TRAIN monthly rows; repeated consumers allowed for description, not independent inference. TARGET_MONTH is cyclic, so no linear calendar-month test.",DESCRIPTIVE,Target distribution by predictor category; no inferential significance or feature decision.
consumption,CONTRACT_LOAD,CONSUMPTION_NEXT,2023-05,2025-04,Pearson (two-sided; consumer paired means),2057,0.7883483489226104,2055.0,0.0,0.05,,,,,48692,2057,0,0.0,,,,,,"Only complete eligible TRAIN pairs; 48692 paired monthly rows aggregated to one mean per consumer. Unequal history lengths and aggregation lose timing information. Independent consumers are assumed; shared conditions may remain. Missingness, extremes and skewness can influence Pearson r/p. Unadjusted exploratory p-values, not selection thresholds. Zero p is numerical underflow. Consumer-mean skewness: predictor=5.545, target=5.652.",PERFORMED,Positive linear association between consumer TRAIN means; not causal and not a feature-selection rule.
consumption,TARRIF,CONSUMPTION_NEXT,2023-05,2025-04,Descriptive,48,,,,0.05,A2,793.9479166666666,729.3,439.2778294939651,48692,2057,0,,,,,,,"Eligible TRAIN monthly rows; repeated consumers allowed for description, not independent inference. TARGET_MONTH is cyclic, so no linear calendar-month test.",DESCRIPTIVE,Target distribution by predictor category; no inferential significance or feature decision.
consumption,TARRIF,CONSUMPTION_NEXT,2023-05,2025-04,Descriptive,1645,,,,0.05,DTR,990.5713069908817,854.9,785.2834381000994,48692,2057,0,,,,,,,"Eligible TRAIN monthly rows; repeated consumers allowed for description, not independent inference. TARGET_MONTH is cyclic, so no linear calendar-month test.",DESCRIPTIVE,Target distribution by predictor category; no inferential significance or feature decision.
consumption,TARRIF,CONSUMPTION_NEXT,2023-05,2025-04,Descriptive,48,,,,0.05,GLP,211.52083333333334,208.15,55.13057597922788,48692,2057,0,,,,,,,"Eligible TRAIN monthly rows; repeated consumers allowed for description, not independent inference. TARGET_MONTH is cyclic, so no linear calendar-month test.",DESCRIPTIVE,Target distribution by predictor category; no inferential significance or feature decision.
consumption,TARRIF,CONSUMPTION_NEXT,2023-05,2025-04,Descriptive,96,,,,0.05,GLP.SL,238.54062499999998,232.05,105.02501815043881,48692,2057,0,,,,,,,"Eligible TRAIN monthly rows; repeated consumers allowed for description, not independent inference. TARGET_MONTH is cyclic, so no linear calendar-month test.",DESCRIPTIVE,Target distribution by predictor category; no inferential significance or feature decision.
consumption,TARRIF,CONSUMPTION_NEXT,2023-05,2025-04,Descriptive,2368,,,,0.05,LTMD,9366.631756756757,8300.55,7590.986804235903,48692,2057,0,,,,,,,"Eligible TRAIN monthly rows; repeated consumers allowed for description, not independent inference. TARGET_MONTH is cyclic, so no linear calendar-month test.",DESCRIPTIVE,Target distribution by predictor category; no inferential significance or feature decision.
consumption,TARRIF,CONSUMPTION_NEXT,2023-05,2025-04,Descriptive,15340,,,,0.05,NRGP,283.32765319426335,245.95,226.52901952331194,48692,2057,0,,,,,,,"Eligible TRAIN monthly rows; repeated consumers allowed for description, not independent inference. TARGET_MONTH is cyclic, so no linear calendar-month test.",DESCRIPTIVE,Target distribution by predictor category; no inferential significance or feature decision.
consumption,TARRIF,CONSUMPTION_NEXT,2023-05,2025-04,Descriptive,27732,,,,0.05,RGPU,139.43136088273474,116.8,116.40920893419481,48692,2057,0,,,,,,,"Eligible TRAIN monthly rows; repeated consumers allowed for description, not independent inference. TARGET_MONTH is cyclic, so no linear calendar-month test.",DESCRIPTIVE,Target distribution by predictor category; no inferential significance or feature decision.
consumption,TARRIF,CONSUMPTION_NEXT,2023-05,2025-04,Descriptive,1415,,,,0.05,TMP,366.71872791519434,332.6,236.99589680337047,48692,2057,0,,,,,,,"Eligible TRAIN monthly rows; repeated consumers allowed for description, not independent inference. TARGET_MONTH is cyclic, so no linear calendar-month test.",DESCRIPTIVE,Target distribution by predictor category; no inferential significance or feature decision.
consumption,SOLAR_CONSUMER,CONSUMPTION_NEXT,2023-05,2025-04,Descriptive,47003,,,,0.05,N,685.1207901623301,167.3,2640.789313673154,48692,2057,0,,,,,,,"Eligible TRAIN monthly rows; repeated consumers allowed for description, not independent inference. TARGET_MONTH is cyclic, so no linear calendar-month test.",DESCRIPTIVE,Target distribution by predictor category; no inferential significance or feature decision.
consumption,SOLAR_CONSUMER,CONSUMPTION_NEXT,2023-05,2025-04,Descriptive,1689,,,,0.05,Y,242.72788632326822,212.4,222.2242141633487,48692,2057,0,,,,,,,"Eligible TRAIN monthly rows; repeated consumers allowed for description, not independent inference. TARGET_MONTH is cyclic, so no linear calendar-month test.",DESCRIPTIVE,Target distribution by predictor category; no inferential significance or feature decision.
revenue,PAYMENT_RATIO_CURRENT,AT_RISK_NEXT,2023-05,2025-04,Descriptive,2454,,,,0.05,Class 0,1.2405689842327854,1.0258107997876866,1.6631621666777214,48212,2057,34775,,,,,,,"Nonmissing predictor values in eligible TRAIN monthly rows for this target class. Repeated consumers are not treated as independent for a test. TARGET_MONTH, if present, is cyclic; its numeric summary is descriptive only.",DESCRIPTIVE,Class-specific predictor distribution; no inferential test or automatic feature decision.
revenue,PAYMENT_RATIO_CURRENT,AT_RISK_NEXT,2023-05,2025-04,Descriptive,10983,,,,0.05,Class 1,1.2514173540123306,1.0288678143337875,1.6261547563921488,48212,2057,34775,,,,,,,"Nonmissing predictor values in eligible TRAIN monthly rows for this target class. Repeated consumers are not treated as independent for a test. TARGET_MONTH, if present, is cyclic; its numeric summary is descriptive only.",DESCRIPTIVE,Class-specific predictor distribution; no inferential test or automatic feature decision.
revenue,PAYMENT_RATIO_LAG1,AT_RISK_NEXT,2023-05,2025-04,Descriptive,2247,,,,0.05,Class 0,1.2310800854212762,1.031801548632311,1.5142228956467088,48212,2057,35369,,,,,,,"Nonmissing predictor values in eligible TRAIN monthly rows for this target class. Repeated consumers are not treated as independent for a test. TARGET_MONTH, if present, is cyclic; its numeric summary is descriptive only.",DESCRIPTIVE,Class-specific predictor distribution; no inferential test or automatic feature decision.
revenue,PAYMENT_RATIO_LAG1,AT_RISK_NEXT,2023-05,2025-04,Descriptive,10596,,,,0.05,Class 1,1.2552977689235998,1.02694348262896,1.6925269158171568,48212,2057,35369,,,,,,,"Nonmissing predictor values in eligible TRAIN monthly rows for this target class. Repeated consumers are not treated as independent for a test. TARGET_MONTH, if present, is cyclic; its numeric summary is descriptive only.",DESCRIPTIVE,Class-specific predictor distribution; no inferential test or automatic feature decision.
revenue,PAYMENT_RATIO_MEAN3,AT_RISK_NEXT,2023-05,2025-04,Descriptive,1299,,,,0.05,Class 0,1.114724962792719,1.027767641984888,0.7007080560152905,48212,2057,41955,,,,,,,"Nonmissing predictor values in eligible TRAIN monthly rows for this target class. Repeated consumers are not treated as independent for a test. TARGET_MONTH, if present, is cyclic; its numeric summary is descriptive only.",DESCRIPTIVE,Class-specific predictor distribution; no inferential test or automatic feature decision.
revenue,PAYMENT_RATIO_MEAN3,AT_RISK_NEXT,2023-05,2025-04,Descriptive,4958,,,,0.05,Class 1,1.108670821728652,1.0261009852573384,0.6909338110716068,48212,2057,41955,,,,,,,"Nonmissing predictor values in eligible TRAIN monthly rows for this target class. Repeated consumers are not treated as independent for a test. TARGET_MONTH, if present, is cyclic; its numeric summary is descriptive only.",DESCRIPTIVE,Class-specific predictor distribution; no inferential test or automatic feature decision.
revenue,PAYMENT_DELAY_CURRENT,AT_RISK_NEXT,2023-05,2025-04,Descriptive,2454,,,,0.05,Class 0,1.4568052159739202,1.0,3.830537996469204,48212,2057,34774,,,,,,,"Nonmissing predictor values in eligible TRAIN monthly rows for this target class. Repeated consumers are not treated as independent for a test. TARGET_MONTH, if present, is cyclic; its numeric summary is descriptive only.",DESCRIPTIVE,Class-specific predictor distribution; no inferential test or automatic feature decision.
revenue,PAYMENT_DELAY_CURRENT,AT_RISK_NEXT,2023-05,2025-04,Descriptive,10984,,,,0.05,Class 1,3.8470502549162418,4.0,4.294972111039177,48212,2057,34774,,,,,,,"Nonmissing predictor values in eligible TRAIN monthly rows for this target class. Repeated consumers are not treated as independent for a test. TARGET_MONTH, if present, is cyclic; its numeric summary is descriptive only.",DESCRIPTIVE,Class-specific predictor distribution; no inferential test or automatic feature decision.
revenue,ARREARS_CURRENT,AT_RISK_NEXT,2023-05,2025-04,Descriptive,5747,,,,0.05,Class 0,1300.1441743518358,44.06,13071.247080172567,48212,2057,0,,,,,,,"Nonmissing predictor values in eligible TRAIN monthly rows for this target class. Repeated consumers are not treated as independent for a test. TARGET_MONTH, if present, is cyclic; its numeric summary is descriptive only.",DESCRIPTIVE,Class-specific predictor distribution; no inferential test or automatic feature decision.
revenue,ARREARS_CURRENT,AT_RISK_NEXT,2023-05,2025-04,Descriptive,42465,,,,0.05,Class 1,1847.6007212998938,52.92,17132.422969322306,48212,2057,0,,,,,,,"Nonmissing predictor values in eligible TRAIN monthly rows for this target class. Repeated consumers are not treated as independent for a test. TARGET_MONTH, if present, is cyclic; its numeric summary is descriptive only.",DESCRIPTIVE,Class-specific predictor distribution; no inferential test or automatic feature decision.
revenue,ARREARS_LAG1,AT_RISK_NEXT,2023-05,2025-04,Descriptive,5469,,,,0.05,Class 0,1545.2106509416715,45.56,15865.717344251814,48212,2057,2057,,,,,,,"Nonmissing predictor values in eligible TRAIN monthly rows for this target class. Repeated consumers are not treated as independent for a test. TARGET_MONTH, if present, is cyclic; its numeric summary is descriptive only.",DESCRIPTIVE,Class-specific predictor distribution; no inferential test or automatic feature decision.
revenue,ARREARS_LAG1,AT_RISK_NEXT,2023-05,2025-04,Descriptive,40686,,,,0.05,Class 1,1807.9258764685644,53.235,16759.78139050417,48212,2057,2057,,,,,,,"Nonmissing predictor values in eligible TRAIN monthly rows for this target class. Repeated consumers are not treated as independent for a test. TARGET_MONTH, if present, is cyclic; its numeric summary is descriptive only.",DESCRIPTIVE,Class-specific predictor distribution; no inferential test or automatic feature decision.
revenue,ARREARS_TREND,AT_RISK_NEXT,2023-05,2025-04,Descriptive,5469,,,,0.05,Class 0,-200.8974273176083,0.0,15159.19170318425,48212,2057,2057,,,,,,,"Nonmissing predictor values in eligible TRAIN monthly rows for this target class. Repeated consumers are not treated as independent for a test. TARGET_MONTH, if present, is cyclic; its numeric summary is descriptive only.",DESCRIPTIVE,Class-specific predictor distribution; no inferential test or automatic feature decision.
revenue,ARREARS_TREND,AT_RISK_NEXT,2023-05,2025-04,Descriptive,40686,,,,0.05,Class 1,86.68759450425209,0.0,13463.200390636352,48212,2057,2057,,,,,,,"Nonmissing predictor values in eligible TRAIN monthly rows for this target class. Repeated consumers are not treated as independent for a test. TARGET_MONTH, if present, is cyclic; its numeric summary is descriptive only.",DESCRIPTIVE,Class-specific predictor distribution; no inferential test or automatic feature decision.
revenue,CURRENT_CONSUMPTION,AT_RISK_NEXT,2023-05,2025-04,Descriptive,5747,,,,0.05,Class 0,679.3982947624847,169.2,2406.7933980857483,48212,2057,0,,,,,,,"Nonmissing predictor values in eligible TRAIN monthly rows for this target class. Repeated consumers are not treated as independent for a test. TARGET_MONTH, if present, is cyclic; its numeric summary is descriptive only.",DESCRIPTIVE,Class-specific predictor distribution; no inferential test or automatic feature decision.
revenue,CURRENT_CONSUMPTION,AT_RISK_NEXT,2023-05,2025-04,Descriptive,42465,,,,0.05,Class 1,676.0948851995761,172.2,2624.874555332293,48212,2057,0,,,,,,,"Nonmissing predictor values in eligible TRAIN monthly rows for this target class. Repeated consumers are not treated as independent for a test. TARGET_MONTH, if present, is cyclic; its numeric summary is descriptive only.",DESCRIPTIVE,Class-specific predictor distribution; no inferential test or automatic feature decision.
revenue,BILL_AMOUNT,AT_RISK_NEXT,2023-05,2025-04,Descriptive,5747,,,,0.05,Class 0,5608.858647990255,1029.18,20055.861245065244,48212,2057,0,,,,,,,"Nonmissing predictor values in eligible TRAIN monthly rows for this target class. Repeated consumers are not treated as independent for a test. TARGET_MONTH, if present, is cyclic; its numeric summary is descriptive only.",DESCRIPTIVE,Class-specific predictor distribution; no inferential test or automatic feature decision.
revenue,BILL_AMOUNT,AT_RISK_NEXT,2023-05,2025-04,Descriptive,42465,,,,0.05,Class 1,5588.936354409514,1096.44,21636.87927474358,48212,2057,0,,,,,,,"Nonmissing predictor values in eligible TRAIN monthly rows for this target class. Repeated consumers are not treated as independent for a test. TARGET_MONTH, if present, is cyclic; its numeric summary is descriptive only.",DESCRIPTIVE,Class-specific predictor distribution; no inferential test or automatic feature decision.
revenue,TENURE_MONTHS,AT_RISK_NEXT,2023-05,2025-04,Descriptive,5747,,,,0.05,Class 0,104.68366104054289,105.0,54.291277331187835,48212,2057,0,,,,,,,"Nonmissing predictor values in eligible TRAIN monthly rows for this target class. Repeated consumers are not treated as independent for a test. TARGET_MONTH, if present, is cyclic; its numeric summary is descriptive only.",DESCRIPTIVE,Class-specific predictor distribution; no inferential test or automatic feature decision.
revenue,TENURE_MONTHS,AT_RISK_NEXT,2023-05,2025-04,Descriptive,42465,,,,0.05,Class 1,102.27354291769693,102.0,53.113431078968276,48212,2057,0,,,,,,,"Nonmissing predictor values in eligible TRAIN monthly rows for this target class. Repeated consumers are not treated as independent for a test. TARGET_MONTH, if present, is cyclic; its numeric summary is descriptive only.",DESCRIPTIVE,Class-specific predictor distribution; no inferential test or automatic feature decision.
revenue,TARRIF,AT_RISK_NEXT,2023-05,2025-04,Chi-square (stable consumer categories),844,,,,0.05,,,,,48212,2057,0,1213.0,0.0,1213.0,0.0,1.0,28.571428571428573,One observation per consumer; feature AND target must be constant within eligible TRAIN history. Changing/missing/invalid categories excluded only for this test. No majority or ever-risk label invented. This stable-consumer subset may not represent changing consumers. Consumer independence assumed; unadjusted exploratory inference. Expected rule: no cells <1 and at most 20% <5; no category merging.,SKIPPED,SKIPPED: fewer than two observed categories or target classes in the stable-consumer subset.
revenue,CONTRACT_LOAD,AT_RISK_NEXT,2023-05,2025-04,Descriptive,5747,,,,0.05,Class 0,5.583186010092222,2.29,12.795822827180775,48212,2057,0,,,,,,,"Nonmissing predictor values in eligible TRAIN monthly rows for this target class. Repeated consumers are not treated as independent for a test. TARGET_MONTH, if present, is cyclic; its numeric summary is descriptive only.",DESCRIPTIVE,Class-specific predictor distribution; no inferential test or automatic feature decision.
revenue,CONTRACT_LOAD,AT_RISK_NEXT,2023-05,2025-04,Descriptive,42465,,,,0.05,Class 1,5.535934298834333,2.29,12.45117180671448,48212,2057,0,,,,,,,"Nonmissing predictor values in eligible TRAIN monthly rows for this target class. Repeated consumers are not treated as independent for a test. TARGET_MONTH, if present, is cyclic; its numeric summary is descriptive only.",DESCRIPTIVE,Class-specific predictor distribution; no inferential test or automatic feature decision.
anomaly,CURRENT_CONSUMPTION,ANOMALY_NEXT,2023-07,2025-04,Descriptive,41434,,,,0.05,Class 0,648.8903267847661,161.9,2566.2707112955172,44580,2053,0,,,,,,,"Nonmissing predictor values in eligible TRAIN monthly rows for this target class. Repeated consumers are not treated as independent for a test. TARGET_MONTH, if present, is cyclic; its numeric summary is descriptive only.",DESCRIPTIVE,Class-specific predictor distribution; no inferential test or automatic feature decision.
anomaly,CURRENT_CONSUMPTION,ANOMALY_NEXT,2023-07,2025-04,Descriptive,3146,,,,0.05,Class 1,931.7810553083281,220.5,3376.343676965187,44580,2053,0,,,,,,,"Nonmissing predictor values in eligible TRAIN monthly rows for this target class. Repeated consumers are not treated as independent for a test. TARGET_MONTH, if present, is cyclic; its numeric summary is descriptive only.",DESCRIPTIVE,Class-specific predictor distribution; no inferential test or automatic feature decision.
anomaly,CONSUMPTION_LAG1,ANOMALY_NEXT,2023-07,2025-04,Descriptive,41434,,,,0.05,Class 0,665.1296640440219,168.5,2650.796990863626,44580,2053,0,,,,,,,"Nonmissing predictor values in eligible TRAIN monthly rows for this target class. Repeated consumers are not treated as independent for a test. TARGET_MONTH, if present, is cyclic; its numeric summary is descriptive only.",DESCRIPTIVE,Class-specific predictor distribution; no inferential test or automatic feature decision.
anomaly,CONSUMPTION_LAG1,ANOMALY_NEXT,2023-07,2025-04,Descriptive,3146,,,,0.05,Class 1,806.326986649714,211.6,2366.446543021617,44580,2053,0,,,,,,,"Nonmissing predictor values in eligible TRAIN monthly rows for this target class. Repeated consumers are not treated as independent for a test. TARGET_MONTH, if present, is cyclic; its numeric summary is descriptive only.",DESCRIPTIVE,Class-specific predictor distribution; no inferential test or automatic feature decision.
anomaly,CONSUMPTION_LAG2,ANOMALY_NEXT,2023-07,2025-04,Descriptive,41434,,,,0.05,Class 0,671.0557899309746,172.0,2647.3400175335855,44580,2053,0,,,,,,,"Nonmissing predictor values in eligible TRAIN monthly rows for this target class. Repeated consumers are not treated as independent for a test. TARGET_MONTH, if present, is cyclic; its numeric summary is descriptive only.",DESCRIPTIVE,Class-specific predictor distribution; no inferential test or automatic feature decision.
anomaly,CONSUMPTION_LAG2,ANOMALY_NEXT,2023-07,2025-04,Descriptive,3146,,,,0.05,Class 1,779.6270820089002,204.4,2281.4580351980335,44580,2053,0,,,,,,,"Nonmissing predictor values in eligible TRAIN monthly rows for this target class. Repeated consumers are not treated as independent for a test. TARGET_MONTH, if present, is cyclic; its numeric summary is descriptive only.",DESCRIPTIVE,Class-specific predictor distribution; no inferential test or automatic feature decision.
anomaly,CONSUMPTION_LAG3,ANOMALY_NEXT,2023-07,2025-04,Descriptive,39697,,,,0.05,Class 0,677.8028541199586,175.2,2664.565014471195,44580,2053,2053,,,,,,,"Nonmissing predictor values in eligible TRAIN monthly rows for this target class. Repeated consumers are not treated as independent for a test. TARGET_MONTH, if present, is cyclic; its numeric summary is descriptive only.",DESCRIPTIVE,Class-specific predictor distribution; no inferential test or automatic feature decision.
anomaly,CONSUMPTION_LAG3,ANOMALY_NEXT,2023-07,2025-04,Descriptive,2830,,,,0.05,Class 1,764.33628975265,196.6,2347.702977757625,44580,2053,2053,,,,,,,"Nonmissing predictor values in eligible TRAIN monthly rows for this target class. Repeated consumers are not treated as independent for a test. TARGET_MONTH, if present, is cyclic; its numeric summary is descriptive only.",DESCRIPTIVE,Class-specific predictor distribution; no inferential test or automatic feature decision.
anomaly,RECENT_MEAN_3,ANOMALY_NEXT,2023-07,2025-04,Descriptive,41434,,,,0.05,Class 0,661.6919269199208,168.76666666666665,2525.034195046973,44580,2053,0,,,,,,,"Nonmissing predictor values in eligible TRAIN monthly rows for this target class. Repeated consumers are not treated as independent for a test. TARGET_MONTH, if present, is cyclic; its numeric summary is descriptive only.",DESCRIPTIVE,Class-specific predictor distribution; no inferential test or automatic feature decision.
anomaly,RECENT_MEAN_3,ANOMALY_NEXT,2023-07,2025-04,Descriptive,3146,,,,0.05,Class 1,839.245041322314,217.01666666666665,2499.4746863853006,44580,2053,0,,,,,,,"Nonmissing predictor values in eligible TRAIN monthly rows for this target class. Repeated consumers are not treated as independent for a test. TARGET_MONTH, if present, is cyclic; its numeric summary is descriptive only.",DESCRIPTIVE,Class-specific predictor distribution; no inferential test or automatic feature decision.
anomaly,RECENT_STD_3,ANOMALY_NEXT,2023-07,2025-04,Descriptive,41434,,,,0.05,Class 0,150.2119742418159,29.553172418540793,851.0643877245748,44580,2053,0,,,,,,,"Nonmissing predictor values in eligible TRAIN monthly rows for this target class. Repeated consumers are not treated as independent for a test. TARGET_MONTH, if present, is cyclic; its numeric summary is descriptive only.",DESCRIPTIVE,Class-specific predictor distribution; no inferential test or automatic feature decision.
anomaly,RECENT_STD_3,ANOMALY_NEXT,2023-07,2025-04,Descriptive,3146,,,,0.05,Class 1,197.52445722903667,31.267021332037604,1303.426999407459,44580,2053,0,,,,,,,"Nonmissing predictor values in eligible TRAIN monthly rows for this target class. Repeated consumers are not treated as independent for a test. TARGET_MONTH, if present, is cyclic; its numeric summary is descriptive only.",DESCRIPTIVE,Class-specific predictor distribution; no inferential test or automatic feature decision.
anomaly,CONSUMPTION_TREND_3,ANOMALY_NEXT,2023-07,2025-04,Descriptive,41434,,,,0.05,Class 0,-22.165463146208428,-6.5,1437.1047942231864,44580,2053,0,,,,,,,"Nonmissing predictor values in eligible TRAIN monthly rows for this target class. Repeated consumers are not treated as independent for a test. TARGET_MONTH, if present, is cyclic; its numeric summary is descriptive only.",DESCRIPTIVE,Class-specific predictor distribution; no inferential test or automatic feature decision.
anomaly,CONSUMPTION_TREND_3,ANOMALY_NEXT,2023-07,2025-04,Descriptive,3146,,,,0.05,Class 1,152.15397329942786,6.5,2317.154796543893,44580,2053,0,,,,,,,"Nonmissing predictor values in eligible TRAIN monthly rows for this target class. Repeated consumers are not treated as independent for a test. TARGET_MONTH, if present, is cyclic; its numeric summary is descriptive only.",DESCRIPTIVE,Class-specific predictor distribution; no inferential test or automatic feature decision.
anomaly,SAME_MONTH_LAST_YEAR,ANOMALY_NEXT,2023-07,2025-04,Descriptive,24803,,,,0.05,Class 0,667.0250251985648,175.0,2592.429259513494,44580,2053,18381,,,,,,,"Nonmissing predictor values in eligible TRAIN monthly rows for this target class. Repeated consumers are not treated as independent for a test. TARGET_MONTH, if present, is cyclic; its numeric summary is descriptive only.",DESCRIPTIVE,Class-specific predictor distribution; no inferential test or automatic feature decision.
anomaly,SAME_MONTH_LAST_YEAR,ANOMALY_NEXT,2023-07,2025-04,Descriptive,1396,,,,0.05,Class 1,678.8342406876791,185.75,2060.2039836201234,44580,2053,18381,,,,,,,"Nonmissing predictor values in eligible TRAIN monthly rows for this target class. Repeated consumers are not treated as independent for a test. TARGET_MONTH, if present, is cyclic; its numeric summary is descriptive only.",DESCRIPTIVE,Class-specific predictor distribution; no inferential test or automatic feature decision.
anomaly,TARGET_MONTH,ANOMALY_NEXT,2023-07,2025-04,Descriptive,41434,,,,0.05,Class 0,6.561712603176136,7.0,3.6168119820520506,44580,2053,0,,,,,,,"Nonmissing predictor values in eligible TRAIN monthly rows for this target class. Repeated consumers are not treated as independent for a test. TARGET_MONTH, if present, is cyclic; its numeric summary is descriptive only.",DESCRIPTIVE,Class-specific predictor distribution; no inferential test or automatic feature decision.
anomaly,TARGET_MONTH,ANOMALY_NEXT,2023-07,2025-04,Descriptive,3146,,,,0.05,Class 1,6.878258105530833,7.0,3.2159367096265727,44580,2053,0,,,,,,,"Nonmissing predictor values in eligible TRAIN monthly rows for this target class. Repeated consumers are not treated as independent for a test. TARGET_MONTH, if present, is cyclic; its numeric summary is descriptive only.",DESCRIPTIVE,Class-specific predictor distribution; no inferential test or automatic feature decision.
anomaly,CONTRACT_LOAD,ANOMALY_NEXT,2023-07,2025-04,Descriptive,41434,,,,0.05,Class 0,5.563326977844283,2.28,12.759282819523799,44580,2053,0,,,,,,,"Nonmissing predictor values in eligible TRAIN monthly rows for this target class. Repeated consumers are not treated as independent for a test. TARGET_MONTH, if present, is cyclic; its numeric summary is descriptive only.",DESCRIPTIVE,Class-specific predictor distribution; no inferential test or automatic feature decision.
anomaly,CONTRACT_LOAD,ANOMALY_NEXT,2023-07,2025-04,Descriptive,3146,,,,0.05,Class 1,6.282285441830896,2.59,13.647573575724902,44580,2053,0,,,,,,,"Nonmissing predictor values in eligible TRAIN monthly rows for this target class. Repeated consumers are not treated as independent for a test. TARGET_MONTH, if present, is cyclic; its numeric summary is descriptive only.",DESCRIPTIVE,Class-specific predictor distribution; no inferential test or automatic feature decision.
anomaly,TARRIF,ANOMALY_NEXT,2023-07,2025-04,Chi-square (stable consumer categories),418,,,,0.05,,,,,44580,2053,0,1635.0,0.0,1635.0,0.0,2.0,16.666666666666668,One observation per consumer; feature AND target must be constant within eligible TRAIN history. Changing/missing/invalid categories excluded only for this test. No majority or ever-risk label invented. This stable-consumer subset may not represent changing consumers. Consumer independence assumed; unadjusted exploratory inference. Expected rule: no cells <1 and at most 20% <5; no category merging.,SKIPPED,SKIPPED: fewer than two observed categories or target classes in the stable-consumer subset.
anomaly,SOLAR_CONSUMER,ANOMALY_NEXT,2023-07,2025-04,Chi-square (stable consumer categories),409,,,,0.05,,,,,44580,2053,0,1644.0,37.0,1635.0,0.0,9.0,0.0,One observation per consumer; feature AND target must be constant within eligible TRAIN history. Changing/missing/invalid categories excluded only for this test. No majority or ever-risk label invented. This stable-consumer subset may not represent changing consumers. Consumer independence assumed; unadjusted exploratory inference. Expected rule: no cells <1 and at most 20% <5; no category merging.,SKIPPED,SKIPPED: fewer than two observed categories or target classes in the stable-consumer subset.
