module,model,model_family,configuration,model_role,split,selected_model,baseline,sample_count,MAE,RMSE,R2,Accuracy,Precision_0,Recall_0,F1_0,Precision_1,Recall_1,F1_1,ROC_AUC,AP,actual_class_0_count,actual_class_1_count,predicted_class_0_count,predicted_class_1_count,VALIDATION_minus_TRAIN_MAE,VALIDATION_minus_TRAIN_RMSE,VALIDATION_minus_TRAIN_R2,VALIDATION_minus_TRAIN_Accuracy,VALIDATION_minus_TRAIN_ROC_AUC,VALIDATION_minus_TRAIN_AP,VALIDATION_minus_TRAIN_F1_0,VALIDATION_minus_TRAIN_F1_1,selection_reason,metric_source
Consumption Prediction,Persistence,Persistence baseline,Persistence,baseline,TRAIN,False,True,48692,163.53647211040828,1105.9036127890167,0.8185422921013439,,,,,,,,,,,,,,,,,,,,,,,Saved Step 7 comparison
Consumption Prediction,Persistence,Persistence baseline,Persistence,baseline,VALIDATION,False,True,12398,166.96088078722374,965.2156452995137,0.8489914938593401,,,,,,,,,,,,,,3.42440867681546,-140.68796748950308,0.0304492017579962,,,,,,,Saved Step 7 comparison
Consumption Prediction,MLR-4,Multiple Linear Regression,MLR-4,best Multiple Linear Regression; official selected model,TRAIN,True,False,48692,146.8178093069664,1044.6610861774752,0.8380832783605017,,,,,,,,,,,,,,,,,,,,,,"Lowest VALIDATION RMSE among eight fitted experiments. MAE, generalization gaps and complexity are recorded; no FINAL TEST result used. Persistence remains the reference.",Saved Step 7 comparison
Consumption Prediction,MLR-4,Multiple Linear Regression,MLR-4,best Multiple Linear Regression; official selected model,VALIDATION,True,False,12398,152.90659538566004,921.186397147405,0.862454071876219,,,,,,,,,,,,,,6.08878607869363,-123.47468903007018,0.0243707935157173,,,,,,"Lowest VALIDATION RMSE among eight fitted experiments. MAE, generalization gaps and complexity are recorded; no FINAL TEST result used. Persistence remains the reference.",Saved Step 7 comparison
Consumption Prediction,RF-1,Random Forest Regressor,RF-1,best Random Forest,TRAIN,False,False,48692,148.61080222734276,955.9450860201912,0.8644165260701364,,,,,,,,,,,,,,,,,,,,,,,Saved Step 7 comparison
Consumption Prediction,RF-1,Random Forest Regressor,RF-1,best Random Forest,VALIDATION,False,False,12398,159.91465736992754,947.9105679015616,0.8543577311639785,,,,,,,,,,,,,,11.30385514258478,-8.034518118629649,-0.0100587949061579,,,,,,,Saved Step 7 comparison
Consumption Prediction,MLR-4,MLR-4,MLR-4,best Multiple Linear Regression; official selected model,FINAL_TEST,True,False,10401,130.23997773990925,934.704530955577,0.8107670967838856,,,,,,,,,,,,,,,,,,,,,,"Lowest VALIDATION RMSE among eight fitted experiments. MAE, generalization gaps and complexity are recorded; no FINAL TEST result used. Persistence remains the reference.",Saved pre-refit held-out FINAL TEST
Consumption Prediction,Persistence,Persistence,Persistence,baseline,FINAL_TEST,False,True,10401,141.15476396500338,972.0361269796708,0.795349519243445,,,,,,,,,,,,,,,,,,,,,,,Saved pre-refit held-out FINAL TEST
Revenue Risk Prediction,TRAIN-majority,Constant baseline,TRAIN-majority,baseline,TRAIN,False,True,48212,,,,0.8807973118725628,0.0,0.0,0.0,0.8807973118725628,1.0,0.9366211939080472,0.5,0.8807973118725628,5747.0,42465.0,0.0,48212.0,,,,,,,,,,Saved model comparison
Revenue Risk Prediction,TRAIN-majority,Constant baseline,TRAIN-majority,baseline,VALIDATION,False,True,12135,,,,0.8815822002472188,0.0,0.0,0.0,0.8815822002472188,1.0,0.9370647746682432,0.5,0.8815822002472188,1437.0,10698.0,0.0,12135.0,,,,0.0007848883746559,0.0,0.0007848883746559,0.0,0.0004435807601961,,Saved model comparison
Revenue Risk Prediction,DT-3,Decision Tree,DT-3,best unweighted Decision Tree,TRAIN,False,False,48212,,,,0.8841367294449515,0.8454935622317596,0.0342787541325909,0.065886287625418,0.8843243919214656,0.9991522430236666,0.9382380257396842,0.6529200343926463,0.9198919198096444,5747.0,42465.0,233.0,47979.0,,,,,,,,,,Saved model comparison
Revenue Risk Prediction,DT-3,Decision Tree,DT-3,best unweighted Decision Tree,VALIDATION,False,False,12135,,,,0.8786979810465595,0.2784810126582278,0.0153096729297146,0.0290237467018469,0.8826310550763106,0.9946719012899607,0.935308077700624,0.6238183686152615,0.9114662993987984,1437.0,10698.0,79.0,12056.0,,,,-0.0054387483983919,-0.0291016657773848,-0.008425620410846,-0.0368625409235711,-0.0029299480390601,,Saved model comparison
Revenue Risk Prediction,RF-3,Random Forest,RF-3,best unweighted Random Forest,TRAIN,False,False,48212,,,,0.8817721729030117,1.0,0.0081781799199582,0.0162236796686227,0.8816568047337278,1.0,0.9371069182389936,0.7582176550024687,0.9546790644889392,5747.0,42465.0,47.0,48165.0,,,,,,,,,,Saved model comparison
Revenue Risk Prediction,RF-3,Random Forest,RF-3,best unweighted Random Forest,VALIDATION,False,False,12135,,,,0.8814997939843429,0.0,0.0,0.0,0.8815724410746663,0.9999065245840344,0.9370182200420464,0.641173832659881,0.9200764667714284,1437.0,10698.0,1.0,12134.0,,,,-0.0002723789186688,-0.1170438223425877,-0.0346025977175109,-0.0162236796686227,-8.869819694745651e-05,,Saved model comparison
Revenue Risk Prediction,RF-3-balanced,Random Forest,RF-3-balanced,official selected model,TRAIN,True,False,48212,,,,0.7966896208412844,0.2943086131683068,0.504785105272316,0.3718277364778262,0.925798461739017,0.8361945131284587,0.8787181390744865,0.7744263174920192,0.960026242616222,5747.0,42465.0,9857.0,38355.0,,,,,,,,,"VALIDATION-only reviewed trade-off: RF-3-balanced AUC=0.639027 versus highest unweighted RF-3 AUC=0.641174; Class-0 recall/F1 improve from zero to 0.393876/0.280754. Class-1 F1 decreases from 0.937018 to 0.856705; AP is similar (~0.9201), accuracy decreases and AUC overfit gap is slightly larger. Chosen for meaningful both-class predictions with near-best ranking; no arbitrary minimum AUC margin or threshold tuning. Balanced DT is weaker on AUC and both-class F1.",Saved model comparison
Revenue Risk Prediction,RF-3-balanced,Random Forest,RF-3-balanced,official selected model,VALIDATION,True,False,12135,,,,0.7610218376596621,0.2181117533718689,0.3938761308281141,0.2807539682539682,0.908700209643606,0.8103383810057955,0.8567052080245083,0.6390272481162784,0.920086850121704,1437.0,10698.0,2595.0,9540.0,,,,-0.0356677831816222,-0.1353990693757407,-0.0399393924945179,-0.0910737682238579,-0.0220129310499781,"VALIDATION-only reviewed trade-off: RF-3-balanced AUC=0.639027 versus highest unweighted RF-3 AUC=0.641174; Class-0 recall/F1 improve from zero to 0.393876/0.280754. Class-1 F1 decreases from 0.937018 to 0.856705; AP is similar (~0.9201), accuracy decreases and AUC overfit gap is slightly larger. Chosen for meaningful both-class predictions with near-best ranking; no arbitrary minimum AUC margin or threshold tuning. Balanced DT is weaker on AUC and both-class F1.",Saved model comparison
Revenue Risk Prediction,RF-3-balanced,RF-3-balanced,RF-3-balanced,official selected model,FINAL_TEST,True,False,10145,,,,0.7608674223755545,0.2086795937211449,0.3883161512027491,0.2714714714714715,0.9107657601203158,0.8091526556062799,0.8569575471698113,0.6369578522202849,0.9213723225163932,1164.0,8981.0,2166.0,7979.0,,,,,,,,,"VALIDATION-only reviewed trade-off: RF-3-balanced AUC=0.639027 versus highest unweighted RF-3 AUC=0.641174; Class-0 recall/F1 improve from zero to 0.393876/0.280754. Class-1 F1 decreases from 0.937018 to 0.856705; AP is similar (~0.9201), accuracy decreases and AUC overfit gap is slightly larger. Chosen for meaningful both-class predictions with near-best ranking; no arbitrary minimum AUC margin or threshold tuning. Balanced DT is weaker on AUC and both-class F1.",Saved pre-refit held-out FINAL TEST
Revenue Risk Prediction,TRAIN-majority,TRAIN-majority,TRAIN-majority,baseline,FINAL_TEST,False,True,10145,,,,0.8852636766880236,0.0,0.0,0.0,0.8852636766880236,1.0,0.939140437101328,0.5,0.8852636766880236,1164.0,8981.0,0.0,10145.0,,,,,,,,,,Saved pre-refit held-out FINAL TEST
Unusual Consumption Risk Prediction,TRAIN-majority,Constant baseline,TRAIN-majority,baseline,TRAIN,False,True,44580,,,,0.929430237774787,0.929430237774787,1.0,0.9634245587927548,0.0,0.0,0.0,0.5,0.0705697622252131,41434.0,3146.0,44580.0,0.0,,,,,,,,,,Saved model comparison
Unusual Consumption Risk Prediction,TRAIN-majority,Constant baseline,TRAIN-majority,baseline,VALIDATION,False,True,12367,,,,0.937171504811191,0.937171504811191,1.0,0.9675668906791336,0.0,0.0,0.0,0.5,0.0628284951888089,11590.0,777.0,12367.0,0.0,,,,0.007741267036404,0.0,-0.0077412670364041,0.0041423318863788,0.0,,Saved model comparison
Unusual Consumption Risk Prediction,DT-3,Decision Tree,DT-3,best unweighted Decision Tree,TRAIN,False,False,44580,,,,0.9347016599371916,0.9367389973471192,0.997079693005744,0.9659679436968795,0.7463312368972747,0.1131595677050222,0.196522219155396,0.7795636377076959,0.3115486763922098,41434.0,3146.0,44103.0,477.0,,,,,,,,,,Saved model comparison
Unusual Consumption Risk Prediction,DT-3,Decision Tree,DT-3,best unweighted Decision Tree,VALIDATION,False,False,12367,,,,0.926578798415137,0.9447868087941372,0.9788610871440896,0.9615221628951606,0.3175487465181058,0.1467181467181467,0.2007042253521127,0.672092448667082,0.1619236905900224,11590.0,777.0,12008.0,359.0,,,,-0.0081228615220545,-0.1074711890406139,-0.1496249858021874,-0.004445780801719,0.0041820061967166,,Saved model comparison
Unusual Consumption Risk Prediction,RF-4,Random Forest,RF-4,best unweighted Random Forest,TRAIN,False,False,44580,,,,1.0,1.0,1.0,1.0,1.0,1.0,1.0,1.0,1.0,41434.0,3146.0,41434.0,3146.0,,,,,,,,,,Saved model comparison
Unusual Consumption Risk Prediction,RF-4,Random Forest,RF-4,best unweighted Random Forest,VALIDATION,False,False,12367,,,,0.9345031131236354,0.9412246234446628,0.9920621225194132,0.9659749642947156,0.390728476821192,0.0759330759330759,0.1271551724137931,0.7314073842115257,0.2016189250918643,11590.0,777.0,12216.0,151.0,,,,-0.0654968868763645,-0.2685926157884742,-0.7983810749081356,-0.0340250357052843,-0.8728448275862069,,Saved model comparison
Unusual Consumption Risk Prediction,DT-3-balanced,Decision Tree,DT-3-balanced,official selected model,TRAIN,True,False,44580,,,,0.7082996859578287,0.972102291597476,0.7064246753873631,0.8182377278318238,0.159364201796821,0.7329942784488239,0.2618074477747502,0.7988723884776533,0.2643076969280957,41434.0,3146.0,30110.0,14470.0,,,,,,,,,"TRAIN/VALIDATION-only stability review: DT-3-balanced validation Class-1 F1=0.214776 is close to RF-4-balanced F1=0.230599, while DT-3-balanced has much higher validation Class-1 recall (0.523810 versus 0.200772). Its validation-minus-TRAIN gaps are also much smaller: F1=-0.047032 versus -0.765917, AP=-0.103422 versus -0.809600 and ROC-AUC=-0.097643 versus -0.259984. RF-4-balanced had TRAIN recall=1.0 and near-perfect TRAIN F1, showing severe overfitting. DT-3-balanced is selected as the more stable validation-supported model under the original multi-metric rule. FINAL TEST was not used for this revision, and no tuning or threshold search was performed.",Saved model comparison
Unusual Consumption Risk Prediction,DT-3-balanced,Decision Tree,DT-3-balanced,official selected model,VALIDATION,True,False,12367,,,,0.7593595859949867,0.9604447295274748,0.7751509922346851,0.8579067990832697,0.1350813143046797,0.5238095238095238,0.2147757255936675,0.7012290362592347,0.1608858081802043,11590.0,777.0,9354.0,3013.0,,,,0.0510599000371579,-0.0976433522184185,-0.1034218887478913,0.0396690712514459,-0.0470317221810827,"TRAIN/VALIDATION-only stability review: DT-3-balanced validation Class-1 F1=0.214776 is close to RF-4-balanced F1=0.230599, while DT-3-balanced has much higher validation Class-1 recall (0.523810 versus 0.200772). Its validation-minus-TRAIN gaps are also much smaller: F1=-0.047032 versus -0.765917, AP=-0.103422 versus -0.809600 and ROC-AUC=-0.097643 versus -0.259984. RF-4-balanced had TRAIN recall=1.0 and near-perfect TRAIN F1, showing severe overfitting. DT-3-balanced is selected as the more stable validation-supported model under the original multi-metric rule. FINAL TEST was not used for this revision, and no tuning or threshold search was performed.",Saved model comparison
Unusual Consumption Risk Prediction,DT-3-balanced,DT-3-balanced,DT-3-balanced,official selected model,FINAL_TEST,True,False,10377,,,,0.8730847065625903,0.977101733725875,0.8900476758045291,0.931545298612194,0.0820895522388059,0.3203883495145631,0.1306930693069307,0.6732646804319623,0.119335722255841,10068.0,309.0,9171.0,1206.0,,,,,,,,,"TRAIN/VALIDATION-only stability review: DT-3-balanced validation Class-1 F1=0.214776 is close to RF-4-balanced F1=0.230599, while DT-3-balanced has much higher validation Class-1 recall (0.523810 versus 0.200772). Its validation-minus-TRAIN gaps are also much smaller: F1=-0.047032 versus -0.765917, AP=-0.103422 versus -0.809600 and ROC-AUC=-0.097643 versus -0.259984. RF-4-balanced had TRAIN recall=1.0 and near-perfect TRAIN F1, showing severe overfitting. DT-3-balanced is selected as the more stable validation-supported model under the original multi-metric rule. FINAL TEST was not used for this revision, and no tuning or threshold search was performed.",Saved pre-refit held-out FINAL TEST
Unusual Consumption Risk Prediction,TRAIN-majority,TRAIN-majority,TRAIN-majority,baseline,FINAL_TEST,False,True,10377,,,,0.9702226076900838,0.9702226076900838,1.0,0.9848862802641232,0.0,0.0,0.0,0.5,0.0297773923099161,10068.0,309.0,10377.0,0.0,,,,,,,,,,Saved pre-refit held-out FINAL TEST
