PERIOD,row_count,unique_consumers
2023-04,2000,2000
2023-05,2002,2002
2023-06,2005,2005
2023-07,2008,2008
2023-08,2011,2011
2023-09,2013,2013
2023-10,2016,2016
2023-11,2018,2018
2023-12,2021,2021
2024-01,2023,2023
2024-02,2025,2025
2024-03,2027,2027
2024-04,2030,2030
2024-05,2032,2032
2024-06,2035,2035
2024-07,2038,2038
2024-08,2040,2040
2024-09,2042,2042
2024-10,2044,2044
2024-11,2047,2047
2024-12,2050,2050
2025-01,2053,2053
2025-02,2055,2055
2025-03,2057,2057
2025-04,2060,2060
2025-05,2062,2062
2025-06,2065,2065
2025-07,2068,2068
2025-08,2070,2070
2025-09,2073,2073
2025-10,2076,2076
2025-11,2078,2078
2025-12,2080,2080
2026-01,2082,2082
2026-02,2085,2085
2026-03,2087,2087
