CONSUMER_NO,TARGET_PERIOD,predicted_consumption
51200000001,2026-04,256.8375246512166
51200000002,2026-04,422.0913616543382
51200000003,2026-04,120.66451579991099
51200000004,2026-04,188.73283854410036
51200000005,2026-04,480.21246187811084
51200000006,2026-04,113.57170598775068
51200000007,2026-04,166.731253109383
51200000008,2026-04,122.51333385445997
51200000009,2026-04,136.86003965584914
51200000010,2026-04,122.77979941050148
51200000011,2026-04,255.59257195261148
51200000012,2026-04,106.40681345716098
51200000013,2026-04,92.35887670610308
51200000014,2026-04,137.0359042672221
51200000015,2026-04,220.8783551194096
51200000016,2026-04,2209.4231195024263
51200000017,2026-04,634.9087913090541
51200000018,2026-04,114.54236771728048
51200000019,2026-04,208.40835780688806
51200000020,2026-04,360.87586430598424
51200000021,2026-04,216.11461610747543
51200000022,2026-04,106.39776215772301
51200000023,2026-04,176.79810771365558
51200000024,2026-04,532.1213856081924
51200000025,2026-04,120.44013827503906
51200000026,2026-04,117.16763940645816
51200000027,2026-04,1986.232346024508
51200000028,2026-04,153.26645361286953
51200000029,2026-04,125.67167914234798
51200000030,2026-04,262.0289676013589
51200000031,2026-04,124.4510068893189
51200000032,2026-04,292.5197146174789
51200000033,2026-04,278.2450980173223
51200000034,2026-04,1446.949589809181
51200000035,2026-04,140.00357888784606
51200000036,2026-04,141.45688858397648
51200000037,2026-04,10962.974394865929
51200000038,2026-04,105.49553633647866
51200000039,2026-04,271.49355893108424
51200000040,2026-04,323.34969449574044
51200000041,2026-04,9500.487102393203
51200000042,2026-04,141.49179408974828
51200000043,2026-04,362.62329361371155
51200000044,2026-04,247.89841274182265
51200000045,2026-04,202.1448823232525
51200000046,2026-04,245.01716413707152
51200000047,2026-04,167.6452698222389
51200000048,2026-04,314.81583844356896
51200000049,2026-04,270.7887167102008
51200000050,2026-04,234.1084792730694
51200000051,2026-04,324.37855180068607
51200000052,2026-04,149.61865311391202
51200000053,2026-04,311.5861058972706
51200000054,2026-04,208.60964616535458
51200000055,2026-04,119.23911230306507
51200000056,2026-04,488.8602211360427
51200000057,2026-04,131.82450717912312
51200000058,2026-04,273.1776024247338
51200000059,2026-04,137.49467307781111
51200000060,2026-04,317.5262336463047
51200000061,2026-04,297.0280272930959
51200000062,2026-04,113.26430669825311
51200000063,2026-04,133.30675969562336
51200000064,2026-04,151.29961092387313
51200000065,2026-04,259.2250573712985
51200000066,2026-04,1095.6350933051413
51200000067,2026-04,662.6269524504964
51200000068,2026-04,129.4353078779715
51200000069,2026-04,1019.8766984784847
51200000070,2026-04,265.253149590892
51200000071,2026-04,37383.53662385061
51200000072,2026-04,127.33660327417138
51200000073,2026-04,149.51299172592954
51200000074,2026-04,166.7455811561296
51200000075,2026-04,7189.966950640442
51200000076,2026-04,119.26197121568615
51200000077,2026-04,285.72124616011683
51200000078,2026-04,89.50333041089857
51200000079,2026-04,201.32820083949025
51200000080,2026-04,299.8002312084568
51200000081,2026-04,136.98789561058706
51200000082,2026-04,211.23657424788996
51200000083,2026-04,6201.739884273736
51200000084,2026-04,129.74290087076113
51200000085,2026-04,189.80130706916947
51200000086,2026-04,250.0683535651791
51200000087,2026-04,6900.107759544751
51200000088,2026-04,95.04422806000221
51200000089,2026-04,237.19625395337164
51200000090,2026-04,139.09017028697787
51200000091,2026-04,117.69947734599202
51200000092,2026-04,186.83694138343176
51200000093,2026-04,135.1469415819535
51200000094,2026-04,1545.3392795616137
51200000095,2026-04,123.81019711336685
51200000096,2026-04,159.802758436708
51200000097,2026-04,137.2246674227461
51200000098,2026-04,124.56497110345728
51200000099,2026-04,404.87393661075384
51200000100,2026-04,9730.595492792609
51200000101,2026-04,208.5749919981042
51200000102,2026-04,148.78337245688132
51200000103,2026-04,133.80329979388708
51200000104,2026-04,738.8632992110013
51200000105,2026-04,242.07481779292618
51200000106,2026-04,317.53687529819575
51200000107,2026-04,144.70612602505534
51200000108,2026-04,199.6586485302749
51200000109,2026-04,122.3509693134753
51200000110,2026-04,114.06408611440557
51200000111,2026-04,358.28567048656976
51200000112,2026-04,136.95809189650865
51200000113,2026-04,125.60210692079846
51200000114,2026-04,204.80682194011845
51200000115,2026-04,106.35723030058702
51200000116,2026-04,128.23639468655753
51200000117,2026-04,144.70676222153543
51200000118,2026-04,314.9146368458168
51200000119,2026-04,652.7309803652315
51200000120,2026-04,108.55407772854792
51200000121,2026-04,303.4887554798199
51200000122,2026-04,119.16456804899914
51200000123,2026-04,139.83979781264352
51200000124,2026-04,242.5902942168526
51200000125,2026-04,130.33964425341728
51200000126,2026-04,132.12020947440783
51200000127,2026-04,66.34062569526264
51200000128,2026-04,207.6059479787696
51200000129,2026-04,281.2581735313349
51200000130,2026-04,200.89047573458762
51200000131,2026-04,191.28922724176314
51200000132,2026-04,134.73796227662646
51200000133,2026-04,257.2047441286997
51200000134,2026-04,116.89778892534312
51200000135,2026-04,98.34785685698901
51200000136,2026-04,275.86481360296585
51200000137,2026-04,735.4569328981619
51200000138,2026-04,335.11550870910605
51200000139,2026-04,354.93491822632166
51200000140,2026-04,151.19493409628504
51200000141,2026-04,107.60669728440266
51200000142,2026-04,193.17459957940318
51200000143,2026-04,117.70038212222687
51200000144,2026-04,172.92510929106817
51200000145,2026-04,119.90255775947398
51200000146,2026-04,117.56610506635843
51200000147,2026-04,136.95887418469442
51200000148,2026-04,207.6558087181002
51200000149,2026-04,133.05895987580928
51200000150,2026-04,376.4224984421751
51200000151,2026-04,337.2178317561937
51200000152,2026-04,245.62611516488445
51200000153,2026-04,135.83398222562695
51200000154,2026-04,159.1786268723819
51200000155,2026-04,56.539512808225425
51200000156,2026-04,166.84552204477694
51200000157,2026-04,10047.185344144871
51200000158,2026-04,152.00527952321679
51200000159,2026-04,263.41493655828833
51200000160,2026-04,1126.6372240854103
51200000161,2026-04,331.7925902450933
51200000162,2026-04,154.28066377588294
51200000163,2026-04,226.98573126800508
51200000164,2026-04,105.48295262118884
51200000165,2026-04,98.01431044837344
51200000166,2026-04,322.4209677131471
51200000167,2026-04,156.38858612442615
51200000168,2026-04,287.2662940467536
51200000169,2026-04,288.52426209226473
51200000170,2026-04,477.20732890059
51200000171,2026-04,240.04035502797257
51200000172,2026-04,332.7171399185503
51200000173,2026-04,147.9791467125286
51200000174,2026-04,67.03230391544975
51200000175,2026-04,94.94977642058473
51200000176,2026-04,52.40023373897782
51200000177,2026-04,128.23426517934243
51200000178,2026-04,68.62968053097705
51200000179,2026-04,196.40709013715448
51200000180,2026-04,145.83159902150206
51200000181,2026-04,9417.154918730437
51200000182,2026-04,8310.151402080688
51200000183,2026-04,129.0556066104885
51200000184,2026-04,224.76024271966742
51200000185,2026-04,116.45679754811383
51200000186,2026-04,150.18583655169917
51200000187,2026-04,121.76773781374729
51200000188,2026-04,123.87760973682222
51200000189,2026-04,114.34377541156368
51200000190,2026-04,109.18416012748338
51200000191,2026-04,188.4611036275576
51200000192,2026-04,140.80549723884047
51200000193,2026-04,85.25288935129134
51200000194,2026-04,142.67304853892813
51200000195,2026-04,281.9980723695428
51200000196,2026-04,236.6741213750105
51200000197,2026-04,236.10718418836868
51200000198,2026-04,72.13560911899947
51200000199,2026-04,281.0280860997749
51200000200,2026-04,124.12691080726461
51200000201,2026-04,468.6426045902246
51200000202,2026-04,144.97783260976033
51200000203,2026-04,234.12512360850707
51200000204,2026-04,235.7106087528777
51200000205,2026-04,194.43447347810095
51200000206,2026-04,105.07654015843119
51200000207,2026-04,154.9489943988011
51200000208,2026-04,132.01170711502564
51200000209,2026-04,206.7899717366485
51200000210,2026-04,66.18044626348643
51200000211,2026-04,735.753540354129
51200000212,2026-04,120.89707457638684
51200000213,2026-04,131.92632619423787
51200000214,2026-04,220.2539953938134
51200000215,2026-04,159.61213271481492
51200000216,2026-04,251.44060937117194
51200000217,2026-04,134.5628446103087
51200000218,2026-04,192.66760176043815
51200000219,2026-04,119.84802333702609
51200000220,2026-04,113.87365611626652
51200000221,2026-04,90.372066838709
51200000222,2026-04,124.46175791321915
51200000223,2026-04,251.63815488851935
51200000224,2026-04,8734.807598864809
51200000225,2026-04,211.25811627030953
51200000226,2026-04,132.43398776713454
51200000227,2026-04,122.32264237508002
51200000228,2026-04,6307.551708495143
51200000229,2026-04,268.32209056476233
51200000230,2026-04,130.78196546153484
51200000231,2026-04,286.7315474722286
51200000232,2026-04,155.41426552505462
51200000233,2026-04,936.2506745191187
51200000234,2026-04,114.72825656341703
51200000235,2026-04,136.6282250481519
51200000236,2026-04,134.52264730148252
51200000237,2026-04,120.2003238647749
51200000238,2026-04,1564.2454229355549
51200000239,2026-04,304.0628044105152
51200000240,2026-04,138.12977405670276
51200000241,2026-04,7748.179148082307
51200000242,2026-04,714.6491922085053
51200000243,2026-04,443.68443362612663
51200000244,2026-04,58.829719399652504
51200000245,2026-04,292.6221147472698
51200000246,2026-04,55.91788530483808
51200000247,2026-04,9946.299174865682
51200000248,2026-04,181.5325046142186
51200000249,2026-04,173.054635096483
51200000250,2026-04,184.7793322696266
51200000251,2026-04,7355.123463905543
51200000252,2026-04,820.7455619285959
51200000253,2026-04,130.06403317174815
51200000254,2026-04,246.8870292448152
51200000255,2026-04,146.42940362696592
51200000256,2026-04,128.93567953525869
51200000257,2026-04,93.0699233032685
51200000258,2026-04,121.11831026200645
51200000259,2026-04,262.32158375977247
51200000260,2026-04,280.3814777871144
51200000261,2026-04,260.8097332498268
51200000262,2026-04,1010.9682152672677
51200000263,2026-04,205.08232730963147
51200000264,2026-04,829.4848483569895
51200000265,2026-04,150.1535955507762
51200000266,2026-04,231.67233632610711
51200000267,2026-04,125.10943732733836
51200000268,2026-04,137.48610891814738
51200000269,2026-04,60.43286401365151
51200000270,2026-04,313.60697141047285
51200000271,2026-04,294.50563742782975
51200000272,2026-04,1861.9395625840575
51200000273,2026-04,232.26830559669395
51200000274,2026-04,168.00235326446014
51200000275,2026-04,346.05665452438643
51200000276,2026-04,66.38893626661894
51200000277,2026-04,141.34409436469628
51200000278,2026-04,232.11406867438717
51200000279,2026-04,85.61659311637607
51200000280,2026-04,118.51834537417758
51200000281,2026-04,137.44157016814998
51200000282,2026-04,119.1759963990038
51200000283,2026-04,143.51618650915162
51200000284,2026-04,107.03005687008348
51200000285,2026-04,152.8156015956537
51200000286,2026-04,168.79973246568832
51200000287,2026-04,124.5338174996102
51200000288,2026-04,105.2454446126923
51200000289,2026-04,329.2845002094014
51200000290,2026-04,243.32192565608807
51200000291,2026-04,110.6330805508886
51200000292,2026-04,143.3543575576416
51200000293,2026-04,124.21669591706748
51200000294,2026-04,146.80367735233344
51200000295,2026-04,133.36215802580924
51200000296,2026-04,167.8364048609726
51200000297,2026-04,222.80901145303324
51200000298,2026-04,365.5816398289935
51200000299,2026-04,212.8686820849179
51200000300,2026-04,791.2700559009634
51200000301,2026-04,134.7597369604704
51200000302,2026-04,159.8702554922822
51200000303,2026-04,105.08514590603517
51200000304,2026-04,132.72444880466253
51200000305,2026-04,55.09995437932838
51200000306,2026-04,57.68461610393899
51200000307,2026-04,101.93246596624186
51200000308,2026-04,159.2109077247151
51200000309,2026-04,283.8924084908209
51200000310,2026-04,113.29486027627001
51200000311,2026-04,132.50419282051533
51200000312,2026-04,167.19717920756747
51200000313,2026-04,106.55732560360812
51200000314,2026-04,371.4347698549526
51200000315,2026-04,289.8264317526544
51200000316,2026-04,325.5659744690759
51200000317,2026-04,240.9135492251972
51200000318,2026-04,123.69363814139814
51200000319,2026-04,132.04411705465733
51200000320,2026-04,98.71655437678263
51200000321,2026-04,189.24148585701735
51200000322,2026-04,254.74890302886283
51200000323,2026-04,186.80680491503838
51200000324,2026-04,150.1955778659068
51200000325,2026-04,160.9987078390128
51200000326,2026-04,120.72135727830693
51200000327,2026-04,131.63115898372155
51200000328,2026-04,325.26845962661906
51200000329,2026-04,126.99677049890451
51200000330,2026-04,131.78540015381654
51200000331,2026-04,129.51508679900562
51200000332,2026-04,302.35287355122387
51200000333,2026-04,94.10640116963722
51200000334,2026-04,131.210123500999
51200000335,2026-04,203.12458566269854
51200000336,2026-04,139.79025488996794
51200000337,2026-04,155.264643810511
51200000338,2026-04,111.59690698517144
51200000339,2026-04,276.39692559277415
51200000340,2026-04,94.5114352232466
51200000341,2026-04,249.15916044046634
51200000342,2026-04,675.0151700651666
51200000343,2026-04,285.88470767604065
51200000344,2026-04,2366.559941153281
51200000345,2026-04,818.346542440436
51200000346,2026-04,148.83307342815417
51200000347,2026-04,130.50729303261895
51200000348,2026-04,117.35349060549407
51200000349,2026-04,96.32983844149689
51200000350,2026-04,144.52666927770358
51200000351,2026-04,105.66499810549948
51200000352,2026-04,253.3373647811905
51200000353,2026-04,317.7593029862011
51200000354,2026-04,116.29846391128021
51200000355,2026-04,133.02132448677827
51200000356,2026-04,104.37197424680545
51200000357,2026-04,267.694786607925
51200000358,2026-04,274.9076450055067
51200000359,2026-04,229.8799140935671
51200000360,2026-04,174.2459964938207
51200000361,2026-04,128.92749532583866
51200000362,2026-04,137.33353732302157
51200000363,2026-04,291.4182094611012
51200000364,2026-04,121.16464617228064
51200000365,2026-04,427.50463690254406
51200000366,2026-04,152.06906719361567
51200000367,2026-04,208.282032755819
51200000368,2026-04,185.55112188396427
51200000369,2026-04,219.7577426187757
51200000370,2026-04,226.42720353277485
51200000371,2026-04,815.3181620390658
51200000372,2026-04,223.71045974995224
51200000373,2026-04,125.1471745313734
51200000374,2026-04,265.1609740619055
51200000375,2026-04,117.44769971021992
51200000376,2026-04,135.8743162773207
51200000377,2026-04,192.42180629380832
51200000378,2026-04,11071.510598279316
51200000379,2026-04,134.72931517420128
51200000380,2026-04,139.86387632820865
51200000381,2026-04,106.92532787184226
51200000382,2026-04,133.11880634094896
51200000383,2026-04,161.6559721325102
51200000384,2026-04,202.55536197751005
51200000385,2026-04,257.88187666178106
51200000386,2026-04,133.0564385025127
51200000387,2026-04,130.9814980536254
51200000388,2026-04,317.21169700347224
51200000389,2026-04,62.82852612268482
51200000390,2026-04,453.62840057360575
51200000391,2026-04,66.6441033087508
51200000392,2026-04,159.48552860329255
51200000393,2026-04,200.37213166502085
51200000394,2026-04,149.19492772337546
51200000395,2026-04,138.81087600138684
51200000396,2026-04,145.31504700207662
51200000397,2026-04,118.56648071996628
51200000398,2026-04,375.2696188477006
51200000399,2026-04,217.5660756968677
51200000400,2026-04,380.5636857577491
51200000401,2026-04,117.27843468948535
51200000402,2026-04,373.2158948802542
51200000403,2026-04,159.65994661645007
51200000404,2026-04,135.8628102779192
51200000405,2026-04,156.65805105465637
51200000406,2026-04,9148.193872684722
51200000407,2026-04,101.88009575290164
51200000408,2026-04,120.16588212437225
51200000409,2026-04,113.51752060864851
51200000410,2026-04,144.83938263438628
51200000411,2026-04,269.4769634211523
51200000412,2026-04,155.44603134364743
51200000413,2026-04,230.22663907786517
51200000414,2026-04,405.6233760146289
51200000415,2026-04,110.96312000899007
51200000416,2026-04,137.98272210772927
51200000417,2026-04,805.580494238329
51200000418,2026-04,349.6515710982405
51200000419,2026-04,129.05742970652616
51200000420,2026-04,3129.4694190868418
51200000421,2026-04,137.53269665856936
51200000422,2026-04,301.66470642522677
51200000423,2026-04,263.39457564575883
51200000424,2026-04,107.3325331040943
51200000425,2026-04,121.77493633182061
51200000426,2026-04,142.54552806759776
51200000427,2026-04,107.24155251921493
51200000428,2026-04,148.14598295968227
51200000429,2026-04,134.00325798989215
51200000430,2026-04,126.71576998704896
51200000431,2026-04,124.0500817656681
51200000432,2026-04,126.112456920537
51200000433,2026-04,258.4859988822766
51200000434,2026-04,145.25552184716943
51200000435,2026-04,137.526905404755
51200000436,2026-04,113.36747325809878
51200000437,2026-04,149.6148601752127
51200000438,2026-04,161.78737970884106
51200000439,2026-04,307.8950042388822
51200000440,2026-04,140.26709754695707
51200000441,2026-04,243.931745294407
51200000442,2026-04,91.15281120308649
51200000443,2026-04,161.3225761871554
51200000444,2026-04,144.92116054078053
51200000445,2026-04,298.0008507823527
51200000446,2026-04,147.7461586292474
51200000447,2026-04,348.53145673322103
51200000448,2026-04,172.07481339393664
51200000449,2026-04,133.40569441956944
51200000450,2026-04,112.3448970999477
51200000451,2026-04,137.77264529284759
51200000452,2026-04,6211.99417071083
51200000453,2026-04,133.93601164767898
51200000454,2026-04,2412.509910003028
51200000455,2026-04,363.2941543285351
51200000456,2026-04,115.38963670703484
51200000457,2026-04,211.24811282846352
51200000458,2026-04,114.55519499348705
51200000459,2026-04,242.8573164647309
51200000460,2026-04,124.79538832077816
51200000461,2026-04,176.29376857023308
51200000462,2026-04,447.79587811109855
51200000463,2026-04,164.6103808353474
51200000464,2026-04,121.63085853112085
51200000465,2026-04,196.7930987507128
51200000466,2026-04,137.05878282307492
51200000467,2026-04,238.13534340195758
51200000468,2026-04,128.65364997108668
51200000469,2026-04,8395.52180188559
51200000470,2026-04,121.51025463179874
51200000471,2026-04,140.05654475765388
51200000472,2026-04,159.69677912271297
51200000473,2026-04,420.7519830621761
51200000474,2026-04,129.41971564670834
51200000475,2026-04,99.34410243832974
51200000476,2026-04,128.85808550289585
51200000477,2026-04,185.20434919759873
51200000478,2026-04,126.77695060479081
51200000479,2026-04,134.61330217663541
51200000480,2026-04,212.06381782815896
51200000481,2026-04,312.1923738407012
51200000482,2026-04,275.1005370610435
51200000483,2026-04,152.04651004166877
51200000484,2026-04,260.6270320858599
51200000485,2026-04,149.34471822230242
51200000486,2026-04,202.27324130822583
51200000487,2026-04,153.2387429206428
51200000488,2026-04,156.41933633391344
51200000489,2026-04,469.32846049509317
51200000490,2026-04,299.3646145386874
51200000491,2026-04,126.09155349337266
51200000492,2026-04,125.16543933825946
51200000493,2026-04,374.64391029554025
51200000494,2026-04,113.7484051972844
51200000495,2026-04,98.97093852126173
51200000496,2026-04,130.60632557697377
51200000497,2026-04,167.35290524703413
51200000498,2026-04,149.7239746525136
51200000499,2026-04,151.8681802721143
51200000500,2026-04,123.30536327518848
51200000501,2026-04,134.22593403813065
51200000502,2026-04,291.57303918205076
51200000503,2026-04,7718.840255586922
51200000504,2026-04,106.05874942958445
51200000505,2026-04,148.24470049970157
51200000506,2026-04,133.32197877135926
51200000507,2026-04,148.09240727578901
51200000508,2026-04,269.8525015078395
51200000509,2026-04,57.86479201865649
51200000510,2026-04,109.71874799986062
51200000511,2026-04,135.69015173878148
51200000512,2026-04,128.57212442817251
51200000513,2026-04,157.36048987691296
51200000514,2026-04,310.9246735354203
51200000515,2026-04,628.2630356682613
51200000516,2026-04,143.41057853365214
51200000517,2026-04,129.50183992577823
51200000518,2026-04,102.07865721114078
51200000519,2026-04,215.5258002035735
51200000520,2026-04,131.63284345307804
51200000521,2026-04,212.12921784803848
51200000522,2026-04,237.77168706295942
51200000523,2026-04,108.76925475183597
51200000524,2026-04,232.47842996657923
51200000525,2026-04,361.1619603715585
51200000526,2026-04,61.25079493916115
51200000527,2026-04,314.3447208457263
51200000528,2026-04,338.647997111896
51200000529,2026-04,140.91564182426126
51200000530,2026-04,226.6942364364656
51200000531,2026-04,253.5973669065266
51200000532,2026-04,161.4328416572731
51200000533,2026-04,56.86668517842929
51200000534,2026-04,131.43987538965786
51200000535,2026-04,310.4002969389914
51200000536,2026-04,307.73449753085845
51200000537,2026-04,258.5968593032934
51200000538,2026-04,139.99348311827757
51200000539,2026-04,180.8732082469646
51200000540,2026-04,135.91771693490207
51200000541,2026-04,133.24670752234388
51200000542,2026-04,160.14039997806745
51200000543,2026-04,326.6555406332074
51200000544,2026-04,91.61874638474958
51200000545,2026-04,118.20506931978414
51200000546,2026-04,156.3185157518488
51200000547,2026-04,241.62612887069696
51200000548,2026-04,127.71789293064413
51200000549,2026-04,132.3969854549958
51200000550,2026-04,128.35025357087588
51200000551,2026-04,249.25832274963028
51200000552,2026-04,324.547222053568
51200000553,2026-04,1009.9835192238556
51200000554,2026-04,235.69268953628085
51200000555,2026-04,7229.137056422387
51200000556,2026-04,144.1096181979851
51200000557,2026-04,102.45774112439958
51200000558,2026-04,157.82628055380428
51200000559,2026-04,393.9208132463763
51200000560,2026-04,151.0362062329761
51200000561,2026-04,119.47169677649404
51200000562,2026-04,164.50297426080908
51200000563,2026-04,113.53904967395127
51200000564,2026-04,7631.618194200402
51200000565,2026-04,218.22750479282246
51200000566,2026-04,284.3568614985103
51200000567,2026-04,271.06440437027055
51200000568,2026-04,884.5596347740911
51200000569,2026-04,654.6462655080355
51200000570,2026-04,134.07163070868424
51200000571,2026-04,126.86264269314057
51200000572,2026-04,68.55629002212629
51200000573,2026-04,333.0580335168237
51200000574,2026-04,6388.880868748874
51200000575,2026-04,251.83277554911024
51200000576,2026-04,180.25485369900625
51200000577,2026-04,153.2282614861094
51200000578,2026-04,267.5220578281424
51200000579,2026-04,746.5778013516731
51200000580,2026-04,310.7219752964732
51200000581,2026-04,263.3614708716797
51200000582,2026-04,124.05322581605625
51200000583,2026-04,304.77639775814316
51200000584,2026-04,110.75068420256284
51200000585,2026-04,750.340864288904
51200000586,2026-04,136.90933750583855
51200000587,2026-04,151.92822677765218
51200000588,2026-04,233.69742624414286
51200000589,2026-04,309.94319786512006
51200000590,2026-04,120.17879814286809
51200000591,2026-04,264.1983381238556
51200000592,2026-04,120.95732609323963
51200000593,2026-04,64.10685203136711
51200000594,2026-04,889.2370885234398
51200000595,2026-04,87.49023971427289
51200000596,2026-04,141.28440467224667
51200000597,2026-04,134.61330403540316
51200000598,2026-04,118.33636745001911
51200000599,2026-04,153.9877602028498
51200000600,2026-04,8781.336103415611
51200000601,2026-04,114.94523297464588
51200000602,2026-04,144.0598077326199
51200000603,2026-04,190.29488362910692
51200000604,2026-04,246.73249434904363
51200000605,2026-04,241.83125888248216
51200000606,2026-04,266.06452632389335
51200000607,2026-04,132.48172710073248
51200000608,2026-04,8146.628518417914
51200000609,2026-04,136.38734365593098
51200000610,2026-04,122.1993933029963
51200000611,2026-04,190.94241909337575
51200000612,2026-04,148.60468573972335
51200000613,2026-04,139.46656616703717
51200000614,2026-04,559.969425222362
51200000615,2026-04,142.07211534226465
51200000616,2026-04,326.5622147428238
51200000617,2026-04,118.67067004596376
51200000618,2026-04,157.1115854034174
51200000619,2026-04,146.8806506604591
51200000620,2026-04,9279.788240585081
51200000621,2026-04,143.43167545764229
51200000622,2026-04,2438.6490473685394
51200000623,2026-04,299.558519447463
51200000624,2026-04,162.52765375909524
51200000625,2026-04,244.54749812936365
51200000626,2026-04,104.85087614152286
51200000627,2026-04,106.79288397888931
51200000628,2026-04,165.01135895952228
51200000629,2026-04,713.1302459692532
51200000630,2026-04,133.5565107669623
51200000631,2026-04,274.27119658920486
51200000632,2026-04,153.74460711144036
51200000633,2026-04,583.5420913164045
51200000634,2026-04,348.0110320476348
51200000635,2026-04,105.08846669088419
51200000636,2026-04,390.13567037404124
51200000637,2026-04,124.09211312840418
51200000638,2026-04,399.9275045459893
51200000639,2026-04,136.44594044635434
51200000640,2026-04,250.91694180778438
51200000641,2026-04,141.90033676483566
51200000642,2026-04,147.27618384022466
51200000643,2026-04,119.50300888131821
51200000644,2026-04,219.74669132970945
51200000645,2026-04,141.72295201031218
51200000646,2026-04,325.8635182955088
51200000647,2026-04,135.11688509332663
51200000648,2026-04,104.4372260055828
51200000649,2026-04,139.9321084476608
51200000650,2026-04,139.85129122418644
51200000651,2026-04,277.32841233815566
51200000652,2026-04,161.69991499169416
51200000653,2026-04,167.23563895139347
51200000654,2026-04,139.79606649823108
51200000655,2026-04,422.5152761625718
51200000656,2026-04,535.7074300845189
51200000657,2026-04,122.27056442615881
51200000658,2026-04,9236.506254746633
51200000659,2026-04,146.81338837936468
51200000660,2026-04,825.527121202346
51200000661,2026-04,106.6738704778866
51200000662,2026-04,143.4595744915181
51200000663,2026-04,65.41244181045852
51200000664,2026-04,209.8961211394008
51200000665,2026-04,131.11675786880133
51200000666,2026-04,338.7902565904477
51200000667,2026-04,127.85293051194259
51200000668,2026-04,262.17855796399124
51200000669,2026-04,195.56846634188355
51200000670,2026-04,272.26256181144987
51200000671,2026-04,304.5725355392572
51200000672,2026-04,132.0969983616787
51200000673,2026-04,176.20354462607466
51200000674,2026-04,108.85886867693492
51200000675,2026-04,114.97458672942432
51200000676,2026-04,308.8296828267282
51200000677,2026-04,94.04508044924458
51200000678,2026-04,249.94985275481991
51200000679,2026-04,136.0831354987313
51200000680,2026-04,131.14301694358304
51200000681,2026-04,240.23616944419928
51200000682,2026-04,9154.396586802632
51200000683,2026-04,147.17909011978549
51200000684,2026-04,147.21091964934402
51200000685,2026-04,226.94357187622984
51200000686,2026-04,112.66213511858882
51200000687,2026-04,154.07218142050593
51200000688,2026-04,252.03720472476786
51200000689,2026-04,100.32718898803807
51200000690,2026-04,122.51149182729884
51200000691,2026-04,120.50495911004501
51200000692,2026-04,145.76315989546836
51200000693,2026-04,126.67132592443195
51200000694,2026-04,270.0778532464935
51200000695,2026-04,305.82722482738217
51200000696,2026-04,7335.737029584835
51200000697,2026-04,63.683484494325285
51200000698,2026-04,349.8370625260874
51200000699,2026-04,199.32110641229895
51200000700,2026-04,58.68359363675614
51200000701,2026-04,153.4848142917673
51200000702,2026-04,148.24268849220658
51200000703,2026-04,835.5554930622392
51200000704,2026-04,254.48976084272908
51200000705,2026-04,280.527202263525
51200000706,2026-04,127.63659995624988
51200000707,2026-04,223.130901481407
51200000708,2026-04,246.67869347377552
51200000709,2026-04,155.0211141530921
51200000710,2026-04,142.6711488233781
51200000711,2026-04,162.83339444100935
51200000712,2026-04,266.004090770044
51200000713,2026-04,6431.648512551233
51200000714,2026-04,239.05685724236514
51200000715,2026-04,140.69600274675742
51200000716,2026-04,216.15938829296337
51200000717,2026-04,146.90325473047986
51200000718,2026-04,185.03999073876045
51200000719,2026-04,104.26827314273439
51200000720,2026-04,121.23379006957049
51200000721,2026-04,123.47713823312463
51200000722,2026-04,195.04343902828512
51200000723,2026-04,230.75714010664757
51200000724,2026-04,222.14569080931597
51200000725,2026-04,66.90383716601417
51200000726,2026-04,138.97109088699793
51200000727,2026-04,231.16386008342351
51200000728,2026-04,250.60031896425198
51200000729,2026-04,296.4221857756293
51200000730,2026-04,89.21340483649988
51200000731,2026-04,126.73180912361437
51200000732,2026-04,312.15863553839944
51200000733,2026-04,309.14559454502495
51200000734,2026-04,156.29759843387617
51200000735,2026-04,140.297902915062
51200000736,2026-04,124.48306624911268
51200000737,2026-04,7816.330015309814
51200000738,2026-04,196.88858757991045
51200000739,2026-04,128.90675185283666
51200000740,2026-04,113.11750624174243
51200000741,2026-04,259.3647294306497
51200000742,2026-04,366.0978205105975
51200000743,2026-04,134.96716615371022
51200000744,2026-04,130.8370118040984
51200000745,2026-04,2933.6433613983363
51200000746,2026-04,66.16552325255412
51200000747,2026-04,277.1796482929677
51200000748,2026-04,538.5489500040521
51200000749,2026-04,130.09628827423012
51200000750,2026-04,123.31212789338937
51200000751,2026-04,144.1276166203461
51200000752,2026-04,145.50670811759997
51200000753,2026-04,267.85793816767483
51200000754,2026-04,803.5134687554097
51200000755,2026-04,142.07163240679776
51200000756,2026-04,149.94211919443387
51200000757,2026-04,254.2978325241756
51200000758,2026-04,300.33062599635645
51200000759,2026-04,201.37056830704392
51200000760,2026-04,278.76940509431967
51200000761,2026-04,147.41202263772507
51200000762,2026-04,129.38176430843626
51200000763,2026-04,277.49648822745655
51200000764,2026-04,279.14763096577985
51200000765,2026-04,108.55627829905293
51200000766,2026-04,127.59511841349655
51200000767,2026-04,154.71441358461513
51200000768,2026-04,278.15172044057465
51200000769,2026-04,237.607954277948
51200000770,2026-04,123.73941462453254
51200000771,2026-04,118.94532709925895
51200000772,2026-04,121.77026445750383
51200000773,2026-04,112.39901893729319
51200000774,2026-04,137.06801094904958
51200000775,2026-04,174.04753336728425
51200000776,2026-04,206.66152831456859
51200000777,2026-04,255.81943716896183
51200000778,2026-04,117.38418358234142
51200000779,2026-04,136.23209575283624
51200000780,2026-04,235.21259976175384
51200000781,2026-04,1198.5533113420947
51200000782,2026-04,264.84845211624463
51200000783,2026-04,126.30330214532134
51200000784,2026-04,186.49412302882962
51200000785,2026-04,136.66717407296096
51200000786,2026-04,155.77278297699468
51200000787,2026-04,141.28185123451152
51200000788,2026-04,231.53504077646375
51200000789,2026-04,125.69224747414361
51200000790,2026-04,127.18924352624953
51200000791,2026-04,114.7656972740051
51200000792,2026-04,123.53359932138636
51200000793,2026-04,125.97896960403077
51200000794,2026-04,132.12401264303358
51200000795,2026-04,268.6310893909671
51200000796,2026-04,344.5499560898054
51200000797,2026-04,150.598221879536
51200000798,2026-04,102.7988621570785
51200000799,2026-04,62.16327931716671
51200000800,2026-04,612.7709524297866
51200000801,2026-04,393.20013518532437
51200000802,2026-04,240.79912081140864
51200000803,2026-04,869.0301061678108
51200000804,2026-04,65.78735365712669
51200000805,2026-04,257.80532578177804
51200000806,2026-04,160.07786763631043
51200000807,2026-04,279.9690296666421
51200000808,2026-04,141.01273610446813
51200000809,2026-04,878.6949461583172
51200000810,2026-04,478.04614809179384
51200000811,2026-04,142.71697545120097
51200000812,2026-04,247.4525738042247
51200000813,2026-04,111.73109832568687
51200000814,2026-04,150.60463862118704
51200000815,2026-04,113.52959218044504
51200000816,2026-04,100.88423828122998
51200000817,2026-04,123.96080142560947
51200000818,2026-04,116.65172148990945
51200000819,2026-04,131.998882073731
51200000820,2026-04,347.3895389554145
51200000821,2026-04,219.9555865722984
51200000822,2026-04,128.84054338600006
51200000823,2026-04,262.72288243792514
51200000824,2026-04,143.8904801343623
51200000825,2026-04,123.63716516044059
51200000826,2026-04,353.93838919795473
51200000827,2026-04,143.03689174066562
51200000828,2026-04,129.90486793829467
51200000829,2026-04,280.20599940163095
51200000830,2026-04,333.15806730122654
51200000831,2026-04,756.3566852065026
51200000832,2026-04,115.22423423389347
51200000833,2026-04,98.48237927760434
51200000834,2026-04,239.64567287901056
51200000835,2026-04,153.5019685673684
51200000836,2026-04,58.077222948183646
51200000837,2026-04,252.0709227836112
51200000838,2026-04,65.87236233005808
51200000839,2026-04,290.30458268887435
51200000840,2026-04,992.2499899831386
51200000841,2026-04,297.98488260980093
51200000842,2026-04,126.45730566070424
51200000843,2026-04,101.75169834028972
51200000844,2026-04,172.19095633464283
51200000845,2026-04,147.31631805817636
51200000846,2026-04,316.2377059858078
51200000847,2026-04,119.9814978314736
51200000848,2026-04,133.28569314325355
51200000849,2026-04,133.6106688101963
51200000850,2026-04,379.6838988882304
51200000851,2026-04,296.5754165631605
51200000852,2026-04,110.81723877799337
51200000853,2026-04,89.24652761924881
51200000854,2026-04,234.25420071404034
51200000855,2026-04,120.8642048800169
51200000856,2026-04,217.2792326330087
51200000857,2026-04,110.80702369136475
51200000858,2026-04,11208.110453551464
51200000859,2026-04,384.94288621325217
51200000860,2026-04,137.42373436399953
51200000861,2026-04,128.07072288117985
51200000862,2026-04,118.86388602685514
51200000863,2026-04,135.06302087911226
51200000864,2026-04,8041.7551298900935
51200000865,2026-04,132.93048079370786
51200000866,2026-04,314.50264207017943
51200000867,2026-04,123.64978896123662
51200000868,2026-04,161.6842737464639
51200000869,2026-04,123.01643899543478
51200000870,2026-04,270.8306653765868
51200000871,2026-04,319.51368279844206
51200000872,2026-04,145.33319394813046
51200000873,2026-04,1207.007687253672
51200000874,2026-04,342.0140416317877
51200000875,2026-04,119.44409211740967
51200000876,2026-04,106.63700241508676
51200000877,2026-04,77.84404789992203
51200000878,2026-04,176.7137582375058
51200000879,2026-04,140.8188695496312
51200000880,2026-04,272.62765730775527
51200000881,2026-04,101.36543140402483
51200000882,2026-04,119.57234163254682
51200000883,2026-04,274.0235748261254
51200000884,2026-04,143.4852112788251
51200000885,2026-04,119.27788026710738
51200000886,2026-04,6502.908411556981
51200000887,2026-04,102.21366737646338
51200000888,2026-04,242.2962735871821
51200000889,2026-04,154.14852373318914
51200000890,2026-04,183.2706004712679
51200000891,2026-04,1200.3799579339625
51200000892,2026-04,301.2418698196021
51200000893,2026-04,244.26078294062825
51200000894,2026-04,138.9193711026658
51200000895,2026-04,113.99965274686329
51200000896,2026-04,61.207826303255956
51200000897,2026-04,123.88803085150673
51200000898,2026-04,241.25528518726412
51200000899,2026-04,267.81620909206634
51200000900,2026-04,602.8303229228698
51200000901,2026-04,142.03159607901156
51200000902,2026-04,115.11134197645038
51200000903,2026-04,125.40479131691282
51200000904,2026-04,850.9261529196992
51200000905,2026-04,129.58130018108406
51200000906,2026-04,266.74898573721447
51200000907,2026-04,123.08254055060436
51200000908,2026-04,476.53070910349106
51200000909,2026-04,144.9697577921066
51200000910,2026-04,135.58501143893326
51200000911,2026-04,200.6140264991171
51200000912,2026-04,120.77606791992704
51200000913,2026-04,263.0026945951439
51200000914,2026-04,60.75950787860421
51200000915,2026-04,116.38345295164768
51200000916,2026-04,57.095705837571984
51200000917,2026-04,990.1691293478578
51200000918,2026-04,304.60867252979654
51200000919,2026-04,291.83571393365537
51200000920,2026-04,139.73065752275915
51200000921,2026-04,128.17744969138633
51200000922,2026-04,66.82755143892706
51200000923,2026-04,109.87353937298673
51200000924,2026-04,314.02565762334524
51200000925,2026-04,321.314889922057
51200000926,2026-04,107.12898435803302
51200000927,2026-04,123.48353619744105
51200000928,2026-04,441.2406463294883
51200000929,2026-04,261.6130056208412
51200000930,2026-04,656.2207844918082
51200000931,2026-04,279.1431539055361
51200000932,2026-04,204.74630396780054
51200000933,2026-04,209.10012550477794
51200000934,2026-04,77.78323748498627
51200000935,2026-04,876.3205449387203
51200000936,2026-04,114.58370487658473
51200000937,2026-04,295.67151550375513
51200000938,2026-04,107.44359130129047
51200000939,2026-04,131.69177194076948
51200000940,2026-04,288.6082288641568
51200000941,2026-04,626.9708130746069
51200000942,2026-04,113.03673892150326
51200000943,2026-04,106.60782174798169
51200000944,2026-04,229.90021505818015
51200000945,2026-04,237.453543769244
51200000946,2026-04,165.99008038633744
51200000947,2026-04,66.20924298042667
51200000948,2026-04,345.05300726508943
51200000949,2026-04,122.87241289698844
51200000950,2026-04,227.18628273966615
51200000951,2026-04,279.94867768460614
51200000952,2026-04,346.6074663017888
51200000953,2026-04,356.60031430334857
51200000954,2026-04,235.54284435422113
51200000955,2026-04,126.77796148032198
51200000956,2026-04,230.2754154781851
51200000957,2026-04,104.8103095666456
51200000958,2026-04,342.74339268793193
51200000959,2026-04,148.95893754472488
51200000960,2026-04,116.48900236954412
51200000961,2026-04,149.6593349827826
51200000962,2026-04,227.74918160308948
51200000963,2026-04,64.83041151068528
51200000964,2026-04,235.93473967985955
51200000965,2026-04,106.69372149653503
51200000966,2026-04,401.4105921550412
51200000967,2026-04,221.04035158425032
51200000968,2026-04,142.8023500777526
51200000969,2026-04,113.58471281781726
51200000970,2026-04,673.491675061557
51200000971,2026-04,143.1574248772769
51200000972,2026-04,122.81586333676145
51200000973,2026-04,7599.006806252181
51200000974,2026-04,218.34325634452836
51200000975,2026-04,150.14432534384034
51200000976,2026-04,191.3726354998971
51200000977,2026-04,458.31997436765704
51200000978,2026-04,144.18034516432894
51200000979,2026-04,141.3002037113464
51200000980,2026-04,7543.107194016717
51200000981,2026-04,277.3932824586083
51200000982,2026-04,277.7311088760585
51200000983,2026-04,740.0837044255431
51200000984,2026-04,153.79174435362458
51200000985,2026-04,893.022098546859
51200000986,2026-04,254.33583964338783
51200000987,2026-04,125.90347198469738
51200000988,2026-04,101.01751221140287
51200000989,2026-04,110.17401230320976
51200000990,2026-04,302.0038881037672
51200000991,2026-04,543.9404978622916
51200000992,2026-04,96.23075425486462
51200000993,2026-04,250.47117674390876
51200000994,2026-04,122.47503422651528
51200000995,2026-04,57.91363676308168
51200000996,2026-04,155.16903524493037
51200000997,2026-04,88.50394965115606
51200000998,2026-04,101.24631804394221
51200000999,2026-04,126.84241678231831
51200001000,2026-04,134.3744956959682
51200001001,2026-04,126.81586585075513
51200001002,2026-04,144.18773585877952
51200001003,2026-04,147.41331819962235
51200001004,2026-04,316.06077392225984
51200001005,2026-04,142.79913372955363
51200001006,2026-04,105.88375422561668
51200001007,2026-04,88.25337924790392
51200001008,2026-04,117.90028227180383
51200001009,2026-04,86.0886408868389
51200001010,2026-04,141.52095154651562
51200001011,2026-04,90.43619821382592
51200001012,2026-04,142.54126836263976
51200001013,2026-04,166.76438413806696
51200001014,2026-04,300.6318891992165
51200001015,2026-04,402.04437348773797
51200001016,2026-04,111.47519778019483
51200001017,2026-04,296.88086027297004
51200001018,2026-04,138.21640129775918
51200001019,2026-04,194.434254309674
51200001020,2026-04,157.5552063812372
51200001021,2026-04,157.64959615976457
51200001022,2026-04,246.40359488244042
51200001023,2026-04,193.88714975739398
51200001024,2026-04,721.1890917264088
51200001025,2026-04,425.46649751787936
51200001026,2026-04,127.28279013705765
51200001027,2026-04,160.93349084751713
51200001028,2026-04,6677.574395776233
51200001029,2026-04,112.7204880092822
51200001030,2026-04,104.56711455790628
51200001031,2026-04,118.87347416623774
51200001032,2026-04,152.260739842741
51200001033,2026-04,229.33936471864303
51200001034,2026-04,126.42917480041655
51200001035,2026-04,346.7669483102928
51200001036,2026-04,135.19463035611702
51200001037,2026-04,135.89401249350072
51200001038,2026-04,84.19719210610799
51200001039,2026-04,114.86854587717701
51200001040,2026-04,120.78732117889615
51200001041,2026-04,213.27847351881329
51200001042,2026-04,582.1355005146669
51200001043,2026-04,804.0148322770524
51200001044,2026-04,68.82386962632421
51200001045,2026-04,829.8101041945214
51200001046,2026-04,168.43113219194728
51200001047,2026-04,367.9342061868735
51200001048,2026-04,175.76812395823518
51200001049,2026-04,215.8105171738973
51200001050,2026-04,11979.938003491592
51200001051,2026-04,193.46202627246262
51200001052,2026-04,98.44677735251756
51200001053,2026-04,196.16179397787485
51200001054,2026-04,116.2954282785079
51200001055,2026-04,164.3971156587045
51200001056,2026-04,117.87358994995958
51200001057,2026-04,130.80162396717898
51200001058,2026-04,117.57452806400264
51200001059,2026-04,131.98154450596914
51200001060,2026-04,136.36011182307678
51200001061,2026-04,144.97040477581632
51200001062,2026-04,86.4189727711979
51200001063,2026-04,148.14764457846138
51200001064,2026-04,125.9465686459923
51200001065,2026-04,88.41771568173795
51200001066,2026-04,278.38401839137475
51200001067,2026-04,132.34523173118922
51200001068,2026-04,128.37617112435268
51200001069,2026-04,252.211489221019
51200001070,2026-04,92.9326943905514
51200001071,2026-04,263.9313190771045
51200001072,2026-04,306.847843845186
51200001073,2026-04,134.73973397375445
51200001074,2026-04,272.282437214328
51200001075,2026-04,144.70836602178187
51200001076,2026-04,107.5808996126321
51200001077,2026-04,139.4028230129817
51200001078,2026-04,145.06095073422736
51200001079,2026-04,126.3845313805875
51200001080,2026-04,161.37769713430438
51200001081,2026-04,134.35771156836606
51200001082,2026-04,309.4601921558014
51200001083,2026-04,203.75212654442174
51200001084,2026-04,395.6149618233536
51200001085,2026-04,253.31385254181777
51200001086,2026-04,101.22213312631902
51200001087,2026-04,140.5706365645434
51200001088,2026-04,174.71854835163188
51200001089,2026-04,91.78631372722504
51200001090,2026-04,212.6557361560694
51200001091,2026-04,90.54433608806315
51200001092,2026-04,820.1744779294384
51200001093,2026-04,100.37741342927958
51200001094,2026-04,345.0477261386673
51200001095,2026-04,152.70174986481103
51200001096,2026-04,398.0403090548123
51200001097,2026-04,127.1776038179218
51200001098,2026-04,410.88241324810315
51200001099,2026-04,115.49639556919237
51200001100,2026-04,160.40277568343143
51200001101,2026-04,195.76916420013595
51200001102,2026-04,140.08267352430738
51200001103,2026-04,62.613023042683324
51200001104,2026-04,220.36328304122213
51200001105,2026-04,129.0520615581681
51200001106,2026-04,126.95429926221476
51200001107,2026-04,120.75147700142924
51200001108,2026-04,147.4772901996413
51200001109,2026-04,147.22996548219848
51200001110,2026-04,204.57602164076104
51200001111,2026-04,7225.048195537131
51200001112,2026-04,212.0994343389949
51200001113,2026-04,80.17297195260039
51200001114,2026-04,291.5334796053987
51200001115,2026-04,128.8380216979999
51200001116,2026-04,151.25617277018708
51200001117,2026-04,147.12069231773106
51200001118,2026-04,122.16024037704571
51200001119,2026-04,243.78194254580757
51200001120,2026-04,172.34624117290923
51200001121,2026-04,223.31565553719722
51200001122,2026-04,130.8917879052435
51200001123,2026-04,128.49732068698555
51200001124,2026-04,260.18700962213256
51200001125,2026-04,316.28392140878975
51200001126,2026-04,269.3944091831607
51200001127,2026-04,201.08525708442127
51200001128,2026-04,150.8536270135148
51200001129,2026-04,184.43985556731718
51200001130,2026-04,131.6846439380945
51200001131,2026-04,264.58975297653575
51200001132,2026-04,137.3003993981196
51200001133,2026-04,148.06537851411034
51200001134,2026-04,156.08582897243434
51200001135,2026-04,5428.390327267548
51200001136,2026-04,118.92143668245544
51200001137,2026-04,123.88895281823346
51200001138,2026-04,90.29192506585431
51200001139,2026-04,243.05123103121304
51200001140,2026-04,231.38180496991725
51200001141,2026-04,115.51447622081812
51200001142,2026-04,115.54729013555126
51200001143,2026-04,147.43650516466454
51200001144,2026-04,150.75711395776037
51200001145,2026-04,203.3154050369433
51200001146,2026-04,207.00915164313045
51200001147,2026-04,294.8466824590031
51200001148,2026-04,63.217357445755056
51200001149,2026-04,156.1213846415828
51200001150,2026-04,260.309969973311
51200001151,2026-04,138.02268253534803
51200001152,2026-04,205.82388213006215
51200001153,2026-04,103.61947814312771
51200001154,2026-04,442.0340363308611
51200001155,2026-04,295.64817328711587
51200001156,2026-04,152.53313593753643
51200001157,2026-04,1287.6431750672186
51200001158,2026-04,641.506676410328
51200001159,2026-04,961.7387693129675
51200001160,2026-04,222.8449480268687
51200001161,2026-04,118.12084981970341
51200001162,2026-04,10725.617643336158
51200001163,2026-04,123.40756181478699
51200001164,2026-04,293.9172819131645
51200001165,2026-04,144.67662255228632
51200001166,2026-04,148.81901248960878
51200001167,2026-04,139.99838495343877
51200001168,2026-04,147.13520222799485
51200001169,2026-04,226.9755675717318
51200001170,2026-04,187.29695307530878
51200001171,2026-04,120.06816646059573
51200001172,2026-04,133.48163208465317
51200001173,2026-04,117.31427739507924
51200001174,2026-04,126.91130875562226
51200001175,2026-04,284.4504355912654
51200001176,2026-04,258.3244789014058
51200001177,2026-04,390.15627890673744
51200001178,2026-04,239.17066785553797
51200001179,2026-04,483.4279549458886
51200001180,2026-04,188.6941958943355
51200001181,2026-04,148.57821086870152
51200001182,2026-04,396.4612571664398
51200001183,2026-04,115.44012751428849
51200001184,2026-04,140.9246822101325
51200001185,2026-04,106.84978126146916
51200001186,2026-04,252.36138108552257
51200001187,2026-04,130.86530168854517
51200001188,2026-04,247.42437483462038
51200001189,2026-04,297.3085414314647
51200001190,2026-04,178.32709559763728
51200001191,2026-04,102.53654089891373
51200001192,2026-04,133.22252361241556
51200001193,2026-04,114.39368403664665
51200001194,2026-04,125.18176400414217
51200001195,2026-04,124.22703710231494
51200001196,2026-04,232.4172950930535
51200001197,2026-04,176.5542295091368
51200001198,2026-04,216.66172927845835
51200001199,2026-04,117.87506355778325
51200001200,2026-04,509.88158651944684
51200001201,2026-04,121.84416558586736
51200001202,2026-04,118.18821139733038
51200001203,2026-04,126.10448869822378
51200001204,2026-04,131.84104730422987
51200001205,2026-04,171.734788641969
51200001206,2026-04,145.49745324055928
51200001207,2026-04,164.69632849055452
51200001208,2026-04,154.37539840762898
51200001209,2026-04,288.50463864741073
51200001210,2026-04,1067.3782516595456
51200001211,2026-04,171.20117650206876
51200001212,2026-04,245.5268209860455
51200001213,2026-04,144.82797705547833
51200001214,2026-04,182.65337872534744
51200001215,2026-04,132.5023199890265
51200001216,2026-04,88.65215028139926
51200001217,2026-04,156.35239560508123
51200001218,2026-04,101.13590303452852
51200001219,2026-04,9846.75457242838
51200001220,2026-04,120.54672400887458
51200001221,2026-04,108.69459283151775
51200001222,2026-04,145.19650248551866
51200001223,2026-04,110.91692608352415
51200001224,2026-04,207.67314951214107
51200001225,2026-04,117.26850494602368
51200001226,2026-04,251.13322206446094
51200001227,2026-04,106.37787560626026
51200001228,2026-04,163.2005641547806
51200001229,2026-04,292.22047152996765
51200001230,2026-04,131.50665079606452
51200001231,2026-04,6155.282734647919
51200001232,2026-04,135.38413968683867
51200001233,2026-04,115.54430587546003
51200001234,2026-04,85.73052789499218
51200001235,2026-04,126.37579088555887
51200001236,2026-04,124.87140419693634
51200001237,2026-04,110.54016171152256
51200001238,2026-04,142.65009779211638
51200001239,2026-04,10737.310005539654
51200001240,2026-04,137.76851471824457
51200001241,2026-04,164.12821006492734
51200001242,2026-04,139.5104319346619
51200001243,2026-04,118.48039531623127
51200001244,2026-04,253.27064889175932
51200001245,2026-04,202.3933193104606
51200001246,2026-04,115.0286970129616
51200001247,2026-04,8074.5097422295285
51200001248,2026-04,814.6689811384222
51200001249,2026-04,1008.5723289683551
51200001250,2026-04,132.17240339193503
51200001251,2026-04,235.67263051244868
51200001252,2026-04,308.8864472922865
51200001253,2026-04,10050.018637525467
51200001254,2026-04,118.26098267169499
51200001255,2026-04,286.3106796024499
51200001256,2026-04,132.6381746676203
51200001257,2026-04,330.95261505736136
51200001258,2026-04,220.84075764982816
51200001259,2026-04,5943.423060529004
51200001260,2026-04,137.5023541753741
51200001261,2026-04,251.4420007571424
51200001262,2026-04,153.0847594669249
51200001263,2026-04,106.34636290380604
51200001264,2026-04,122.45562944474582
51200001265,2026-04,59.51678137708063
51200001266,2026-04,128.4501647980188
51200001267,2026-04,134.2461485298536
51200001268,2026-04,186.83997492177772
51200001269,2026-04,149.3304319561124
51200001270,2026-04,422.2420165849031
51200001271,2026-04,105.10411469583113
51200001272,2026-04,322.0105210499376
51200001273,2026-04,278.2608165217354
51200001274,2026-04,401.15569477695914
51200001275,2026-04,6205.799113304768
51200001276,2026-04,146.75358264005385
51200001277,2026-04,241.6525808931566
51200001278,2026-04,267.84356159051544
51200001279,2026-04,118.07687278418285
51200001280,2026-04,132.52730618890692
51200001281,2026-04,286.4333876917904
51200001282,2026-04,91.02448124557625
51200001283,2026-04,127.79347296847882
51200001284,2026-04,123.16004417923261
51200001285,2026-04,222.15935138338506
51200001286,2026-04,55.23082332740995
51200001287,2026-04,88.16553748678695
51200001288,2026-04,148.01026622802632
51200001289,2026-04,113.51840973242903
51200001290,2026-04,273.7629134575434
51200001291,2026-04,231.33833783423069
51200001292,2026-04,474.595226979823
51200001293,2026-04,116.65102285253153
51200001294,2026-04,333.8541277388798
51200001295,2026-04,141.70297070652146
51200001296,2026-04,255.82513846698228
51200001297,2026-04,164.06523861266456
51200001298,2026-04,138.17071856952847
51200001299,2026-04,130.83473096490152
51200001300,2026-04,324.8264212022459
51200001301,2026-04,120.97000965570192
51200001302,2026-04,136.46925902948342
51200001303,2026-04,117.15672955875706
51200001304,2026-04,155.45415591218057
51200001305,2026-04,324.6270546213892
51200001306,2026-04,1107.9520880663617
51200001307,2026-04,135.2517901684284
51200001308,2026-04,52.47600581614847
51200001309,2026-04,145.58198528384278
51200001310,2026-04,352.77692234731967
51200001311,2026-04,103.72665952568184
51200001312,2026-04,92.60689986696639
51200001313,2026-04,212.1045334216669
51200001314,2026-04,62.737356287807984
51200001315,2026-04,8664.70384351985
51200001316,2026-04,65.7637006095897
51200001317,2026-04,121.89197058168625
51200001318,2026-04,146.5917290115429
51200001319,2026-04,130.5332494466959
51200001320,2026-04,223.04510987594455
51200001321,2026-04,62.66056449793405
51200001322,2026-04,133.1158649219163
51200001323,2026-04,1054.1096129121038
51200001324,2026-04,116.366388888832
51200001325,2026-04,297.1449398600977
51200001326,2026-04,146.15627400589474
51200001327,2026-04,102.33581609040075
51200001328,2026-04,177.60136584827106
51200001329,2026-04,148.78166060643073
51200001330,2026-04,155.82448626759614
51200001331,2026-04,127.22412002427876
51200001332,2026-04,108.00870754486834
51200001333,2026-04,121.11742930352867
51200001334,2026-04,130.72647160211093
51200001335,2026-04,105.29817300968034
51200001336,2026-04,128.59704442647387
51200001337,2026-04,120.55900814597535
51200001338,2026-04,321.21218184139116
51200001339,2026-04,254.3376418643699
51200001340,2026-04,136.19110278103076
51200001341,2026-04,157.47314857133284
51200001342,2026-04,216.30503093038374
51200001343,2026-04,124.19837200040288
51200001344,2026-04,135.35538797552894
51200001345,2026-04,17803.091686268064
51200001346,2026-04,120.51092689116658
51200001347,2026-04,129.2082450241168
51200001348,2026-04,136.3104326289837
51200001349,2026-04,116.60644041412232
51200001350,2026-04,281.37558838607094
51200001351,2026-04,59.797370252505914
51200001352,2026-04,570.3487757862712
51200001353,2026-04,33739.65010289424
51200001354,2026-04,491.0123708642875
51200001355,2026-04,404.6831076643652
51200001356,2026-04,197.6497694893409
51200001357,2026-04,410.90146347890754
51200001358,2026-04,327.1096213792373
51200001359,2026-04,263.0200191890627
51200001360,2026-04,122.66656193963848
51200001361,2026-04,400.3208012904628
51200001362,2026-04,130.98058491514885
51200001363,2026-04,277.4302510940141
51200001364,2026-04,83.31382670655756
51200001365,2026-04,110.8707231020527
51200001366,2026-04,172.57803705147197
51200001367,2026-04,891.0879380128387
51200001368,2026-04,11902.09711372722
51200001369,2026-04,77.62867195165592
51200001370,2026-04,118.70233737825234
51200001371,2026-04,233.4135185241429
51200001372,2026-04,105.50861947894126
51200001373,2026-04,377.64764924549456
51200001374,2026-04,270.516258871862
51200001375,2026-04,237.84835643843775
51200001376,2026-04,246.61980218594317
51200001377,2026-04,209.76414349121245
51200001378,2026-04,114.8891983827057
51200001379,2026-04,161.80040654604667
51200001380,2026-04,215.94346608684367
51200001381,2026-04,373.313648494863
51200001382,2026-04,171.34322480742853
51200001383,2026-04,228.13790176014885
51200001384,2026-04,133.99914457436188
51200001385,2026-04,282.0593596376327
51200001386,2026-04,117.3177730376535
51200001387,2026-04,1328.9396969122795
51200001388,2026-04,75.51657532946751
51200001389,2026-04,302.8815519029365
51200001390,2026-04,265.85860518125077
51200001391,2026-04,242.29256235293593
51200001392,2026-04,224.8222375837102
51200001393,2026-04,236.0638339082775
51200001394,2026-04,144.01855768918767
51200001395,2026-04,122.22601393505596
51200001396,2026-04,190.74216695138108
51200001397,2026-04,140.38909850825516
51200001398,2026-04,135.83121368670132
51200001399,2026-04,305.73390334620603
51200001400,2026-04,169.27648848256965
51200001401,2026-04,118.3118214013405
51200001402,2026-04,156.3370372517966
51200001403,2026-04,113.63642800257173
51200001404,2026-04,60.17112611748843
51200001405,2026-04,116.9324393268372
51200001406,2026-04,444.6057633074986
51200001407,2026-04,321.84067302365435
51200001408,2026-04,139.61773517431863
51200001409,2026-04,221.55516443239134
51200001410,2026-04,125.01534858404804
51200001411,2026-04,267.73201419241747
51200001412,2026-04,181.5806135354612
51200001413,2026-04,237.18770457102096
51200001414,2026-04,208.60515720935663
51200001415,2026-04,280.91690061317166
51200001416,2026-04,314.6327979179302
51200001417,2026-04,226.07015111109837
51200001418,2026-04,131.9617051911153
51200001419,2026-04,63.8289565356327
51200001420,2026-04,1167.493057549259
51200001421,2026-04,117.91441952484493
51200001422,2026-04,127.62853244538385
51200001423,2026-04,137.18228238303783
51200001424,2026-04,267.81354026069897
51200001425,2026-04,131.62072604861953
51200001426,2026-04,206.5437860399431
51200001427,2026-04,137.08245321345055
51200001428,2026-04,298.5409241113507
51200001429,2026-04,108.72396557434374
51200001430,2026-04,123.6678694812617
51200001431,2026-04,390.86943617195493
51200001432,2026-04,821.0361913829195
51200001433,2026-04,129.50641619173447
51200001434,2026-04,142.00038180617432
51200001435,2026-04,120.68700799673465
51200001436,2026-04,122.050253011372
51200001437,2026-04,120.84879539689649
51200001438,2026-04,148.88029204340188
51200001439,2026-04,602.1967431040193
51200001440,2026-04,11906.816938288524
51200001441,2026-04,253.64322503932263
51200001442,2026-04,102.9386566701115
51200001443,2026-04,407.54407543606237
51200001444,2026-04,177.65957312372885
51200001445,2026-04,118.87900675554499
51200001446,2026-04,144.92289954397373
51200001447,2026-04,141.46526012236617
51200001448,2026-04,136.83044636171223
51200001449,2026-04,121.37914511297438
51200001450,2026-04,254.25507358697524
51200001451,2026-04,200.7621092319777
51200001452,2026-04,149.96367162677177
51200001453,2026-04,163.09248445159994
51200001454,2026-04,155.12572740058476
51200001455,2026-04,275.13262214087877
51200001456,2026-04,122.91528761420676
51200001457,2026-04,189.0358373320901
51200001458,2026-04,294.3370283027255
51200001459,2026-04,97.95737561516083
51200001460,2026-04,112.15450343763573
51200001461,2026-04,5302.1343775284995
51200001462,2026-04,7799.884766445678
51200001463,2026-04,222.53570771468023
51200001464,2026-04,110.88872180635516
51200001465,2026-04,129.30270328456177
51200001466,2026-04,230.209329770157
51200001467,2026-04,127.46783010063314
51200001468,2026-04,187.33235962756675
51200001469,2026-04,56.57223004524582
51200001470,2026-04,901.7151918113548
51200001471,2026-04,62.043303788920696
51200001472,2026-04,126.72309342568511
51200001473,2026-04,239.01389361548564
51200001474,2026-04,80.81849235460447
51200001475,2026-04,169.5916380336403
51200001476,2026-04,118.46972816050632
51200001477,2026-04,148.1657230574826
51200001478,2026-04,180.8120167790983
51200001479,2026-04,133.7912741827559
51200001480,2026-04,240.23035877013209
51200001481,2026-04,5185.57700982282
51200001482,2026-04,125.91799918693536
51200001483,2026-04,111.88613624681872
51200001484,2026-04,133.0623534078317
51200001485,2026-04,128.04066479402445
51200001486,2026-04,126.1719984479762
51200001487,2026-04,216.36769892019558
51200001488,2026-04,139.78802420566925
51200001489,2026-04,140.73345258199143
51200001490,2026-04,342.0831293500902
51200001491,2026-04,130.6113694199396
51200001492,2026-04,243.67276455903362
51200001493,2026-04,146.96103756834947
51200001494,2026-04,135.809264848015
51200001495,2026-04,122.79176116039906
51200001496,2026-04,5770.225230996312
51200001497,2026-04,1926.8505608325054
51200001498,2026-04,113.75931354396408
51200001499,2026-04,518.5668119162126
51200001500,2026-04,305.3340540927874
51200001501,2026-04,146.91432757951986
51200001502,2026-04,125.94642896840796
51200001503,2026-04,129.54486500289042
51200001504,2026-04,115.99978030381479
51200001505,2026-04,793.416078140663
51200001506,2026-04,191.8517431757796
51200001507,2026-04,232.2187556910082
51200001508,2026-04,130.45164005560693
51200001509,2026-04,79.79542326726386
51200001510,2026-04,221.46877714817057
51200001511,2026-04,170.27973402487416
51200001512,2026-04,160.7136880853653
51200001513,2026-04,127.46079154969468
51200001514,2026-04,231.03388228806466
51200001515,2026-04,132.1322263617114
51200001516,2026-04,117.26997680368689
51200001517,2026-04,118.7184797796229
51200001518,2026-04,214.09079664264044
51200001519,2026-04,387.865694889657
51200001520,2026-04,758.698808241719
51200001521,2026-04,163.72506629129097
51200001522,2026-04,150.8747383254789
51200001523,2026-04,567.217481464604
51200001524,2026-04,69.2968882307132
51200001525,2026-04,7134.793838621424
51200001526,2026-04,60.04025716940686
51200001527,2026-04,261.0269756467413
51200001528,2026-04,688.4044347718825
51200001529,2026-04,229.9207189914676
51200001530,2026-04,2990.511264587171
51200001531,2026-04,100.59402840499197
51200001532,2026-04,233.6549358492283
51200001533,2026-04,120.4107021390528
51200001534,2026-04,156.6481408998536
51200001535,2026-04,257.11139550254615
51200001536,2026-04,88.68822838700339
51200001537,2026-04,451.3393539430484
51200001538,2026-04,5874.163418935547
51200001539,2026-04,130.71023332805714
51200001540,2026-04,301.6980588328412
51200001541,2026-04,133.6541212716405
51200001542,2026-04,257.49150649789476
51200001543,2026-04,305.0526534464063
51200001544,2026-04,106.8634094452774
51200001545,2026-04,347.4377589096917
51200001546,2026-04,326.4705741330959
51200001547,2026-04,124.43608248806981
51200001548,2026-04,142.0281260366108
51200001549,2026-04,710.6809433816791
51200001550,2026-04,301.457768204786
51200001551,2026-04,150.99415936395238
51200001552,2026-04,352.7492778983516
51200001553,2026-04,203.38472763769204
51200001554,2026-04,253.0514865596133
51200001555,2026-04,146.21561126189866
51200001556,2026-04,267.55379091619227
51200001557,2026-04,149.98646168536862
51200001558,2026-04,185.90138420312817
51200001559,2026-04,162.29602002371388
51200001560,2026-04,134.93780915929318
51200001561,2026-04,299.22456157970856
51200001562,2026-04,110.05138955444542
51200001563,2026-04,261.83606654057724
51200001564,2026-04,146.99829251180182
51200001565,2026-04,134.59401046122358
51200001566,2026-04,121.63563979833182
51200001567,2026-04,109.95958856602076
51200001568,2026-04,5326.004272562304
51200001569,2026-04,46869.78992769032
51200001570,2026-04,131.84857536625972
51200001571,2026-04,144.96010292504545
51200001572,2026-04,296.7936844850138
51200001573,2026-04,122.99099863112238
51200001574,2026-04,664.1298671130103
51200001575,2026-04,172.11834291020367
51200001576,2026-04,134.65788702689585
51200001577,2026-04,88.24721535501124
51200001578,2026-04,66.1333623195851
51200001579,2026-04,105.57321413983786
51200001580,2026-04,249.25059639559572
51200001581,2026-04,268.2842739273879
51200001582,2026-04,266.9660902363935
51200001583,2026-04,133.41475504363504
51200001584,2026-04,129.00123587544013
51200001585,2026-04,362.1103735990273
51200001586,2026-04,107.68638430405173
51200001587,2026-04,138.3246125536267
51200001588,2026-04,391.9366079267068
51200001589,2026-04,187.63512717287568
51200001590,2026-04,54.21658897977795
51200001591,2026-04,7032.317836760024
51200001592,2026-04,161.88885881112267
51200001593,2026-04,64.3725387356647
51200001594,2026-04,262.12929783153766
51200001595,2026-04,229.29670175003005
51200001596,2026-04,254.84580824029683
51200001597,2026-04,154.34211440080165
51200001598,2026-04,275.91371125539484
51200001599,2026-04,314.93743602257445
51200001600,2026-04,114.26265634296433
51200001601,2026-04,340.6012751345333
51200001602,2026-04,279.1713987663909
51200001603,2026-04,271.4197463870836
51200001604,2026-04,128.8441236156293
51200001605,2026-04,111.48432804718632
51200001606,2026-04,226.50806418015213
51200001607,2026-04,239.29187728791072
51200001608,2026-04,202.16517976839975
51200001609,2026-04,116.7984087866447
51200001610,2026-04,112.36525127320095
51200001611,2026-04,1471.3076757584217
51200001612,2026-04,284.3840329026426
51200001613,2026-04,69.0090191552369
51200001614,2026-04,355.97131488241996
51200001615,2026-04,127.06917328040794
51200001616,2026-04,205.76978062180896
51200001617,2026-04,112.53138774464824
51200001618,2026-04,8789.356884554858
51200001619,2026-04,727.7519848012573
51200001620,2026-04,964.1792786998369
51200001621,2026-04,93.20272051181755
51200001622,2026-04,114.49515394958843
51200001623,2026-04,246.80111298484323
51200001624,2026-04,10670.517008790837
51200001625,2026-04,152.7363810301179
51200001626,2026-04,184.37173491048085
51200001627,2026-04,197.13918422796561
51200001628,2026-04,458.63036598272026
51200001629,2026-04,268.09180049024405
51200001630,2026-04,243.74988748751787
51200001631,2026-04,179.65995257670883
51200001632,2026-04,152.5191047845947
51200001633,2026-04,146.44933870933167
51200001634,2026-04,139.04324564829875
51200001635,2026-04,253.87703134298044
51200001636,2026-04,753.8523554640904
51200001637,2026-04,152.27139054640892
51200001638,2026-04,265.24089092918825
51200001639,2026-04,541.9945569250322
51200001640,2026-04,57.37711032986027
51200001641,2026-04,145.90952940298502
51200001642,2026-04,114.42869280358556
51200001643,2026-04,213.1633055578779
51200001644,2026-04,245.5405094655003
51200001645,2026-04,539.4480599627977
51200001646,2026-04,150.847683633183
51200001647,2026-04,279.8188093753427
51200001648,2026-04,5363.709141200491
51200001649,2026-04,372.818970397391
51200001650,2026-04,255.8034875556848
51200001651,2026-04,198.26355261592622
51200001652,2026-04,113.24432669378066
51200001653,2026-04,122.63272385934707
51200001654,2026-04,104.38140051233538
51200001655,2026-04,120.35342682240926
51200001656,2026-04,62.50464919977679
51200001657,2026-04,120.6287964766565
51200001658,2026-04,108.79552739552034
51200001659,2026-04,129.1273037088883
51200001660,2026-04,223.23178244918216
51200001661,2026-04,159.4104007859712
51200001662,2026-04,156.97577948866993
51200001663,2026-04,127.89175741702704
51200001664,2026-04,177.53844337208267
51200001665,2026-04,125.97060169959934
51200001666,2026-04,128.2789786567787
51200001667,2026-04,116.48843550343076
51200001668,2026-04,8106.526849448617
51200001669,2026-04,119.08379681523004
51200001670,2026-04,141.17784865921126
51200001671,2026-04,397.71978552647977
51200001672,2026-04,168.8456996540073
51200001673,2026-04,139.1429590100618
51200001674,2026-04,68.35079874144975
51200001675,2026-04,118.58950546604345
51200001676,2026-04,216.24824820611582
51200001677,2026-04,8010.621748646133
51200001678,2026-04,156.72637880778265
51200001679,2026-04,137.38503969164677
51200001680,2026-04,248.92756372689297
51200001681,2026-04,217.6892389791915
51200001682,2026-04,127.14259076279166
51200001683,2026-04,86.01617053743081
51200001684,2026-04,112.0394660154308
51200001685,2026-04,131.416042527141
51200001686,2026-04,145.10772152924935
51200001687,2026-04,125.13018559204386
51200001688,2026-04,102.42513237113596
51200001689,2026-04,923.693822086073
51200001690,2026-04,233.8174376781608
51200001691,2026-04,117.77971341021123
51200001692,2026-04,7545.012452810266
51200001693,2026-04,275.2156048772507
51200001694,2026-04,135.61221177239813
51200001695,2026-04,144.80840367513142
51200001696,2026-04,129.30662450467457
51200001697,2026-04,928.274001961526
51200001698,2026-04,310.61288344065963
51200001699,2026-04,610.6762755387272
51200001700,2026-04,106.72581999699807
51200001701,2026-04,135.85306765337313
51200001702,2026-04,430.107723886117
51200001703,2026-04,217.03033129128164
51200001704,2026-04,344.02882927987764
51200001705,2026-04,116.39564314238586
51200001706,2026-04,174.70438735398187
51200001707,2026-04,104.91160184658128
51200001708,2026-04,161.3900033915289
51200001709,2026-04,926.5083617307996
51200001710,2026-04,100.90289274283626
51200001711,2026-04,126.29561065075097
51200001712,2026-04,234.88072663321208
51200001713,2026-04,148.4112959878342
51200001714,2026-04,316.6886389092765
51200001715,2026-04,166.03892417207715
51200001716,2026-04,128.99751360574876
51200001717,2026-04,223.57265071650858
51200001718,2026-04,150.12789552762482
51200001719,2026-04,291.8167394663079
51200001720,2026-04,88.21359695737078
51200001721,2026-04,269.3635060857982
51200001722,2026-04,273.9255179609051
51200001723,2026-04,293.35014081129043
51200001724,2026-04,105.22008110199775
51200001725,2026-04,133.69005433092948
51200001726,2026-04,163.97639320847424
51200001727,2026-04,132.68444301110307
51200001728,2026-04,223.73076464958115
51200001729,2026-04,337.14612599835823
51200001730,2026-04,339.22401606704506
51200001731,2026-04,103.64257789965055
51200001732,2026-04,7310.890342353138
51200001733,2026-04,235.22827254670335
51200001734,2026-04,137.10714698821852
51200001735,2026-04,90.1517292438185
51200001736,2026-04,409.5247550920621
51200001737,2026-04,308.07792324858883
51200001738,2026-04,106.99252518078512
51200001739,2026-04,149.291102007293
51200001740,2026-04,132.95655694688142
51200001741,2026-04,250.99418213584153
51200001742,2026-04,554.1194691054881
51200001743,2026-04,140.80693070717243
51200001744,2026-04,346.8743294599042
51200001745,2026-04,99.13802789437395
51200001746,2026-04,121.16893898458764
51200001747,2026-04,412.6152740676243
51200001748,2026-04,204.10666711260964
51200001749,2026-04,116.241040216719
51200001750,2026-04,508.67491186945017
51200001751,2026-04,459.8556335310536
51200001752,2026-04,117.58169466708799
51200001753,2026-04,7972.346364220298
51200001754,2026-04,261.2790239301638
51200001755,2026-04,218.6978240465054
51200001756,2026-04,386.21751181190166
51200001757,2026-04,118.70503206097487
51200001758,2026-04,155.9009418353843
51200001759,2026-04,241.7356184842467
51200001760,2026-04,135.94319376840548
51200001761,2026-04,120.16687416483433
51200001762,2026-04,125.72159579046817
51200001763,2026-04,138.92299992680492
51200001764,2026-04,762.7867042688622
51200001765,2026-04,117.22725051028101
51200001766,2026-04,95.57759933863076
51200001767,2026-04,407.31342699212854
51200001768,2026-04,193.1577259454974
51200001769,2026-04,83.43217108603051
51200001770,2026-04,108.165258257473
51200001771,2026-04,87.43619857112634
51200001772,2026-04,135.54233530083857
51200001773,2026-04,106.72243600824547
51200001774,2026-04,139.67956776779224
51200001775,2026-04,294.8686774214236
51200001776,2026-04,132.8219420093425
51200001777,2026-04,272.52128857484144
51200001778,2026-04,89.49518047071427
51200001779,2026-04,199.8900435869529
51200001780,2026-04,266.2799356540068
51200001781,2026-04,365.8921179786573
51200001782,2026-04,8834.469682517452
51200001783,2026-04,377.0165527782622
51200001784,2026-04,265.62792963645325
51200001785,2026-04,8692.182509675045
51200001786,2026-04,119.09610593880817
51200001787,2026-04,7587.6374099075165
51200001788,2026-04,304.002997228929
51200001789,2026-04,9586.313256214402
51200001790,2026-04,8668.87025634589
51200001791,2026-04,210.60788033377665
51200001792,2026-04,233.0305557476216
51200001793,2026-04,10735.141925410853
51200001794,2026-04,246.04892739559136
51200001795,2026-04,270.80322186102796
51200001796,2026-04,125.1619129942278
51200001797,2026-04,241.36475911589451
51200001798,2026-04,329.0900969572648
51200001799,2026-04,136.07131267907945
51200001800,2026-04,297.12651886070296
51200001801,2026-04,242.23436127679372
51200001802,2026-04,967.0105479655239
51200001803,2026-04,117.0793015082869
51200001804,2026-04,245.344867826018
51200001805,2026-04,37926.34147451328
51200001806,2026-04,236.8881475422591
51200001807,2026-04,161.90226602947993
51200001808,2026-04,7973.635242903792
51200001809,2026-04,92.8337796293026
51200001810,2026-04,278.26494985320903
51200001811,2026-04,223.45597377527457
51200001812,2026-04,117.7489751949548
51200001813,2026-04,79.56494106425185
51200001814,2026-04,134.97720269364206
51200001815,2026-04,107.45598978318088
51200001816,2026-04,464.80900010331607
51200001817,2026-04,281.83487378414384
51200001818,2026-04,202.65124723200302
51200001819,2026-04,321.19876655790466
51200001820,2026-04,278.30277960550956
51200001821,2026-04,297.1590173092656
51200001822,2026-04,251.0456639635097
51200001823,2026-04,139.34941525981034
51200001824,2026-04,97.61031465081965
51200001825,2026-04,118.76329376392724
51200001826,2026-04,129.93011847233623
51200001827,2026-04,261.23235409079365
51200001828,2026-04,207.4657908044422
51200001829,2026-04,276.8737835344257
51200001830,2026-04,149.85647651674068
51200001831,2026-04,120.85564718766932
51200001832,2026-04,171.5433863928363
51200001833,2026-04,104.29270995348622
51200001834,2026-04,173.97907081038505
51200001835,2026-04,118.93803237779343
51200001836,2026-04,125.31862020992551
51200001837,2026-04,218.0880510681609
51200001838,2026-04,284.3477331738392
51200001839,2026-04,107.28690591360063
51200001840,2026-04,150.69748783018986
51200001841,2026-04,161.43071468643672
51200001842,2026-04,134.30479842190962
51200001843,2026-04,292.6429217929078
51200001844,2026-04,93.22984445876631
51200001845,2026-04,11005.241970125166
51200001846,2026-04,128.4075713220522
51200001847,2026-04,229.10378627706461
51200001848,2026-04,7840.350003205212
51200001849,2026-04,117.60913991750496
51200001850,2026-04,99.10645703689104
51200001851,2026-04,122.79923487972789
51200001852,2026-04,164.34249039581098
51200001853,2026-04,1057.1455131771181
51200001854,2026-04,62.74385669184073
51200001855,2026-04,103.84339022983343
51200001856,2026-04,139.98297335375838
51200001857,2026-04,198.61242222289158
51200001858,2026-04,338.51264968552874
51200001859,2026-04,298.56415194261433
51200001860,2026-04,113.882059962873
51200001861,2026-04,215.00805920280837
51200001862,2026-04,146.53999380770122
51200001863,2026-04,280.32189103899293
51200001864,2026-04,141.61527741683338
51200001865,2026-04,231.10499536158642
51200001866,2026-04,125.1355611341219
51200001867,2026-04,143.57592339889717
51200001868,2026-04,240.7917933062447
51200001869,2026-04,107.15722704340706
51200001870,2026-04,58.60069874050981
51200001871,2026-04,5801.692119640736
51200001872,2026-04,7314.285347392343
51200001873,2026-04,156.72047733319692
51200001874,2026-04,214.7084543265713
51200001875,2026-04,125.97256923502974
51200001876,2026-04,158.55084878198332
51200001877,2026-04,265.35483316189544
51200001878,2026-04,98.29867812933244
51200001879,2026-04,111.13416649658174
51200001880,2026-04,126.29519198474392
51200001881,2026-04,607.839077931125
51200001882,2026-04,255.79111249363535
51200001883,2026-04,237.71784448477905
51200001884,2026-04,166.0753987590288
51200001885,2026-04,130.69540136228082
51200001886,2026-04,361.806135196253
51200001887,2026-04,220.80432730918744
51200001888,2026-04,189.26679391786672
51200001889,2026-04,179.73073201663922
51200001890,2026-04,244.82525796333329
51200001891,2026-04,354.7389358434096
51200001892,2026-04,64.40172151359843
51200001893,2026-04,5409.765888938621
51200001894,2026-04,130.79013762092396
51200001895,2026-04,252.0927746198489
51200001896,2026-04,135.61861287300204
51200001897,2026-04,134.9914309183122
51200001898,2026-04,673.0979692749212
51200001899,2026-04,181.97435204549632
51200001900,2026-04,275.4659470985101
51200001901,2026-04,6958.163843923425
51200001902,2026-04,148.35121521063516
51200001903,2026-04,328.84603684097794
51200001904,2026-04,111.46526859074945
51200001905,2026-04,161.43121226843041
51200001906,2026-04,121.29620832113704
51200001907,2026-04,288.7505556210509
51200001908,2026-04,117.55366843277798
51200001909,2026-04,256.3854528419567
51200001910,2026-04,2879.4364173364743
51200001911,2026-04,113.80127952237453
51200001912,2026-04,450.43185657341786
51200001913,2026-04,119.39663698574876
51200001914,2026-04,120.00827818432069
51200001915,2026-04,129.48033411018187
51200001916,2026-04,147.2606184856818
51200001917,2026-04,178.03457924012943
51200001918,2026-04,758.3935944148927
51200001919,2026-04,117.50978289708041
51200001920,2026-04,131.6846500083826
51200001921,2026-04,137.65092864840452
51200001922,2026-04,327.28051943444734
51200001923,2026-04,89.03951001211311
51200001924,2026-04,104.01391108038479
51200001925,2026-04,274.03638728834983
51200001926,2026-04,194.23807341293568
51200001927,2026-04,90.26744934264659
51200001928,2026-04,132.11799579260992
51200001929,2026-04,123.83060895061513
51200001930,2026-04,122.84363259877037
51200001931,2026-04,2506.168976640109
51200001932,2026-04,8032.99911547681
51200001933,2026-04,142.1546713562412
51200001934,2026-04,141.8295358939334
51200001935,2026-04,415.0919104216409
51200001936,2026-04,108.88008752158478
51200001937,2026-04,389.92823533676795
51200001938,2026-04,87.72666393668862
51200001939,2026-04,7013.491502157554
51200001940,2026-04,86.3320150125644
51200001941,2026-04,122.2242775705738
51200001942,2026-04,140.5722041588874
51200001943,2026-04,295.21043950308064
51200001944,2026-04,123.16660205257497
51200001945,2026-04,253.94833181310582
51200001946,2026-04,136.3034456692703
51200001947,2026-04,272.5979234434919
51200001948,2026-04,111.9571767110518
51200001949,2026-04,24737.604792190927
51200001950,2026-04,147.70783735240803
51200001951,2026-04,196.66375233383485
51200001952,2026-04,288.2950744829119
51200001953,2026-04,152.79258939119285
51200001954,2026-04,176.78563306886727
51200001955,2026-04,116.96576148211346
51200001956,2026-04,120.22942622245489
51200001957,2026-04,7967.055903984763
51200001958,2026-04,130.3653082799539
51200001959,2026-04,134.16258319813713
51200001960,2026-04,342.03371490818574
51200001961,2026-04,262.0431286052082
51200001962,2026-04,146.63881627327848
51200001963,2026-04,91.29683253953206
51200001964,2026-04,132.7515543435743
51200001965,2026-04,128.8780306933773
51200001966,2026-04,201.9733655619065
51200001967,2026-04,57.64785534746568
51200001968,2026-04,130.63751176725518
51200001969,2026-04,149.29996467846453
51200001970,2026-04,267.08866745417413
51200001971,2026-04,276.02703073189576
51200001972,2026-04,196.7295604060316
51200001973,2026-04,2538.703502910709
51200001974,2026-04,145.6154691795003
51200001975,2026-04,62.787432255862086
51200001976,2026-04,224.67009835726446
51200001977,2026-04,158.466482558624
51200001978,2026-04,229.87543576021483
51200001979,2026-04,110.89911391903641
51200001980,2026-04,438.65908988841556
51200001981,2026-04,275.008705484447
51200001982,2026-04,123.71206247969639
51200001983,2026-04,150.69328782498278
51200001984,2026-04,210.9750240329858
51200001985,2026-04,267.39306473025755
51200001986,2026-04,130.330245465356
51200001987,2026-04,259.9430428459207
51200001988,2026-04,129.0019316843686
51200001989,2026-04,113.19020602235162
51200001990,2026-04,335.9059771573729
51200001991,2026-04,463.1153444025779
51200001992,2026-04,373.60713498065957
51200001993,2026-04,63.09889073717795
51200001994,2026-04,213.65785147118123
51200001995,2026-04,301.0621225036635
51200001996,2026-04,120.36022908270917
51200001997,2026-04,243.1080674743759
51200001998,2026-04,127.95371123981519
51200001999,2026-04,178.63389243102148
51200002000,2026-04,499.5481016638114
51200002001,2026-04,141.1032215403736
51200002002,2026-04,287.6921377025104
51200002003,2026-04,317.53001678376984
51200002004,2026-04,168.40908817352326
51200002005,2026-04,155.6539219991852
51200002006,2026-04,299.89066501420666
51200002007,2026-04,117.85005217782825
51200002008,2026-04,140.06990822809806
51200002009,2026-04,124.2185311285213
51200002010,2026-04,150.08845967385295
51200002011,2026-04,125.38042202735588
51200002012,2026-04,137.71174665025993
51200002013,2026-04,330.61347360214853
51200002014,2026-04,88.16177385723222
51200002015,2026-04,176.30140746556822
51200002016,2026-04,181.61164511751278
51200002017,2026-04,123.1455852621128
51200002018,2026-04,125.47407681209026
51200002019,2026-04,127.454750882506
51200002020,2026-04,62.21506344435238
51200002021,2026-04,120.72216202512178
51200002022,2026-04,111.55626758268036
51200002023,2026-04,110.54558562893527
51200002024,2026-04,8051.988820754058
51200002025,2026-04,108.05438414436088
51200002026,2026-04,118.23334446317588
51200002027,2026-04,96.50614648982133
51200002028,2026-04,128.20089506732327
51200002029,2026-04,5575.453113030361
51200002030,2026-04,291.19675660709316
51200002031,2026-04,300.25216474604133
51200002032,2026-04,617.2007795164616
51200002033,2026-04,340.291004480513
51200002034,2026-04,142.28088003902118
51200002035,2026-04,285.692648988394
51200002036,2026-04,149.47161513207587
51200002037,2026-04,185.76255757083666
51200002038,2026-04,134.59539179126628
51200002039,2026-04,250.27797777414577
51200002040,2026-04,6830.38958488074
51200002041,2026-04,157.194164258424
51200002042,2026-04,198.0177484753282
51200002043,2026-04,8511.119715852796
51200002044,2026-04,145.73928626499284
51200002045,2026-04,319.70708283081234
51200002046,2026-04,158.51516691098766
51200002047,2026-04,260.54870013700327
51200002048,2026-04,119.80619250931045
51200002049,2026-04,132.04874449249928
51200002050,2026-04,140.5548879754775
51200002051,2026-04,213.4694111870067
51200002052,2026-04,142.91161396424124
51200002053,2026-04,236.65046376866593
51200002054,2026-04,226.9703946093112
51200002055,2026-04,1110.9458324605935
51200002056,2026-04,113.2835882167158
51200002057,2026-04,163.82823797943186
51200002058,2026-04,125.19365309916498
51200002059,2026-04,104.05178790473482
51200002060,2026-04,131.90043896496493
51200002061,2026-04,224.39398074118407
51200002062,2026-04,266.67641583190243
51200002063,2026-04,128.7145032159644
51200002064,2026-04,110.35886886880849
51200002065,2026-04,129.78122453707593
51200002066,2026-04,220.84652565737798
51200002067,2026-04,240.35822838070186
51200002068,2026-04,271.52033480695513
51200002069,2026-04,218.21808313874413
51200002070,2026-04,130.72515245092757
51200002071,2026-04,183.20562722855178
51200002072,2026-04,104.45596998554086
51200002073,2026-04,200.25423743191513
51200002074,2026-04,155.18623049494792
51200002075,2026-04,221.93576193867057
51200002076,2026-04,142.84610068672654
51200002077,2026-04,137.75060456190573
51200002078,2026-04,131.07596095452087
51200002079,2026-04,140.5222525976283
51200002080,2026-04,156.49430030964592
51200002081,2026-04,497.88558287364054
51200002082,2026-04,160.49131592318582
51200002083,2026-04,210.54385380607545
51200002084,2026-04,331.4371341611645
51200002085,2026-04,436.1038423124924
51200002086,2026-04,363.3084754860472
51200002087,2026-04,9531.42619262082
