CONSUMER_NO,TARGET_PERIOD,predicted_anomaly_class,predicted_class_1_probability
51200000001,2026-04,0,0.38637115429087454
51200000002,2026-04,0,0.48692506598055124
51200000003,2026-04,0,0.14227758697284762
51200000004,2026-04,0,0.48692506598055124
51200000005,2026-04,1,0.7147711344006915
51200000006,2026-04,0,0.0
51200000007,2026-04,0,0.34540833595707127
51200000008,2026-04,0,0.14227758697284762
51200000009,2026-04,0,0.30747394089878
51200000010,2026-04,0,0.43994155721996353
51200000011,2026-04,1,0.5722108745446748
51200000012,2026-04,0,0.042340146017533706
51200000013,2026-04,0,0.042340146017533706
51200000014,2026-04,0,0.19384532192849843
51200000015,2026-04,0,0.38637115429087454
51200000016,2026-04,0,0.4387669078812526
51200000017,2026-04,1,0.7147711344006915
51200000018,2026-04,0,0.07768458276488796
51200000019,2026-04,0,0.0
51200000020,2026-04,0,0.1814082262764502
51200000021,2026-04,0,0.34540833595707127
51200000022,2026-04,0,0.14227758697284762
51200000023,2026-04,0,0.48692506598055124
51200000024,2026-04,0,0.12341607903108116
51200000025,2026-04,0,0.14227758697284762
51200000026,2026-04,0,0.30747394089878
51200000027,2026-04,0,0.0
51200000028,2026-04,0,0.34540833595707127
51200000029,2026-04,0,0.30747394089878
51200000030,2026-04,0,0.48073101188328715
51200000031,2026-04,0,0.43994155721996353
51200000032,2026-04,0,0.07102299590693537
51200000033,2026-04,1,0.5722108745446748
51200000034,2026-04,0,0.4387669078812526
51200000035,2026-04,0,0.34540833595707127
51200000036,2026-04,0,0.34540833595707127
51200000037,2026-04,1,0.7030256593657837
51200000038,2026-04,0,0.07768458276488796
51200000039,2026-04,0,0.48073101188328715
51200000040,2026-04,0,0.48073101188328715
51200000041,2026-04,1,0.7030256593657837
51200000042,2026-04,0,0.14227758697284762
51200000043,2026-04,0,0.3011828382563278
51200000044,2026-04,1,0.6162810371265538
51200000045,2026-04,1,0.5256682081768782
51200000046,2026-04,0,0.38637115429087454
51200000047,2026-04,0,0.1538394015351757
51200000048,2026-04,0,0.48073101188328715
51200000049,2026-04,0,0.48073101188328715
51200000050,2026-04,0,0.38637115429087454
51200000051,2026-04,0,0.48073101188328715
51200000052,2026-04,0,0.34540833595707127
51200000053,2026-04,0,0.34540833595707127
51200000054,2026-04,0,0.38637115429087454
51200000055,2026-04,0,0.43994155721996353
51200000056,2026-04,0,0.12341607903108116
51200000057,2026-04,0,0.43994155721996353
51200000058,2026-04,0,0.48073101188328715
51200000059,2026-04,0,0.1938453219285
51200000060,2026-04,0,0.370631411663587
51200000061,2026-04,0,0.48692506598055124
51200000062,2026-04,0,0.042340146017533706
51200000063,2026-04,0,0.30747394089878
51200000064,2026-04,0,0.48692506598055124
51200000065,2026-04,0,0.48692506598055124
51200000066,2026-04,0,0.025976827872429942
51200000067,2026-04,0,0.3011828382563278
51200000068,2026-04,0,0.30747394089878
51200000069,2026-04,0,0.370631411663587
51200000070,2026-04,1,0.5722108745446748
51200000071,2026-04,1,0.9067409141950488
51200000072,2026-04,0,0.0
51200000073,2026-04,0,0.34540833595707127
51200000074,2026-04,0,0.34540833595707127
51200000075,2026-04,0,0.4387669078812526
51200000076,2026-04,1,0.6857031068861574
51200000077,2026-04,0,0.12341607903108116
51200000078,2026-04,0,0.0
51200000079,2026-04,0,0.38637115429087454
51200000080,2026-04,0,0.48073101188328715
51200000081,2026-04,0,0.18682756251735205
51200000082,2026-04,0,0.34540833595707127
51200000083,2026-04,0,0.4387669078812526
51200000084,2026-04,0,0.05544015043672321
51200000085,2026-04,0,0.22312026038391602
51200000086,2026-04,0,0.20732396587757543
51200000087,2026-04,1,0.6804866473963503
51200000088,2026-04,0,0.0
51200000089,2026-04,0,0.34540833595707127
51200000090,2026-04,0,0.43994155721996353
51200000091,2026-04,0,0.14227758697284762
51200000092,2026-04,0,0.0541316896719769
51200000093,2026-04,1,0.6857031068861574
51200000094,2026-04,1,0.9571963183978965
51200000095,2026-04,0,0.43994155721996353
51200000096,2026-04,0,0.34540833595707127
51200000097,2026-04,0,0.02748541476437083
51200000098,2026-04,0,0.43994155721996353
51200000099,2026-04,1,0.5722108745446748
51200000100,2026-04,0,0.4387669078812526
51200000101,2026-04,0,0.38637115429087454
51200000102,2026-04,0,0.0
51200000103,2026-04,0,0.43994155721996353
51200000104,2026-04,0,0.025976827872429942
51200000105,2026-04,0,0.34540833595707127
51200000106,2026-04,0,0.48692506598055124
51200000107,2026-04,0,0.34540833595707127
51200000108,2026-04,0,0.48692506598055124
51200000109,2026-04,0,0.1938453219285
51200000110,2026-04,0,0.14227758697284762
51200000111,2026-04,0,0.48073101188328715
51200000112,2026-04,0,0.30747394089878
51200000113,2026-04,0,0.18682756251735205
51200000114,2026-04,0,0.34540833595707127
51200000115,2026-04,0,0.14227758697284762
51200000116,2026-04,0,0.14227758697284762
51200000117,2026-04,0,0.042340146017533706
51200000118,2026-04,1,0.5722108745446748
51200000119,2026-04,0,0.370631411663587
51200000120,2026-04,1,0.6323786868376413
51200000121,2026-04,0,0.14990198221424295
51200000122,2026-04,0,0.14227758697284762
51200000123,2026-04,0,0.43994155721996353
51200000124,2026-04,0,0.38637115429087454
51200000125,2026-04,0,0.042340146017533706
51200000126,2026-04,0,0.30747394089878
51200000127,2026-04,0,0.0
51200000128,2026-04,0,0.34540833595707127
51200000129,2026-04,0,0.48073101188328715
51200000130,2026-04,0,0.0
51200000131,2026-04,0,0.34540833595707127
51200000132,2026-04,0,0.43994155721996353
51200000133,2026-04,0,0.48073101188328715
51200000134,2026-04,0,0.30747394089878
51200000135,2026-04,0,0.11535226821188097
51200000136,2026-04,0,0.48073101188328715
51200000137,2026-04,0,0.3011828382563278
51200000138,2026-04,0,0.12341607903108116
51200000139,2026-04,0,0.30638785559580867
51200000140,2026-04,0,0.0
51200000141,2026-04,0,0.07768458276488796
51200000142,2026-04,0,0.0
51200000143,2026-04,0,0.042340146017533706
51200000144,2026-04,0,0.48692506598055124
51200000145,2026-04,0,0.19384532192849843
51200000146,2026-04,0,0.43994155721996353
51200000147,2026-04,0,0.43994155721996353
51200000148,2026-04,1,0.5256682081768782
51200000149,2026-04,0,0.43994155721996353
51200000150,2026-04,0,0.48073101188328715
51200000151,2026-04,0,0.0
51200000152,2026-04,1,0.5722108745446748
51200000153,2026-04,0,0.18682756251735205
51200000154,2026-04,0,0.48692506598055124
51200000155,2026-04,0,0.0
51200000156,2026-04,0,0.042340146017533706
51200000157,2026-04,1,0.7030256593657837
51200000158,2026-04,0,0.14990198221424295
51200000159,2026-04,0,0.48692506598055124
51200000160,2026-04,0,0.3011828382563278
51200000161,2026-04,0,0.48073101188328715
51200000162,2026-04,0,0.48692506598055124
51200000163,2026-04,1,0.5256682081768782
51200000164,2026-04,0,0.14227758697284762
51200000165,2026-04,0,0.042340146017533706
51200000166,2026-04,1,0.5722108745446748
51200000167,2026-04,0,0.34540833595707127
51200000168,2026-04,1,0.5722108745446748
51200000169,2026-04,0,0.48073101188328715
51200000170,2026-04,1,0.5722108745446748
51200000171,2026-04,0,0.38637115429087454
51200000172,2026-04,1,0.5722108745446748
51200000173,2026-04,0,0.34540833595707127
51200000174,2026-04,0,0.0
51200000175,2026-04,0,0.0
51200000176,2026-04,0,0.0
51200000177,2026-04,0,0.14227758697284762
51200000178,2026-04,0,0.18682756251735205
51200000179,2026-04,0,0.0
51200000180,2026-04,0,0.34540833595707127
51200000181,2026-04,0,0.4387669078812526
51200000182,2026-04,1,0.7030256593657837
51200000183,2026-04,0,0.18682756251735205
51200000184,2026-04,0,0.38637115429087454
51200000185,2026-04,0,0.14227758697284762
51200000186,2026-04,0,0.48692506598055124
51200000187,2026-04,0,0.042340146017533706
51200000188,2026-04,0,0.042340146017533706
51200000189,2026-04,0,0.43994155721996353
51200000190,2026-04,0,0.042340146017533706
51200000191,2026-04,0,0.0
51200000192,2026-04,1,0.6857031068861574
51200000193,2026-04,0,0.0
51200000194,2026-04,0,0.43994155721996353
51200000195,2026-04,1,0.5722108745446748
51200000196,2026-04,0,0.38637115429087454
51200000197,2026-04,0,0.38637115429087454
51200000198,2026-04,0,0.0
51200000199,2026-04,0,0.14990198221424295
51200000200,2026-04,0,0.30747394089878
51200000201,2026-04,1,0.8699547258891276
51200000202,2026-04,0,0.0
51200000203,2026-04,0,0.38637115429087454
51200000204,2026-04,0,0.1814082262764502
51200000205,2026-04,0,0.34540833595707127
51200000206,2026-04,0,0.30747394089878
51200000207,2026-04,0,0.22312026038391602
51200000208,2026-04,0,0.18682756251735205
51200000209,2026-04,0,0.20732396587757543
51200000210,2026-04,0,0.18682756251735205
51200000211,2026-04,1,0.7147711344006915
51200000212,2026-04,0,0.43994155721996353
51200000213,2026-04,0,0.02748541476437083
51200000214,2026-04,0,0.34540833595707127
51200000215,2026-04,0,0.48692506598055124
51200000216,2026-04,0,0.38637115429087454
51200000217,2026-04,0,0.1938453219285
51200000218,2026-04,0,0.38637115429087454
51200000219,2026-04,0,0.14227758697284762
51200000220,2026-04,0,0.18682756251735205
51200000221,2026-04,0,0.30747394089878
51200000222,2026-04,0,0.43994155721996353
51200000223,2026-04,0,0.38637115429087454
51200000224,2026-04,1,0.7030256593657837
51200000225,2026-04,0,0.34540833595707127
51200000226,2026-04,0,0.43994155721996353
51200000227,2026-04,0,0.042340146017533706
51200000228,2026-04,0,0.4387669078812526
51200000229,2026-04,0,0.14990198221424295
51200000230,2026-04,0,0.14227758697284762
51200000231,2026-04,0,0.48073101188328715
51200000232,2026-04,0,0.34540833595707127
51200000233,2026-04,1,0.7147711344006915
51200000234,2026-04,0,0.43994155721996353
51200000235,2026-04,0,0.042340146017533706
51200000236,2026-04,0,0.1938453219285
51200000237,2026-04,0,0.042340146017533706
51200000238,2026-04,0,0.0
51200000239,2026-04,0,0.025976827872429942
51200000240,2026-04,0,0.43994155721996353
51200000241,2026-04,0,0.4387669078812526
51200000242,2026-04,1,0.7147711344006915
51200000243,2026-04,0,0.34540833595707127
51200000244,2026-04,0,0.0
51200000245,2026-04,0,0.1814082262764502
51200000246,2026-04,0,0.0
51200000247,2026-04,0,0.4387669078812526
51200000248,2026-04,0,0.30638785559580867
51200000249,2026-04,0,0.34540833595707127
51200000250,2026-04,0,0.22312026038391602
51200000251,2026-04,0,0.0
51200000252,2026-04,0,0.3011828382563278
51200000253,2026-04,0,0.042340146017533706
51200000254,2026-04,0,0.38637115429087454
51200000255,2026-04,0,0.48692506598055124
51200000256,2026-04,0,0.43994155721996353
51200000257,2026-04,0,0.0
51200000258,2026-04,0,0.05544015043672321
51200000259,2026-04,1,0.5722108745446748
51200000260,2026-04,0,0.48073101188328715
51200000261,2026-04,1,0.5722108745446748
51200000262,2026-04,0,0.4387669078812526
51200000263,2026-04,0,0.48692506598055124
51200000264,2026-04,1,0.7147711344006915
51200000265,2026-04,0,0.34540833595707127
51200000266,2026-04,0,0.025976827872429942
51200000267,2026-04,0,0.042340146017533706
51200000268,2026-04,0,0.18682756251735205
51200000269,2026-04,0,0.0
51200000270,2026-04,0,0.34540833595707127
51200000271,2026-04,1,0.5722108745446748
51200000272,2026-04,0,0.0
51200000273,2026-04,0,0.38637115429087454
51200000274,2026-04,0,0.48692506598055124
51200000275,2026-04,0,0.48073101188328715
51200000276,2026-04,0,0.30747394089878
51200000277,2026-04,0,0.14990198221424295
51200000278,2026-04,0,0.38637115429087454
51200000279,2026-04,0,0.0
51200000280,2026-04,0,0.18682756251735205
51200000281,2026-04,0,0.30747394089878
51200000282,2026-04,0,0.042340146017533706
51200000283,2026-04,0,0.18682756251735205
51200000284,2026-04,0,0.11535226821188097
51200000285,2026-04,0,0.14990198221424295
51200000286,2026-04,0,0.34540833595707127
51200000287,2026-04,0,0.30747394089878
51200000288,2026-04,0,0.14227758697284762
51200000289,2026-04,0,0.34540833595707127
51200000290,2026-04,0,0.34540833595707127
51200000291,2026-04,0,0.11535226821188097
51200000292,2026-04,0,0.48692506598055124
51200000293,2026-04,0,0.0
51200000294,2026-04,0,0.34540833595707127
51200000295,2026-04,0,0.43994155721996353
51200000296,2026-04,0,0.48692506598055124
51200000297,2026-04,0,0.025976827872429942
51200000298,2026-04,0,0.12341607903108116
51200000299,2026-04,0,0.38637115429087454
51200000300,2026-04,0,0.3011828382563278
51200000301,2026-04,0,0.43994155721996353
51200000302,2026-04,0,0.34540833595707127
51200000303,2026-04,0,0.042340146017533706
51200000304,2026-04,0,0.05544015043672321
51200000305,2026-04,0,0.0
51200000306,2026-04,0,0.0
51200000307,2026-04,0,0.0
51200000308,2026-04,0,0.34540833595707127
51200000309,2026-04,1,0.5256682081768782
51200000310,2026-04,0,0.042340146017533706
51200000311,2026-04,1,0.6857031068861574
51200000312,2026-04,0,0.0
51200000313,2026-04,0,0.042340146017533706
51200000314,2026-04,0,0.025976827872429942
51200000315,2026-04,0,0.48692506598055124
51200000316,2026-04,1,0.5722108745446748
51200000317,2026-04,0,0.38637115429087454
51200000318,2026-04,0,0.11535226821188097
51200000319,2026-04,0,0.05544015043672321
51200000320,2026-04,0,0.07768458276488796
51200000321,2026-04,0,0.34540833595707127
51200000322,2026-04,0,0.48073101188328715
51200000323,2026-04,0,0.0
51200000324,2026-04,0,0.0
51200000325,2026-04,0,0.34540833595707127
51200000326,2026-04,0,0.30747394089878
51200000327,2026-04,1,0.6857031068861574
51200000328,2026-04,0,0.025976827872429942
51200000329,2026-04,0,0.14227758697284762
51200000330,2026-04,0,0.34540833595707127
51200000331,2026-04,0,0.43994155721996353
51200000332,2026-04,0,0.34540833595707127
51200000333,2026-04,0,0.0
51200000334,2026-04,0,0.30747394089878
51200000335,2026-04,0,0.38637115429087454
51200000336,2026-04,0,0.05544015043672321
51200000337,2026-04,0,0.34540833595707127
51200000338,2026-04,0,0.07768458276488796
51200000339,2026-04,0,0.0541316896719769
51200000340,2026-04,0,0.07768458276488796
51200000341,2026-04,0,0.38637115429087454
51200000342,2026-04,1,0.7147711344006915
51200000343,2026-04,0,0.38637115429087454
51200000344,2026-04,0,0.0541316896719769
51200000345,2026-04,0,0.12341607903108116
51200000346,2026-04,0,0.34540833595707127
51200000347,2026-04,0,0.43994155721996353
51200000348,2026-04,0,0.14227758697284762
51200000349,2026-04,0,0.042340146017533706
51200000350,2026-04,0,0.34540833595707127
51200000351,2026-04,0,0.30747394089878
51200000352,2026-04,0,0.38637115429087454
51200000353,2026-04,0,0.025976827872429942
51200000354,2026-04,0,0.0
51200000355,2026-04,0,0.042340146017533706
51200000356,2026-04,0,0.30747394089878
51200000357,2026-04,0,0.48073101188328715
51200000358,2026-04,0,0.48073101188328715
51200000359,2026-04,0,0.38637115429087454
51200000360,2026-04,0,0.34540833595707127
51200000361,2026-04,0,0.43994155721996353
51200000362,2026-04,0,0.1938453219285
51200000363,2026-04,0,0.48073101188328715
51200000364,2026-04,0,0.02748541476437083
51200000365,2026-04,0,0.0
51200000366,2026-04,0,0.48692506598055124
51200000367,2026-04,0,0.38637115429087454
51200000368,2026-04,0,0.0
51200000369,2026-04,0,0.38637115429087454
51200000370,2026-04,0,0.38637115429087454
51200000371,2026-04,0,0.4387669078812526
51200000372,2026-04,0,0.38637115429087454
51200000373,2026-04,0,0.18682756251735205
51200000374,2026-04,1,0.5722108745446748
51200000375,2026-04,0,0.05544015043672321
51200000376,2026-04,0,0.18682756251735205
51200000377,2026-04,0,0.48692506598055124
51200000378,2026-04,0,0.4387669078812526
51200000379,2026-04,0,0.43994155721996353
51200000380,2026-04,0,0.43994155721996353
51200000381,2026-04,1,0.6323786868376413
51200000382,2026-04,0,0.042340146017533706
51200000383,2026-04,0,0.48692506598055124
51200000384,2026-04,0,0.38637115429087454
51200000385,2026-04,0,0.48073101188328715
51200000386,2026-04,0,0.30747394089878
51200000387,2026-04,0,0.1938453219285
51200000388,2026-04,0,0.34540833595707127
51200000389,2026-04,0,0.30747394089878
51200000390,2026-04,0,0.12341607903108116
51200000391,2026-04,0,0.0
51200000392,2026-04,0,0.34540833595707127
51200000393,2026-04,0,0.34540833595707127
51200000394,2026-04,0,0.4644245230027633
51200000395,2026-04,0,0.1938453219285
51200000396,2026-04,0,0.0
51200000397,2026-04,0,0.14227758697284762
51200000398,2026-04,0,0.3011828382563278
51200000399,2026-04,0,0.3011828382563278
51200000400,2026-04,0,0.48692506598055124
51200000401,2026-04,0,0.18682756251735205
51200000402,2026-04,0,0.025976827872429942
51200000403,2026-04,0,0.48692506598055124
51200000404,2026-04,0,0.18682756251735205
51200000405,2026-04,0,0.34540833595707127
51200000406,2026-04,1,0.9067409141950488
51200000407,2026-04,0,0.042340146017533706
51200000408,2026-04,0,0.43994155721996353
51200000409,2026-04,0,0.43994155721996353
51200000410,2026-04,0,0.34540833595707127
51200000411,2026-04,1,0.5722108745446748
51200000412,2026-04,0,0.48692506598055124
51200000413,2026-04,0,0.34540833595707127
51200000414,2026-04,1,0.5722108745446748
51200000415,2026-04,0,0.07768458276488796
51200000416,2026-04,0,0.43994155721996353
51200000417,2026-04,0,0.3011828382563278
51200000418,2026-04,0,0.12341607903108116
51200000419,2026-04,0,0.14227758697284762
51200000420,2026-04,1,0.9571963183978965
51200000421,2026-04,0,0.43994155721996353
51200000422,2026-04,0,0.48073101188328715
51200000423,2026-04,0,0.48073101188328715
51200000424,2026-04,0,0.1538394015351757
51200000425,2026-04,0,0.4364476542287523
51200000426,2026-04,0,0.34540833595707127
51200000427,2026-04,0,0.07768458276488796
51200000428,2026-04,0,0.34540833595707127
51200000429,2026-04,0,0.1938453219285
51200000430,2026-04,0,0.05544015043672321
51200000431,2026-04,0,0.43994155721996353
51200000432,2026-04,0,0.14227758697284762
51200000433,2026-04,0,0.38637115429087454
51200000434,2026-04,0,0.34540833595707127
51200000435,2026-04,0,0.1938453219285
51200000436,2026-04,0,0.1938453219285
51200000437,2026-04,0,0.48692506598055124
51200000438,2026-04,0,0.14227758697284762
51200000439,2026-04,0,0.34540833595707127
51200000440,2026-04,0,0.0
51200000441,2026-04,0,0.38637115429087454
51200000442,2026-04,0,0.0
51200000443,2026-04,0,0.042340146017533706
51200000444,2026-04,0,0.22312026038391602
51200000445,2026-04,0,0.14990198221424295
51200000446,2026-04,0,0.34540833595707127
51200000447,2026-04,1,0.5722108745446748
51200000448,2026-04,0,0.34540833595707127
51200000449,2026-04,0,0.30747394089878
51200000450,2026-04,0,0.4364476542287523
51200000451,2026-04,0,0.43994155721996353
51200000452,2026-04,0,0.0
51200000453,2026-04,0,0.43994155721996353
51200000454,2026-04,0,0.4387669078812526
51200000455,2026-04,0,0.48073101188328715
51200000456,2026-04,0,0.43994155721996353
51200000457,2026-04,0,0.34540833595707127
51200000458,2026-04,0,0.0
51200000459,2026-04,0,0.38637115429087454
51200000460,2026-04,0,0.19384532192849843
51200000461,2026-04,0,0.38637115429087454
51200000462,2026-04,0,0.48073101188328715
51200000463,2026-04,0,0.34540833595707127
51200000464,2026-04,0,0.05544015043672321
51200000465,2026-04,0,0.0
51200000466,2026-04,0,0.18682756251735205
51200000467,2026-04,0,0.38637115429087454
51200000468,2026-04,0,0.18682756251735205
51200000469,2026-04,1,0.7030256593657837
51200000470,2026-04,0,0.0
51200000471,2026-04,0,0.19384532192849843
51200000472,2026-04,0,0.48692506598055124
51200000473,2026-04,0,0.48073101188328715
51200000474,2026-04,0,0.30747394089878
51200000475,2026-04,0,0.07768458276488796
51200000476,2026-04,0,0.30747394089878
51200000477,2026-04,0,0.0
51200000478,2026-04,0,0.43994155721996353
51200000479,2026-04,0,0.05544015043672321
51200000480,2026-04,0,0.38637115429087454
51200000481,2026-04,0,0.48073101188328715
51200000482,2026-04,1,0.5722108745446748
51200000483,2026-04,0,0.22312026038391602
51200000484,2026-04,0,0.38637115429087454
51200000485,2026-04,0,0.34540833595707127
51200000486,2026-04,0,0.48692506598055124
51200000487,2026-04,0,0.34540833595707127
51200000488,2026-04,0,0.34540833595707127
51200000489,2026-04,0,0.48692506598055124
51200000490,2026-04,0,0.3011828382563278
51200000491,2026-04,0,0.02748541476437083
51200000492,2026-04,0,0.30747394089878
51200000493,2026-04,1,0.7251669214961828
51200000494,2026-04,0,0.042340146017533706
51200000495,2026-04,0,0.07768458276488796
51200000496,2026-04,0,0.43994155721996353
51200000497,2026-04,0,0.48692506598055124
51200000498,2026-04,0,0.34540833595707127
51200000499,2026-04,0,0.34540833595707127
51200000500,2026-04,0,0.30747394089878
51200000501,2026-04,0,0.43994155721996353
51200000502,2026-04,1,0.5722108745446748
51200000503,2026-04,0,0.4387669078812526
51200000504,2026-04,0,0.30747394089878
51200000505,2026-04,0,0.0
51200000506,2026-04,0,0.30747394089878
51200000507,2026-04,0,0.34540833595707127
51200000508,2026-04,0,0.48073101188328715
51200000509,2026-04,0,0.0
51200000510,2026-04,0,0.18682756251735205
51200000511,2026-04,0,0.30747394089878
51200000512,2026-04,0,0.43994155721996353
51200000513,2026-04,0,0.48692506598055124
51200000514,2026-04,0,0.48073101188328715
51200000515,2026-04,1,0.8699547258891276
51200000516,2026-04,0,0.34540833595707127
51200000517,2026-04,1,0.6857031068861574
51200000518,2026-04,0,0.0
51200000519,2026-04,0,0.38637115429087454
51200000520,2026-04,0,0.43994155721996353
51200000521,2026-04,0,0.1814082262764502
51200000522,2026-04,0,0.38637115429087454
51200000523,2026-04,1,0.9371398015566514
51200000524,2026-04,0,0.48692506598055124
51200000525,2026-04,0,0.3011828382563278
51200000526,2026-04,0,0.0
51200000527,2026-04,0,0.48073101188328715
51200000528,2026-04,0,0.48073101188328715
51200000529,2026-04,0,0.18682756251735205
51200000530,2026-04,0,0.3011828382563278
51200000531,2026-04,0,0.34540833595707127
51200000532,2026-04,0,0.07102299590693537
51200000533,2026-04,0,0.0
51200000534,2026-04,0,0.1938453219285
51200000535,2026-04,0,0.48073101188328715
51200000536,2026-04,0,0.30638785559580867
51200000537,2026-04,0,0.38637115429087454
51200000538,2026-04,0,0.05544015043672321
51200000539,2026-04,0,0.34540833595707127
51200000540,2026-04,0,0.30747394089878
51200000541,2026-04,0,0.19384532192849843
51200000542,2026-04,0,0.34540833595707127
51200000543,2026-04,1,0.5722108745446748
51200000544,2026-04,0,0.07768458276488796
51200000545,2026-04,0,0.43994155721996353
51200000546,2026-04,0,0.34540833595707127
51200000547,2026-04,0,0.14990198221424295
51200000548,2026-04,0,0.43994155721996353
51200000549,2026-04,0,0.042340146017533706
51200000550,2026-04,0,0.30747394089878
51200000551,2026-04,0,0.38637115429087454
51200000552,2026-04,0,0.48073101188328715
51200000553,2026-04,0,0.0
51200000554,2026-04,0,0.48692506598055124
51200000555,2026-04,0,0.4387669078812526
51200000556,2026-04,1,0.5278840683184778
51200000557,2026-04,0,0.0
51200000558,2026-04,0,0.34540833595707127
51200000559,2026-04,0,0.12341607903108116
51200000560,2026-04,0,0.34540833595707127
51200000561,2026-04,0,0.1938453219285
51200000562,2026-04,0,0.34540833595707127
51200000563,2026-04,0,0.1938453219285
51200000564,2026-04,0,0.2619708017073861
51200000565,2026-04,0,0.38637115429087454
51200000566,2026-04,0,0.48073101188328715
51200000567,2026-04,1,0.5722108745446748
51200000568,2026-04,0,0.3011828382563278
51200000569,2026-04,0,0.48073101188328715
51200000570,2026-04,0,0.18682756251735205
51200000571,2026-04,0,0.14227758697284762
51200000572,2026-04,0,0.0
51200000573,2026-04,0,0.025976827872429942
51200000574,2026-04,0,0.0
51200000575,2026-04,0,0.38637115429087454
51200000576,2026-04,0,0.48692506598055124
51200000577,2026-04,0,0.34540833595707127
51200000578,2026-04,0,0.48073101188328715
51200000579,2026-04,0,0.3011828382563278
51200000580,2026-04,0,0.0
51200000581,2026-04,0,0.34540833595707127
51200000582,2026-04,0,0.30747394089878
51200000583,2026-04,0,0.34540833595707127
51200000584,2026-04,0,0.30747394089878
51200000585,2026-04,0,0.3011828382563278
51200000586,2026-04,0,0.1938453219285
51200000587,2026-04,0,0.34540833595707127
51200000588,2026-04,0,0.38637115429087454
51200000589,2026-04,1,0.5722108745446748
51200000590,2026-04,0,0.14227758697284762
51200000591,2026-04,0,0.34540833595707127
51200000592,2026-04,0,0.14227758697284762
51200000593,2026-04,0,0.30747394089878
51200000594,2026-04,1,0.9502519289573542
51200000595,2026-04,0,0.07768458276488796
51200000596,2026-04,0,0.34540833595707127
51200000597,2026-04,0,0.18682756251735205
51200000598,2026-04,0,0.0
51200000599,2026-04,0,0.34540833595707127
51200000600,2026-04,1,0.7030256593657837
51200000601,2026-04,0,0.43994155721996353
51200000602,2026-04,0,0.34540833595707127
51200000603,2026-04,0,0.0
51200000604,2026-04,0,0.38637115429087454
51200000605,2026-04,0,0.38637115429087454
51200000606,2026-04,0,0.025976827872429942
51200000607,2026-04,0,0.30747394089878
51200000608,2026-04,0,0.4387669078812526
51200000609,2026-04,0,0.11535226821188097
51200000610,2026-04,0,0.0
51200000611,2026-04,1,0.5127541068874338
51200000612,2026-04,0,0.34540833595707127
51200000613,2026-04,0,0.30747394089878
51200000614,2026-04,1,0.9502519289573542
51200000615,2026-04,0,0.34540833595707127
51200000616,2026-04,1,0.5722108745446748
51200000617,2026-04,0,0.1938453219285
51200000618,2026-04,0,0.34540833595707127
51200000619,2026-04,0,0.0
51200000620,2026-04,1,0.7030256593657837
51200000621,2026-04,0,0.34540833595707127
51200000622,2026-04,1,0.9571963183978965
51200000623,2026-04,0,0.1814082262764502
51200000624,2026-04,0,0.1938453219285
51200000625,2026-04,0,0.38637115429087454
51200000626,2026-04,0,0.0
51200000627,2026-04,0,0.042340146017533706
51200000628,2026-04,0,0.34540833595707127
51200000629,2026-04,1,0.9502519289573542
51200000630,2026-04,0,0.1938453219285
51200000631,2026-04,1,0.5722108745446748
51200000632,2026-04,0,0.34540833595707127
51200000633,2026-04,1,0.5722108745446748
51200000634,2026-04,1,0.5722108745446748
51200000635,2026-04,0,0.02748541476437083
51200000636,2026-04,1,0.5722108745446748
51200000637,2026-04,0,0.30747394089878
51200000638,2026-04,0,0.025976827872429942
51200000639,2026-04,0,0.18682756251735205
51200000640,2026-04,1,0.6162810371265538
51200000641,2026-04,0,0.43994155721996353
51200000642,2026-04,0,0.48692506598055124
51200000643,2026-04,0,0.14227758697284762
51200000644,2026-04,0,0.34540833595707127
51200000645,2026-04,0,0.1938453219285
51200000646,2026-04,0,0.48692506598055124
51200000647,2026-04,0,0.43994155721996353
51200000648,2026-04,0,0.0
51200000649,2026-04,1,0.6869948531000957
51200000650,2026-04,0,0.43994155721996353
51200000651,2026-04,0,0.48073101188328715
51200000652,2026-04,0,0.14990198221424295
51200000653,2026-04,0,0.48692506598055124
51200000654,2026-04,0,0.0
51200000655,2026-04,1,0.5722108745446748
51200000656,2026-04,0,0.12341607903108116
51200000657,2026-04,0,0.1938453219285
51200000658,2026-04,0,0.4387669078812526
51200000659,2026-04,0,0.0
51200000660,2026-04,0,0.3011828382563278
51200000661,2026-04,0,0.0
51200000662,2026-04,1,0.7206751681190569
51200000663,2026-04,0,0.0
51200000664,2026-04,0,0.0541316896719769
51200000665,2026-04,0,0.18682756251735205
51200000666,2026-04,0,0.0541316896719769
51200000667,2026-04,0,0.4364476542287523
51200000668,2026-04,0,0.48073101188328715
51200000669,2026-04,0,0.38637115429087454
51200000670,2026-04,1,0.5722108745446748
51200000671,2026-04,1,0.5722108745446748
51200000672,2026-04,0,0.30747394089878
51200000673,2026-04,0,0.48692506598055124
51200000674,2026-04,0,0.11535226821188097
51200000675,2026-04,0,0.042340146017533706
51200000676,2026-04,0,0.48073101188328715
51200000677,2026-04,0,0.0
51200000678,2026-04,0,0.025976827872429942
51200000679,2026-04,0,0.30747394089878
51200000680,2026-04,0,0.1938453219285
51200000681,2026-04,0,0.38637115429087454
51200000682,2026-04,1,0.7030256593657837
51200000683,2026-04,0,0.0
51200000684,2026-04,0,0.48692506598055124
51200000685,2026-04,0,0.34540833595707127
51200000686,2026-04,0,0.042340146017533706
51200000687,2026-04,0,0.34540833595707127
51200000688,2026-04,0,0.34540833595707127
51200000689,2026-04,0,0.0
51200000690,2026-04,0,0.1938453219285
51200000691,2026-04,0,0.1938453219285
51200000692,2026-04,0,0.34540833595707127
51200000693,2026-04,0,0.30747394089878
51200000694,2026-04,1,0.5722108745446748
51200000695,2026-04,0,0.30638785559580867
51200000696,2026-04,0,0.4387669078812526
51200000697,2026-04,0,0.0
51200000698,2026-04,1,0.5722108745446748
51200000699,2026-04,0,0.30638785559580867
51200000700,2026-04,0,0.0
51200000701,2026-04,1,0.6323786868376413
51200000702,2026-04,0,0.14990198221424295
51200000703,2026-04,0,0.3011828382563278
51200000704,2026-04,0,0.38637115429087454
51200000705,2026-04,0,0.48073101188328715
51200000706,2026-04,0,0.1938453219285
51200000707,2026-04,0,0.38637115429087454
51200000708,2026-04,0,0.1814082262764502
51200000709,2026-04,0,0.48692506598055124
51200000710,2026-04,0,0.48692506598055124
51200000711,2026-04,0,0.48692506598055124
51200000712,2026-04,0,0.34540833595707127
51200000713,2026-04,0,0.4387669078812526
51200000714,2026-04,0,0.0
51200000715,2026-04,0,0.14990198221424295
51200000716,2026-04,0,0.38637115429087454
51200000717,2026-04,0,0.48692506598055124
51200000718,2026-04,0,0.34540833595707127
51200000719,2026-04,0,0.30747394089878
51200000720,2026-04,0,0.30747394089878
51200000721,2026-04,0,0.30747394089878
51200000722,2026-04,0,0.0
51200000723,2026-04,0,0.48692506598055124
51200000724,2026-04,0,0.38637115429087454
51200000725,2026-04,0,0.0
51200000726,2026-04,0,0.14227758697284762
51200000727,2026-04,0,0.38637115429087454
51200000728,2026-04,1,0.5722108745446748
51200000729,2026-04,0,0.48073101188328715
51200000730,2026-04,0,0.0
51200000731,2026-04,0,0.43994155721996353
51200000732,2026-04,1,0.5722108745446748
51200000733,2026-04,0,0.48073101188328715
51200000734,2026-04,0,0.042340146017533706
51200000735,2026-04,1,0.5278840683184778
51200000736,2026-04,0,0.30747394089878
51200000737,2026-04,0,0.0
51200000738,2026-04,0,0.48692506598055124
51200000739,2026-04,0,0.43994155721996353
51200000740,2026-04,0,0.1938453219285
51200000741,2026-04,0,0.48073101188328715
51200000742,2026-04,0,0.48073101188328715
51200000743,2026-04,1,0.6857031068861574
51200000744,2026-04,1,0.6857031068861574
51200000745,2026-04,1,0.6883414431909924
51200000746,2026-04,0,0.1538394015351757
51200000747,2026-04,0,0.48073101188328715
51200000748,2026-04,1,0.5722108745446748
51200000749,2026-04,0,0.1938453219285
51200000750,2026-04,0,0.0
51200000751,2026-04,0,0.34540833595707127
51200000752,2026-04,0,0.042340146017533706
51200000753,2026-04,0,0.30638785559580867
51200000754,2026-04,0,0.3011828382563278
51200000755,2026-04,0,0.042340146017533706
51200000756,2026-04,0,0.14990198221424295
51200000757,2026-04,0,0.38637115429087454
51200000758,2026-04,1,0.5722108745446748
51200000759,2026-04,0,0.0541316896719769
51200000760,2026-04,1,0.5722108745446748
51200000761,2026-04,0,0.34540833595707127
51200000762,2026-04,0,0.30747394089878
51200000763,2026-04,0,0.48073101188328715
51200000764,2026-04,0,0.48073101188328715
51200000765,2026-04,0,0.07768458276488796
51200000766,2026-04,0,0.30747394089878
51200000767,2026-04,0,0.48692506598055124
51200000768,2026-04,0,0.48073101188328715
51200000769,2026-04,0,0.38637115429087454
51200000770,2026-04,0,0.042340146017533706
51200000771,2026-04,0,0.30747394089878
51200000772,2026-04,0,0.1938453219285
51200000773,2026-04,0,0.1538394015351757
51200000774,2026-04,0,0.0
51200000775,2026-04,0,0.14990198221424295
51200000776,2026-04,0,0.34540833595707127
51200000777,2026-04,0,0.34540833595707127
51200000778,2026-04,0,0.4364476542287523
51200000779,2026-04,1,0.6857031068861574
51200000780,2026-04,0,0.38637115429087454
51200000781,2026-04,1,0.9571963183978965
51200000782,2026-04,0,0.48073101188328715
51200000783,2026-04,0,0.14227758697284762
51200000784,2026-04,0,0.0
51200000785,2026-04,0,0.43994155721996353
51200000786,2026-04,0,0.3027582809210884
51200000787,2026-04,0,0.18682756251735205
51200000788,2026-04,0,0.38637115429087454
51200000789,2026-04,0,0.30747394089878
51200000790,2026-04,0,0.05544015043672321
51200000791,2026-04,0,0.30747394089878
51200000792,2026-04,0,0.0
51200000793,2026-04,0,0.1938453219285
51200000794,2026-04,0,0.43994155721996353
51200000795,2026-04,0,0.48692506598055124
51200000796,2026-04,0,0.1814082262764502
51200000797,2026-04,0,0.042340146017533706
51200000798,2026-04,0,0.042340146017533706
51200000799,2026-04,1,0.8324800760014779
51200000800,2026-04,0,0.370631411663587
51200000801,2026-04,0,0.48073101188328715
51200000802,2026-04,0,0.3011828382563278
51200000803,2026-04,0,0.3011828382563278
51200000804,2026-04,0,0.0
51200000805,2026-04,0,0.48073101188328715
51200000806,2026-04,0,0.48692506598055124
51200000807,2026-04,1,0.5722108745446748
51200000808,2026-04,0,0.1938453219285
51200000809,2026-04,0,0.3011828382563278
51200000810,2026-04,0,0.370631411663587
51200000811,2026-04,0,0.14990198221424295
51200000812,2026-04,0,0.38637115429087454
51200000813,2026-04,0,0.14227758697284762
51200000814,2026-04,1,0.6162810371265538
51200000815,2026-04,0,0.1212962464529327
51200000816,2026-04,1,0.6323786868376413
51200000817,2026-04,0,0.14227758697284762
51200000818,2026-04,0,0.30747394089878
51200000819,2026-04,0,0.43994155721996353
51200000820,2026-04,0,0.14990198221424295
51200000821,2026-04,0,0.38637115429087454
51200000822,2026-04,0,0.30747394089878
51200000823,2026-04,0,0.48073101188328715
51200000824,2026-04,0,0.34540833595707127
51200000825,2026-04,0,0.30747394089878
51200000826,2026-04,0,0.48073101188328715
51200000827,2026-04,0,0.07768458276488796
51200000828,2026-04,0,0.43994155721996353
51200000829,2026-04,1,0.5722108745446748
51200000830,2026-04,1,0.5722108745446748
51200000831,2026-04,0,0.3011828382563278
51200000832,2026-04,0,0.042340146017533706
51200000833,2026-04,0,0.11535226821188097
51200000834,2026-04,0,0.38637115429087454
51200000835,2026-04,0,0.48692506598055124
51200000836,2026-04,0,0.0
51200000837,2026-04,0,0.38637115429087454
51200000838,2026-04,0,0.1538394015351757
51200000839,2026-04,0,0.48073101188328715
51200000840,2026-04,0,0.3011828382563278
51200000841,2026-04,0,0.48073101188328715
51200000842,2026-04,0,0.43994155721996353
51200000843,2026-04,0,0.0
51200000844,2026-04,0,0.34540833595707127
51200000845,2026-04,0,0.48692506598055124
51200000846,2026-04,0,0.48073101188328715
51200000847,2026-04,0,0.18682756251735205
51200000848,2026-04,0,0.30747394089878
51200000849,2026-04,0,0.43994155721996353
51200000850,2026-04,1,0.5722108745446748
51200000851,2026-04,0,0.48073101188328715
51200000852,2026-04,0,0.14227758697284762
51200000853,2026-04,0,0.07768458276488796
51200000854,2026-04,0,0.38637115429087454
51200000855,2026-04,0,0.1938453219285
51200000856,2026-04,0,0.38637115429087454
51200000857,2026-04,0,0.18682756251735205
51200000858,2026-04,1,0.7030256593657837
51200000859,2026-04,0,0.025976827872429942
51200000860,2026-04,0,0.1938453219285
51200000861,2026-04,0,0.18682756251735205
51200000862,2026-04,0,0.14227758697284762
51200000863,2026-04,1,0.6857031068861574
51200000864,2026-04,0,0.21024779728342746
51200000865,2026-04,0,0.30747394089878
51200000866,2026-04,1,0.5722108745446748
51200000867,2026-04,0,0.30747394089878
51200000868,2026-04,0,0.0541316896719769
51200000869,2026-04,0,0.30747394089878
51200000870,2026-04,0,0.48073101188328715
51200000871,2026-04,0,0.370631411663587
51200000872,2026-04,0,0.48692506598055124
51200000873,2026-04,1,0.8472648407651877
51200000874,2026-04,0,0.48692506598055124
51200000875,2026-04,0,0.02748541476437083
51200000876,2026-04,0,0.14227758697284762
51200000877,2026-04,0,0.0
51200000878,2026-04,0,0.48692506598055124
51200000879,2026-04,1,0.6857031068861574
51200000880,2026-04,0,0.48692506598055124
51200000881,2026-04,0,0.14227758697284762
51200000882,2026-04,0,0.14227758697284762
51200000883,2026-04,0,0.48073101188328715
51200000884,2026-04,0,0.48692506598055124
51200000885,2026-04,0,0.30747394089878
51200000886,2026-04,0,0.0
51200000887,2026-04,0,0.042340146017533706
51200000888,2026-04,0,0.38637115429087454
51200000889,2026-04,0,0.34540833595707127
51200000890,2026-04,0,0.0
51200000891,2026-04,0,0.0
51200000892,2026-04,1,0.5722108745446748
51200000893,2026-04,0,0.38637115429087454
51200000894,2026-04,1,0.6869948531000957
51200000895,2026-04,0,0.43994155721996353
51200000896,2026-04,0,0.0
51200000897,2026-04,0,0.30747394089878
51200000898,2026-04,0,0.38637115429087454
51200000899,2026-04,0,0.48692506598055124
51200000900,2026-04,0,0.025976827872429942
51200000901,2026-04,0,0.0
51200000902,2026-04,0,0.18682756251735205
51200000903,2026-04,1,0.6857031068861574
51200000904,2026-04,1,0.8699547258891276
51200000905,2026-04,0,0.14227758697284762
51200000906,2026-04,0,0.48073101188328715
51200000907,2026-04,0,0.30747394089878
51200000908,2026-04,0,0.025976827872429942
51200000909,2026-04,0,0.34540833595707127
51200000910,2026-04,0,0.30747394089878
51200000911,2026-04,0,0.38637115429087454
51200000912,2026-04,0,0.1938453219285
51200000913,2026-04,0,0.48692506598055124
51200000914,2026-04,0,0.0
51200000915,2026-04,0,0.0
51200000916,2026-04,0,0.0
51200000917,2026-04,0,0.4387669078812526
51200000918,2026-04,0,0.48073101188328715
51200000919,2026-04,0,0.48073101188328715
51200000920,2026-04,0,0.042340146017533706
51200000921,2026-04,1,0.6857031068861574
51200000922,2026-04,0,0.11535226821188097
51200000923,2026-04,0,0.30747394089878
51200000924,2026-04,0,0.48073101188328715
51200000925,2026-04,0,0.4579081587178114
51200000926,2026-04,0,0.042340146017533706
51200000927,2026-04,0,0.0
51200000928,2026-04,0,0.370631411663587
51200000929,2026-04,0,0.38637115429087454
51200000930,2026-04,0,0.3011828382563278
51200000931,2026-04,0,0.48073101188328715
51200000932,2026-04,0,0.34540833595707127
51200000933,2026-04,0,0.38637115429087454
51200000934,2026-04,0,0.41517727882919647
51200000935,2026-04,0,0.0
51200000936,2026-04,1,0.6323786868376413
51200000937,2026-04,0,0.48073101188328715
51200000938,2026-04,0,0.43994155721996353
51200000939,2026-04,0,0.18682756251735205
51200000940,2026-04,0,0.48073101188328715
51200000941,2026-04,0,0.0541316896719769
51200000942,2026-04,0,0.14227758697284762
51200000943,2026-04,0,0.0
51200000944,2026-04,0,0.07102299590693537
51200000945,2026-04,0,0.34540833595707127
51200000946,2026-04,0,0.0
51200000947,2026-04,0,0.0
51200000948,2026-04,0,0.48692506598055124
51200000949,2026-04,0,0.042340146017533706
51200000950,2026-04,0,0.20732396587757543
51200000951,2026-04,0,0.48073101188328715
51200000952,2026-04,0,0.48073101188328715
51200000953,2026-04,0,0.025976827872429942
51200000954,2026-04,0,0.34540833595707127
51200000955,2026-04,0,0.30747394089878
51200000956,2026-04,0,0.38637115429087454
51200000957,2026-04,1,0.6323786868376413
51200000958,2026-04,0,0.48692506598055124
51200000959,2026-04,0,0.042340146017533706
51200000960,2026-04,0,0.43994155721996353
51200000961,2026-04,0,0.48692506598055124
51200000962,2026-04,0,0.20732396587757543
51200000963,2026-04,0,0.30747394089878
51200000964,2026-04,0,0.38637115429087454
51200000965,2026-04,0,0.042340146017533706
51200000966,2026-04,0,0.025976827872429942
51200000967,2026-04,0,0.20732396587757543
51200000968,2026-04,0,0.34540833595707127
51200000969,2026-04,0,0.1538394015351757
51200000970,2026-04,1,0.7147711344006915
51200000971,2026-04,0,0.07102299590693537
51200000972,2026-04,0,0.43994155721996353
51200000973,2026-04,0,0.4387669078812526
51200000974,2026-04,1,0.5256682081768782
51200000975,2026-04,0,0.22312026038391602
51200000976,2026-04,0,0.38637115429087454
51200000977,2026-04,0,0.30638785559580867
51200000978,2026-04,0,0.11174953594150787
51200000979,2026-04,0,0.07102299590693537
51200000980,2026-04,0,0.0
51200000981,2026-04,0,0.48073101188328715
51200000982,2026-04,0,0.48073101188328715
51200000983,2026-04,1,0.7147711344006915
51200000984,2026-04,0,0.48692506598055124
51200000985,2026-04,0,0.4387669078812526
51200000986,2026-04,0,0.30638785559580867
51200000987,2026-04,0,0.43994155721996353
51200000988,2026-04,0,0.30747394089878
51200000989,2026-04,0,0.14227758697284762
51200000990,2026-04,0,0.48073101188328715
51200000991,2026-04,0,0.12341607903108116
51200000992,2026-04,0,0.07768458276488796
51200000993,2026-04,0,0.38637115429087454
51200000994,2026-04,0,0.1938453219285
51200000995,2026-04,0,0.0
51200000996,2026-04,0,0.34540833595707127
51200000997,2026-04,0,0.07768458276488796
51200000998,2026-04,0,0.0
51200000999,2026-04,0,0.18682756251735205
51200001000,2026-04,0,0.30747394089878
51200001001,2026-04,0,0.43994155721996353
51200001002,2026-04,0,0.042340146017533706
51200001003,2026-04,0,0.48692506598055124
51200001004,2026-04,0,0.1814082262764502
51200001005,2026-04,0,0.1538394015351757
51200001006,2026-04,0,0.14227758697284762
51200001007,2026-04,0,0.07768458276488796
51200001008,2026-04,0,0.30747394089878
51200001009,2026-04,0,0.07768458276488796
51200001010,2026-04,0,0.22312026038391602
51200001011,2026-04,0,0.0
51200001012,2026-04,0,0.05544015043672321
51200001013,2026-04,0,0.042340146017533706
51200001014,2026-04,0,0.48073101188328715
51200001015,2026-04,0,0.12341607903108116
51200001016,2026-04,0,0.14227758697284762
51200001017,2026-04,0,0.1814082262764502
51200001018,2026-04,0,0.43994155721996353
51200001019,2026-04,0,0.0
51200001020,2026-04,0,0.042340146017533706
51200001021,2026-04,0,0.34540833595707127
51200001022,2026-04,0,0.38637115429087454
51200001023,2026-04,0,0.0
51200001024,2026-04,0,0.3011828382563278
51200001025,2026-04,0,0.48073101188328715
51200001026,2026-04,0,0.30747394089878
51200001027,2026-04,0,0.34540833595707127
51200001028,2026-04,0,0.4387669078812526
51200001029,2026-04,0,0.042340146017533706
51200001030,2026-04,0,0.07768458276488796
51200001031,2026-04,0,0.14227758697284762
51200001032,2026-04,0,0.48692506598055124
51200001033,2026-04,0,0.20732396587757543
51200001034,2026-04,0,0.0
51200001035,2026-04,0,0.12341607903108116
51200001036,2026-04,0,0.19384532192849843
51200001037,2026-04,1,0.6857031068861574
51200001038,2026-04,0,0.0
51200001039,2026-04,0,0.30747394089878
51200001040,2026-04,0,0.19384532192849843
51200001041,2026-04,0,0.38637115429087454
51200001042,2026-04,1,0.8699547258891276
51200001043,2026-04,0,0.3011828382563278
51200001044,2026-04,0,0.0
51200001045,2026-04,0,0.370631411663587
51200001046,2026-04,0,0.34540833595707127
51200001047,2026-04,1,0.8699547258891276
51200001048,2026-04,0,0.34540833595707127
51200001049,2026-04,0,0.48692506598055124
51200001050,2026-04,0,0.4387669078812526
51200001051,2026-04,0,0.0
51200001052,2026-04,0,0.1538394015351757
51200001053,2026-04,0,0.042340146017533706
51200001054,2026-04,0,0.042340146017533706
51200001055,2026-04,0,0.48692506598055124
51200001056,2026-04,0,0.43994155721996353
51200001057,2026-04,0,0.43994155721996353
51200001058,2026-04,0,0.042340146017533706
51200001059,2026-04,0,0.43994155721996353
51200001060,2026-04,0,0.43994155721996353
51200001061,2026-04,0,0.34540833595707127
51200001062,2026-04,0,0.0
51200001063,2026-04,0,0.48692506598055124
51200001064,2026-04,0,0.14227758697284762
51200001065,2026-04,0,0.0
51200001066,2026-04,0,0.4579081587178114
51200001067,2026-04,0,0.30747394089878
51200001068,2026-04,0,0.43994155721996353
51200001069,2026-04,0,0.48073101188328715
51200001070,2026-04,0,0.0
51200001071,2026-04,1,0.5722108745446748
51200001072,2026-04,0,0.48073101188328715
51200001073,2026-04,0,0.30747394089878
51200001074,2026-04,0,0.48073101188328715
51200001075,2026-04,0,0.34540833595707127
51200001076,2026-04,0,0.0
51200001077,2026-04,0,0.30747394089878
51200001078,2026-04,0,0.34540833595707127
51200001079,2026-04,0,0.30747394089878
51200001080,2026-04,0,0.34540833595707127
51200001081,2026-04,1,0.6857031068861574
51200001082,2026-04,0,0.48073101188328715
51200001083,2026-04,0,0.34540833595707127
51200001084,2026-04,0,0.12341607903108116
51200001085,2026-04,0,0.38637115429087454
51200001086,2026-04,0,0.042340146017533706
51200001087,2026-04,0,0.19384532192849843
51200001088,2026-04,0,0.48692506598055124
51200001089,2026-04,0,0.0
51200001090,2026-04,0,0.38637115429087454
51200001091,2026-04,0,0.0
51200001092,2026-04,0,0.3011828382563278
51200001093,2026-04,0,0.3027582809210884
51200001094,2026-04,0,0.025976827872429942
51200001095,2026-04,0,0.042340146017533706
51200001096,2026-04,0,0.370631411663587
51200001097,2026-04,0,0.042340146017533706
51200001098,2026-04,0,0.12341607903108116
51200001099,2026-04,0,0.14227758697284762
51200001100,2026-04,0,0.34540833595707127
51200001101,2026-04,0,0.4644245230027633
51200001102,2026-04,0,0.1938453219285
51200001103,2026-04,0,0.1538394015351757
51200001104,2026-04,0,0.38637115429087454
51200001105,2026-04,0,0.43994155721996353
51200001106,2026-04,0,0.30747394089878
51200001107,2026-04,0,0.30747394089878
51200001108,2026-04,0,0.48692506598055124
51200001109,2026-04,0,0.34540833595707127
51200001110,2026-04,0,0.38637115429087454
51200001111,2026-04,0,0.4387669078812526
51200001112,2026-04,0,0.38637115429087454
51200001113,2026-04,0,0.0
51200001114,2026-04,0,0.48073101188328715
51200001115,2026-04,0,0.30747394089878
51200001116,2026-04,1,0.5127541068874338
51200001117,2026-04,0,0.34540833595707127
51200001118,2026-04,0,0.18682756251735205
51200001119,2026-04,0,0.38637115429087454
51200001120,2026-04,0,0.1814082262764502
51200001121,2026-04,0,0.38637115429087454
51200001122,2026-04,0,0.05544015043672321
51200001123,2026-04,0,0.30747394089878
51200001124,2026-04,1,0.5722108745446748
51200001125,2026-04,0,0.48073101188328715
51200001126,2026-04,0,0.48073101188328715
51200001127,2026-04,0,0.12341607903108116
51200001128,2026-04,0,0.34540833595707127
51200001129,2026-04,0,0.34540833595707127
51200001130,2026-04,0,0.30747394089878
51200001131,2026-04,1,0.5722108745446748
51200001132,2026-04,0,0.18682756251735205
51200001133,2026-04,0,0.34540833595707127
51200001134,2026-04,0,0.34540833595707127
51200001135,2026-04,0,0.0
51200001136,2026-04,0,0.042340146017533706
51200001137,2026-04,0,0.14227758697284762
51200001138,2026-04,0,0.0
51200001139,2026-04,0,0.38637115429087454
51200001140,2026-04,0,0.38637115429087454
51200001141,2026-04,0,0.042340146017533706
51200001142,2026-04,0,0.14227758697284762
51200001143,2026-04,0,0.34540833595707127
51200001144,2026-04,0,0.34540833595707127
51200001145,2026-04,0,0.1814082262764502
51200001146,2026-04,0,0.1814082262764502
51200001147,2026-04,1,0.5722108745446748
51200001148,2026-04,0,0.0
51200001149,2026-04,0,0.48692506598055124
51200001150,2026-04,0,0.38637115429087454
51200001151,2026-04,0,0.18682756251735205
51200001152,2026-04,0,0.38637115429087454
51200001153,2026-04,1,0.6323786868376413
51200001154,2026-04,0,0.370631411663587
51200001155,2026-04,0,0.48692506598055124
51200001156,2026-04,0,0.48692506598055124
51200001157,2026-04,0,0.4387669078812526
51200001158,2026-04,1,0.5722108745446748
51200001159,2026-04,0,0.3011828382563278
51200001160,2026-04,1,0.7206751681190569
51200001161,2026-04,0,0.30747394089878
51200001162,2026-04,1,0.7030256593657837
51200001163,2026-04,0,0.14227758697284762
51200001164,2026-04,0,0.48692506598055124
51200001165,2026-04,0,0.0
51200001166,2026-04,0,0.0
51200001167,2026-04,0,0.14227758697284762
51200001168,2026-04,0,0.34540833595707127
51200001169,2026-04,0,0.20732396587757543
51200001170,2026-04,0,0.0
51200001171,2026-04,0,0.18682756251735205
51200001172,2026-04,0,0.18682756251735205
51200001173,2026-04,0,0.30747394089878
51200001174,2026-04,0,0.30747394089878
51200001175,2026-04,0,0.48073101188328715
51200001176,2026-04,0,0.38637115429087454
51200001177,2026-04,0,0.48073101188328715
51200001178,2026-04,0,0.38637115429087454
51200001179,2026-04,1,0.8699547258891276
51200001180,2026-04,0,0.34540833595707127
51200001181,2026-04,0,0.34540833595707127
51200001182,2026-04,0,0.370631411663587
51200001183,2026-04,0,0.43994155721996353
51200001184,2026-04,0,0.05544015043672321
51200001185,2026-04,0,0.30747394089878
51200001186,2026-04,0,0.38637115429087454
51200001187,2026-04,0,0.30747394089878
51200001188,2026-04,1,0.5722108745446748
51200001189,2026-04,0,0.48073101188328715
51200001190,2026-04,0,0.0
51200001191,2026-04,0,0.0
51200001192,2026-04,0,0.43994155721996353
51200001193,2026-04,0,0.14227758697284762
51200001194,2026-04,0,0.43994155721996353
51200001195,2026-04,0,0.43994155721996353
51200001196,2026-04,0,0.0
51200001197,2026-04,0,0.14990198221424295
51200001198,2026-04,1,0.5256682081768782
51200001199,2026-04,0,0.042340146017533706
51200001200,2026-04,1,0.5722108745446748
51200001201,2026-04,0,0.0
51200001202,2026-04,0,0.43994155721996353
51200001203,2026-04,0,0.14227758697284762
51200001204,2026-04,0,0.30747394089878
51200001205,2026-04,0,0.34540833595707127
51200001206,2026-04,0,0.22312026038391602
51200001207,2026-04,0,0.34540833595707127
51200001208,2026-04,0,0.34540833595707127
51200001209,2026-04,0,0.48073101188328715
51200001210,2026-04,0,0.4387669078812526
51200001211,2026-04,0,0.1938453219285
51200001212,2026-04,0,0.20732396587757543
51200001213,2026-04,0,0.14990198221424295
51200001214,2026-04,0,0.34540833595707127
51200001215,2026-04,0,0.18682756251735205
51200001216,2026-04,0,0.0
51200001217,2026-04,0,0.34540833595707127
51200001218,2026-04,0,0.1212962464529327
51200001219,2026-04,0,0.4387669078812526
51200001220,2026-04,0,0.43994155721996353
51200001221,2026-04,0,0.0
51200001222,2026-04,0,0.48692506598055124
51200001223,2026-04,0,0.14227758697284762
51200001224,2026-04,0,0.38637115429087454
51200001225,2026-04,0,0.43994155721996353
51200001226,2026-04,1,0.5722108745446748
51200001227,2026-04,0,0.30747394089878
51200001228,2026-04,0,0.34540833595707127
51200001229,2026-04,0,0.48073101188328715
51200001230,2026-04,0,0.43994155721996353
51200001231,2026-04,0,0.0
51200001232,2026-04,0,0.43994155721996353
51200001233,2026-04,0,0.14227758697284762
51200001234,2026-04,0,0.0
51200001235,2026-04,0,0.05544015043672321
51200001236,2026-04,0,0.43994155721996353
51200001237,2026-04,0,0.0
51200001238,2026-04,0,0.14990198221424295
51200001239,2026-04,1,0.7030256593657837
51200001240,2026-04,0,0.30747394089878
51200001241,2026-04,0,0.48692506598055124
51200001242,2026-04,0,0.30747394089878
51200001243,2026-04,0,0.042340146017533706
51200001244,2026-04,0,0.38637115429087454
51200001245,2026-04,0,0.07102299590693537
51200001246,2026-04,0,0.07768458276488796
51200001247,2026-04,0,0.4387669078812526
51200001248,2026-04,1,0.8699547258891276
51200001249,2026-04,0,0.3011828382563278
51200001250,2026-04,0,0.042340146017533706
51200001251,2026-04,1,0.5256682081768782
51200001252,2026-04,0,0.48692506598055124
51200001253,2026-04,0,0.4387669078812526
51200001254,2026-04,0,0.02748541476437083
51200001255,2026-04,0,0.1814082262764502
51200001256,2026-04,0,0.30747394089878
51200001257,2026-04,0,0.370631411663587
51200001258,2026-04,0,0.0541316896719769
51200001259,2026-04,0,0.0
51200001260,2026-04,0,0.43994155721996353
51200001261,2026-04,1,0.5722108745446748
51200001262,2026-04,0,0.34540833595707127
51200001263,2026-04,0,0.4364476542287523
51200001264,2026-04,0,0.30747394089878
51200001265,2026-04,0,0.0
51200001266,2026-04,0,0.30747394089878
51200001267,2026-04,0,0.43994155721996353
51200001268,2026-04,0,0.34540833595707127
51200001269,2026-04,0,0.0
51200001270,2026-04,0,0.3011828382563278
51200001271,2026-04,1,0.6323786868376413
51200001272,2026-04,0,0.48073101188328715
51200001273,2026-04,1,0.5722108745446748
51200001274,2026-04,0,0.12341607903108116
51200001275,2026-04,0,0.0
51200001276,2026-04,0,0.48692506598055124
51200001277,2026-04,0,0.38637115429087454
51200001278,2026-04,0,0.48073101188328715
51200001279,2026-04,0,0.18682756251735205
51200001280,2026-04,0,0.19384532192849843
51200001281,2026-04,0,0.48073101188328715
51200001282,2026-04,0,0.07768458276488796
51200001283,2026-04,1,0.6857031068861574
51200001284,2026-04,0,0.14227758697284762
51200001285,2026-04,0,0.38637115429087454
51200001286,2026-04,0,0.0
51200001287,2026-04,0,0.0
51200001288,2026-04,0,0.34540833595707127
51200001289,2026-04,0,0.0
51200001290,2026-04,0,0.48073101188328715
51200001291,2026-04,0,0.38637115429087454
51200001292,2026-04,1,0.5722108745446748
51200001293,2026-04,0,0.14227758697284762
51200001294,2026-04,0,0.48073101188328715
51200001295,2026-04,0,0.34540833595707127
51200001296,2026-04,0,0.48692506598055124
51200001297,2026-04,0,0.34540833595707127
51200001298,2026-04,0,0.1938453219285
51200001299,2026-04,0,0.1938453219285
51200001300,2026-04,0,0.48073101188328715
51200001301,2026-04,0,0.14227758697284762
51200001302,2026-04,0,0.30747394089878
51200001303,2026-04,1,0.6857031068861574
51200001304,2026-04,0,0.34540833595707127
51200001305,2026-04,0,0.48073101188328715
51200001306,2026-04,1,0.5397144295679286
51200001307,2026-04,0,0.18682756251735205
51200001308,2026-04,0,0.0
51200001309,2026-04,0,0.48692506598055124
51200001310,2026-04,1,0.5722108745446748
51200001311,2026-04,0,0.07768458276488796
51200001312,2026-04,0,0.07768458276488796
51200001313,2026-04,0,0.14990198221424295
51200001314,2026-04,0,0.0
51200001315,2026-04,0,0.4387669078812526
51200001316,2026-04,0,0.11535226821188097
51200001317,2026-04,0,0.30747394089878
51200001318,2026-04,0,0.34540833595707127
51200001319,2026-04,0,0.43994155721996353
51200001320,2026-04,0,0.12341607903108116
51200001321,2026-04,0,0.1538394015351757
51200001322,2026-04,0,0.14227758697284762
51200001323,2026-04,0,0.4387669078812526
51200001324,2026-04,0,0.14227758697284762
51200001325,2026-04,0,0.34540833595707127
51200001326,2026-04,0,0.34540833595707127
51200001327,2026-04,0,0.14227758697284762
51200001328,2026-04,0,0.0
51200001329,2026-04,0,0.48692506598055124
51200001330,2026-04,0,0.22312026038391602
51200001331,2026-04,0,0.18682756251735205
51200001332,2026-04,0,0.30747394089878
51200001333,2026-04,0,0.43994155721996353
51200001334,2026-04,0,0.43994155721996353
51200001335,2026-04,0,0.07768458276488796
51200001336,2026-04,1,0.6857031068861574
51200001337,2026-04,0,0.1938453219285
51200001338,2026-04,1,0.5722108745446748
51200001339,2026-04,0,0.38637115429087454
51200001340,2026-04,0,0.43994155721996353
51200001341,2026-04,0,0.34540833595707127
51200001342,2026-04,0,0.38637115429087454
51200001343,2026-04,0,0.43994155721996353
51200001344,2026-04,0,0.43994155721996353
51200001345,2026-04,0,0.0
51200001346,2026-04,0,0.0
51200001347,2026-04,0,0.43994155721996353
51200001348,2026-04,0,0.34540833595707127
51200001349,2026-04,0,0.14227758697284762
51200001350,2026-04,0,0.48073101188328715
51200001351,2026-04,0,0.30747394089878
51200001352,2026-04,0,0.0
51200001353,2026-04,1,0.9067409141950488
51200001354,2026-04,1,0.8699547258891276
51200001355,2026-04,1,0.5722108745446748
51200001356,2026-04,0,0.07102299590693537
51200001357,2026-04,0,0.48073101188328715
51200001358,2026-04,0,0.48073101188328715
51200001359,2026-04,0,0.1814082262764502
51200001360,2026-04,0,0.43994155721996353
51200001361,2026-04,1,0.5722108745446748
51200001362,2026-04,0,0.1938453219285
51200001363,2026-04,0,0.48692506598055124
51200001364,2026-04,0,0.0
51200001365,2026-04,0,0.43994155721996353
51200001366,2026-04,0,0.22312026038391602
51200001367,2026-04,0,0.4387669078812526
51200001368,2026-04,0,0.4387669078812526
51200001369,2026-04,0,0.0
51200001370,2026-04,0,0.14227758697284762
51200001371,2026-04,0,0.34540833595707127
51200001372,2026-04,0,0.042340146017533706
51200001373,2026-04,0,0.48692506598055124
51200001374,2026-04,0,0.48073101188328715
51200001375,2026-04,0,0.0
51200001376,2026-04,0,0.14990198221424295
51200001377,2026-04,0,0.1814082262764502
51200001378,2026-04,0,0.042340146017533706
51200001379,2026-04,0,0.34540833595707127
51200001380,2026-04,0,0.38637115429087454
51200001381,2026-04,0,0.34540833595707127
51200001382,2026-04,0,0.34540833595707127
51200001383,2026-04,0,0.38637115429087454
51200001384,2026-04,1,0.6857031068861574
51200001385,2026-04,1,0.5722108745446748
51200001386,2026-04,0,0.1538394015351757
51200001387,2026-04,1,0.8472648407651877
51200001388,2026-04,0,0.18682756251735205
51200001389,2026-04,1,0.5722108745446748
51200001390,2026-04,0,0.48073101188328715
51200001391,2026-04,0,0.38637115429087454
51200001392,2026-04,0,0.38637115429087454
51200001393,2026-04,0,0.34540833595707127
51200001394,2026-04,0,0.48692506598055124
51200001395,2026-04,0,0.18682756251735205
51200001396,2026-04,0,0.34540833595707127
51200001397,2026-04,1,0.5040853937850883
51200001398,2026-04,0,0.43994155721996353
51200001399,2026-04,0,0.12341607903108116
51200001400,2026-04,0,0.38637115429087454
51200001401,2026-04,0,0.14227758697284762
51200001402,2026-04,0,0.22312026038391602
51200001403,2026-04,0,0.042340146017533706
51200001404,2026-04,0,0.0
51200001405,2026-04,0,0.18682756251735205
51200001406,2026-04,0,0.12341607903108116
51200001407,2026-04,0,0.48073101188328715
51200001408,2026-04,0,0.30747394089878
51200001409,2026-04,0,0.025976827872429942
51200001410,2026-04,0,0.30747394089878
51200001411,2026-04,0,0.48073101188328715
51200001412,2026-04,0,0.0
51200001413,2026-04,0,0.48692506598055124
51200001414,2026-04,0,0.34540833595707127
51200001415,2026-04,0,0.12341607903108116
51200001416,2026-04,0,0.48073101188328715
51200001417,2026-04,0,0.0
51200001418,2026-04,1,0.6857031068861574
51200001419,2026-04,0,0.18682756251735205
51200001420,2026-04,1,0.8472648407651877
51200001421,2026-04,0,0.19384532192849843
51200001422,2026-04,0,0.43994155721996353
51200001423,2026-04,0,0.43994155721996353
51200001424,2026-04,0,0.48073101188328715
51200001425,2026-04,0,0.14227758697284762
51200001426,2026-04,0,0.38637115429087454
51200001427,2026-04,0,0.18682756251735205
51200001428,2026-04,0,0.48692506598055124
51200001429,2026-04,0,0.05544015043672321
51200001430,2026-04,0,0.4364476542287523
51200001431,2026-04,0,0.1814082262764502
51200001432,2026-04,0,0.3011828382563278
51200001433,2026-04,0,0.14227758697284762
51200001434,2026-04,0,0.34540833595707127
51200001435,2026-04,0,0.43994155721996353
51200001436,2026-04,0,0.0
51200001437,2026-04,0,0.18682756251735205
51200001438,2026-04,0,0.48692506598055124
51200001439,2026-04,1,0.7147711344006915
51200001440,2026-04,1,0.7030256593657837
51200001441,2026-04,0,0.38637115429087454
51200001442,2026-04,0,0.3027582809210884
51200001443,2026-04,0,0.12341607903108116
51200001444,2026-04,0,0.22312026038391602
51200001445,2026-04,0,0.14227758697284762
51200001446,2026-04,0,0.34540833595707127
51200001447,2026-04,0,0.14990198221424295
51200001448,2026-04,0,0.30747394089878
51200001449,2026-04,0,0.30747394089878
51200001450,2026-04,0,0.1814082262764502
51200001451,2026-04,0,0.34540833595707127
51200001452,2026-04,0,0.1538394015351757
51200001453,2026-04,0,0.34540833595707127
51200001454,2026-04,0,0.34540833595707127
51200001455,2026-04,0,0.34540833595707127
51200001456,2026-04,1,0.5040853937850883
51200001457,2026-04,0,0.34540833595707127
51200001458,2026-04,0,0.48073101188328715
51200001459,2026-04,0,0.0
51200001460,2026-04,0,0.30747394089878
51200001461,2026-04,0,0.0
51200001462,2026-04,1,0.6883414431909924
51200001463,2026-04,0,0.14990198221424295
51200001464,2026-04,0,0.14227758697284762
51200001465,2026-04,0,0.30747394089878
51200001466,2026-04,0,0.1814082262764502
51200001467,2026-04,0,0.18682756251735205
51200001468,2026-04,0,0.0541316896719769
51200001469,2026-04,0,0.0
51200001470,2026-04,1,0.7147711344006915
51200001471,2026-04,0,0.30747394089878
51200001472,2026-04,1,0.6857031068861574
51200001473,2026-04,0,0.38637115429087454
51200001474,2026-04,0,0.0
51200001475,2026-04,0,0.34540833595707127
51200001476,2026-04,0,0.0
51200001477,2026-04,0,0.34540833595707127
51200001478,2026-04,0,0.0
51200001479,2026-04,0,0.43994155721996353
51200001480,2026-04,0,0.38637115429087454
51200001481,2026-04,0,0.2619708017073861
51200001482,2026-04,0,0.30747394089878
51200001483,2026-04,0,0.30747394089878
51200001484,2026-04,0,0.30747394089878
51200001485,2026-04,0,0.19384532192849843
51200001486,2026-04,0,0.30747394089878
51200001487,2026-04,0,0.38637115429087454
51200001488,2026-04,0,0.43994155721996353
51200001489,2026-04,0,0.042340146017533706
51200001490,2026-04,1,0.5722108745446748
51200001491,2026-04,0,0.1938453219285
51200001492,2026-04,0,0.38637115429087454
51200001493,2026-04,0,0.14990198221424295
51200001494,2026-04,1,0.6857031068861574
51200001495,2026-04,0,0.43994155721996353
51200001496,2026-04,0,0.2619708017073861
51200001497,2026-04,0,0.0
51200001498,2026-04,0,0.1212962464529327
51200001499,2026-04,1,0.5722108745446748
51200001500,2026-04,1,0.5722108745446748
51200001501,2026-04,0,0.34540833595707127
51200001502,2026-04,0,0.30747394089878
51200001503,2026-04,0,0.43994155721996353
51200001504,2026-04,0,0.14227758697284762
51200001505,2026-04,0,0.3011828382563278
51200001506,2026-04,0,0.38637115429087454
51200001507,2026-04,0,0.14990198221424295
51200001508,2026-04,0,0.1938453219285
51200001509,2026-04,0,0.1538394015351757
51200001510,2026-04,0,0.38637115429087454
51200001511,2026-04,0,0.48692506598055124
51200001512,2026-04,0,0.43994155721996353
51200001513,2026-04,0,0.43994155721996353
51200001514,2026-04,0,0.20732396587757543
51200001515,2026-04,0,0.4364476542287523
51200001516,2026-04,0,0.0
51200001517,2026-04,0,0.14227758697284762
51200001518,2026-04,0,0.30638785559580867
51200001519,2026-04,1,0.5722108745446748
51200001520,2026-04,0,0.48692506598055124
51200001521,2026-04,0,0.48692506598055124
51200001522,2026-04,0,0.4644245230027633
51200001523,2026-04,0,0.48073101188328715
51200001524,2026-04,0,0.02748541476437083
51200001525,2026-04,0,0.0
51200001526,2026-04,0,0.0
51200001527,2026-04,0,0.48073101188328715
51200001528,2026-04,0,0.3011828382563278
51200001529,2026-04,0,0.38637115429087454
51200001530,2026-04,0,0.4387669078812526
51200001531,2026-04,0,0.0
51200001532,2026-04,0,0.025976827872429942
51200001533,2026-04,0,0.14227758697284762
51200001534,2026-04,0,0.34540833595707127
51200001535,2026-04,0,0.38637115429087454
51200001536,2026-04,0,0.042340146017533706
51200001537,2026-04,1,0.5722108745446748
51200001538,2026-04,0,0.4387669078812526
51200001539,2026-04,0,0.18682756251735205
51200001540,2026-04,0,0.48073101188328715
51200001541,2026-04,0,0.19384532192849843
51200001542,2026-04,0,0.1814082262764502
51200001543,2026-04,0,0.48073101188328715
51200001544,2026-04,0,0.0
51200001545,2026-04,0,0.48073101188328715
51200001546,2026-04,0,0.1814082262764502
51200001547,2026-04,0,0.43994155721996353
51200001548,2026-04,1,0.6857031068861574
51200001549,2026-04,0,0.30638785559580867
51200001550,2026-04,0,0.025976827872429942
51200001551,2026-04,0,0.042340146017533706
51200001552,2026-04,1,0.5722108745446748
51200001553,2026-04,0,0.07102299590693537
51200001554,2026-04,1,0.5722108745446748
51200001555,2026-04,0,0.34540833595707127
51200001556,2026-04,0,0.48073101188328715
51200001557,2026-04,0,0.042340146017533706
51200001558,2026-04,0,0.22312026038391602
51200001559,2026-04,0,0.34540833595707127
51200001560,2026-04,0,0.30747394089878
51200001561,2026-04,0,0.48073101188328715
51200001562,2026-04,0,0.30747394089878
51200001563,2026-04,0,0.38637115429087454
51200001564,2026-04,0,0.34540833595707127
51200001565,2026-04,0,0.19384532192849843
51200001566,2026-04,0,0.43994155721996353
51200001567,2026-04,0,0.1538394015351757
51200001568,2026-04,1,0.6804866473963503
51200001569,2026-04,0,0.0
51200001570,2026-04,0,0.30747394089878
51200001571,2026-04,0,0.34540833595707127
51200001572,2026-04,0,0.48073101188328715
51200001573,2026-04,0,0.30747394089878
51200001574,2026-04,1,0.7147711344006915
51200001575,2026-04,0,0.48692506598055124
51200001576,2026-04,0,0.30747394089878
51200001577,2026-04,0,0.0
51200001578,2026-04,0,0.0
51200001579,2026-04,1,0.6323786868376413
51200001580,2026-04,0,0.48692506598055124
51200001581,2026-04,0,0.0541316896719769
51200001582,2026-04,0,0.48073101188328715
51200001583,2026-04,0,0.43994155721996353
51200001584,2026-04,0,0.30747394089878
51200001585,2026-04,0,0.0541316896719769
51200001586,2026-04,0,0.14227758697284762
51200001587,2026-04,0,0.48692506598055124
51200001588,2026-04,1,0.5722108745446748
51200001589,2026-04,0,0.34540833595707127
51200001590,2026-04,0,0.0
51200001591,2026-04,0,0.4387669078812526
51200001592,2026-04,0,0.48692506598055124
51200001593,2026-04,0,0.0
51200001594,2026-04,1,0.5722108745446748
51200001595,2026-04,0,0.20732396587757543
51200001596,2026-04,0,0.38637115429087454
51200001597,2026-04,0,0.07102299590693537
51200001598,2026-04,0,0.025976827872429942
51200001599,2026-04,0,0.48692506598055124
51200001600,2026-04,0,0.0
51200001601,2026-04,0,0.48692506598055124
51200001602,2026-04,0,0.48073101188328715
51200001603,2026-04,0,0.48073101188328715
51200001604,2026-04,0,0.43994155721996353
51200001605,2026-04,0,0.1538394015351757
51200001606,2026-04,0,0.38637115429087454
51200001607,2026-04,0,0.38637115429087454
51200001608,2026-04,0,0.34540833595707127
51200001609,2026-04,0,0.30747394089878
51200001610,2026-04,0,0.0
51200001611,2026-04,0,0.4387669078812526
51200001612,2026-04,0,0.48073101188328715
51200001613,2026-04,0,0.0
51200001614,2026-04,1,0.5722108745446748
51200001615,2026-04,0,0.0
51200001616,2026-04,0,0.38637115429087454
51200001617,2026-04,0,0.1538394015351757
51200001618,2026-04,0,0.4387669078812526
51200001619,2026-04,0,0.12341607903108116
51200001620,2026-04,0,0.30638785559580867
51200001621,2026-04,0,0.042340146017533706
51200001622,2026-04,0,0.05544015043672321
51200001623,2026-04,1,0.5722108745446748
51200001624,2026-04,0,0.0
51200001625,2026-04,0,0.48692506598055124
51200001626,2026-04,1,0.7206751681190569
51200001627,2026-04,0,0.34540833595707127
51200001628,2026-04,0,0.025976827872429942
51200001629,2026-04,0,0.48073101188328715
51200001630,2026-04,0,0.38637115429087454
51200001631,2026-04,0,0.48692506598055124
51200001632,2026-04,0,0.48692506598055124
51200001633,2026-04,0,0.34540833595707127
51200001634,2026-04,0,0.30747394089878
51200001635,2026-04,0,0.48692506598055124
51200001636,2026-04,0,0.12341607903108116
51200001637,2026-04,0,0.34540833595707127
51200001638,2026-04,0,0.48073101188328715
51200001639,2026-04,1,0.9502519289573542
51200001640,2026-04,0,0.0
51200001641,2026-04,0,0.34540833595707127
51200001642,2026-04,0,0.042340146017533706
51200001643,2026-04,0,0.38637115429087454
51200001644,2026-04,0,0.34540833595707127
51200001645,2026-04,0,0.12341607903108116
51200001646,2026-04,0,0.34540833595707127
51200001647,2026-04,1,0.5722108745446748
51200001648,2026-04,0,0.0
51200001649,2026-04,0,0.48692506598055124
51200001650,2026-04,0,0.0541316896719769
51200001651,2026-04,0,0.34540833595707127
51200001652,2026-04,0,0.0
51200001653,2026-04,0,0.19384532192849843
51200001654,2026-04,0,0.0
51200001655,2026-04,0,0.43994155721996353
51200001656,2026-04,0,0.0
51200001657,2026-04,0,0.30747394089878
51200001658,2026-04,0,0.0
51200001659,2026-04,0,0.43994155721996353
51200001660,2026-04,0,0.38637115429087454
51200001661,2026-04,0,0.0
51200001662,2026-04,0,0.22312026038391602
51200001663,2026-04,0,0.43994155721996353
51200001664,2026-04,0,0.48692506598055124
51200001665,2026-04,0,0.18682756251735205
51200001666,2026-04,0,0.30747394089878
51200001667,2026-04,0,0.4364476542287523
51200001668,2026-04,0,0.4387669078812526
51200001669,2026-04,1,0.6857031068861574
51200001670,2026-04,0,0.48692506598055124
51200001671,2026-04,1,0.8699547258891276
51200001672,2026-04,0,0.1938453219285
51200001673,2026-04,0,0.1938453219285
51200001674,2026-04,0,0.30747394089878
51200001675,2026-04,0,0.042340146017533706
51200001676,2026-04,0,0.48692506598055124
51200001677,2026-04,0,0.4387669078812526
51200001678,2026-04,0,0.34540833595707127
51200001679,2026-04,0,0.30747394089878
51200001680,2026-04,0,0.48692506598055124
51200001681,2026-04,0,0.34540833595707127
51200001682,2026-04,0,0.43994155721996353
51200001683,2026-04,0,0.0
51200001684,2026-04,0,0.0
51200001685,2026-04,0,0.05544015043672321
51200001686,2026-04,0,0.34540833595707127
51200001687,2026-04,0,0.14227758697284762
51200001688,2026-04,0,0.07768458276488796
51200001689,2026-04,0,0.4387669078812526
51200001690,2026-04,0,0.34540833595707127
51200001691,2026-04,0,0.14227758697284762
51200001692,2026-04,0,0.4387669078812526
51200001693,2026-04,0,0.1814082262764502
51200001694,2026-04,0,0.30747394089878
51200001695,2026-04,0,0.34540833595707127
51200001696,2026-04,0,0.30747394089878
51200001697,2026-04,1,0.7147711344006915
51200001698,2026-04,0,0.48073101188328715
51200001699,2026-04,0,0.370631411663587
51200001700,2026-04,0,0.042340146017533706
51200001701,2026-04,0,0.05544015043672321
51200001702,2026-04,1,0.5722108745446748
51200001703,2026-04,0,0.38637115429087454
51200001704,2026-04,0,0.0541316896719769
51200001705,2026-04,0,0.30747394089878
51200001706,2026-04,0,0.48692506598055124
51200001707,2026-04,0,0.14227758697284762
51200001708,2026-04,0,0.48692506598055124
51200001709,2026-04,1,0.8699547258891276
51200001710,2026-04,0,0.042340146017533706
51200001711,2026-04,0,0.05544015043672321
51200001712,2026-04,0,0.38637115429087454
51200001713,2026-04,0,0.34540833595707127
51200001714,2026-04,0,0.34540833595707127
51200001715,2026-04,0,0.34540833595707127
51200001716,2026-04,0,0.1938453219285
51200001717,2026-04,0,0.38637115429087454
51200001718,2026-04,0,0.48692506598055124
51200001719,2026-04,1,0.5722108745446748
51200001720,2026-04,0,0.07768458276488796
51200001721,2026-04,0,0.48073101188328715
51200001722,2026-04,0,0.48073101188328715
51200001723,2026-04,0,0.48073101188328715
51200001724,2026-04,0,0.0
51200001725,2026-04,0,0.18682756251735205
51200001726,2026-04,0,0.48692506598055124
51200001727,2026-04,1,0.5040853937850883
51200001728,2026-04,0,0.38637115429087454
51200001729,2026-04,0,0.48073101188328715
51200001730,2026-04,0,0.48073101188328715
51200001731,2026-04,0,0.14227758697284762
51200001732,2026-04,1,0.6963796909492276
51200001733,2026-04,1,0.7206751681190569
51200001734,2026-04,0,0.30747394089878
51200001735,2026-04,0,0.0
51200001736,2026-04,1,0.8699547258891276
51200001737,2026-04,0,0.48073101188328715
51200001738,2026-04,0,0.042340146017533706
51200001739,2026-04,0,0.0
51200001740,2026-04,0,0.30747394089878
51200001741,2026-04,0,0.38637115429087454
51200001742,2026-04,0,0.3011828382563278
51200001743,2026-04,0,0.14227758697284762
51200001744,2026-04,0,0.48073101188328715
51200001745,2026-04,0,0.1538394015351757
51200001746,2026-04,0,0.30747394089878
51200001747,2026-04,1,0.5722108745446748
51200001748,2026-04,0,0.38637115429087454
51200001749,2026-04,0,0.43994155721996353
51200001750,2026-04,1,0.9502519289573542
51200001751,2026-04,0,0.48073101188328715
51200001752,2026-04,0,0.042340146017533706
51200001753,2026-04,0,0.4387669078812526
51200001754,2026-04,0,0.48692506598055124
51200001755,2026-04,0,0.38637115429087454
51200001756,2026-04,1,0.9502519289573542
51200001757,2026-04,0,0.43994155721996353
51200001758,2026-04,0,0.34540833595707127
51200001759,2026-04,0,0.34540833595707127
51200001760,2026-04,0,0.18682756251735205
51200001761,2026-04,0,0.14227758697284762
51200001762,2026-04,0,0.43994155721996353
51200001763,2026-04,0,0.19384532192849843
51200001764,2026-04,0,0.0
51200001765,2026-04,0,0.4364476542287523
51200001766,2026-04,0,0.07768458276488796
51200001767,2026-04,1,0.5722108745446748
51200001768,2026-04,0,0.34540833595707127
51200001769,2026-04,0,0.18682756251735205
51200001770,2026-04,0,0.042340146017533706
51200001771,2026-04,0,0.0
51200001772,2026-04,1,0.6857031068861574
51200001773,2026-04,0,0.1538394015351757
51200001774,2026-04,0,0.4644245230027633
51200001775,2026-04,1,0.5722108745446748
51200001776,2026-04,0,0.1938453219285
51200001777,2026-04,0,0.07102299590693537
51200001778,2026-04,0,0.0
51200001779,2026-04,0,0.0
51200001780,2026-04,1,0.6323786868376413
51200001781,2026-04,0,0.025976827872429942
51200001782,2026-04,1,0.7030256593657837
51200001783,2026-04,0,0.12341607903108116
51200001784,2026-04,1,0.6162810371265538
51200001785,2026-04,0,0.4387669078812526
51200001786,2026-04,0,0.4364476542287523
51200001787,2026-04,0,0.4387669078812526
51200001788,2026-04,0,0.48073101188328715
51200001789,2026-04,0,0.3783038326857584
51200001790,2026-04,0,0.0
51200001791,2026-04,0,0.38637115429087454
51200001792,2026-04,0,0.48692506598055124
51200001793,2026-04,0,0.4387669078812526
51200001794,2026-04,0,0.38637115429087454
51200001795,2026-04,0,0.38637115429087454
51200001796,2026-04,0,0.30747394089878
51200001797,2026-04,0,0.48692506598055124
51200001798,2026-04,0,0.12341607903108116
51200001799,2026-04,0,0.0
51200001800,2026-04,0,0.48073101188328715
51200001801,2026-04,0,0.48692506598055124
51200001802,2026-04,0,0.12341607903108116
51200001803,2026-04,0,0.1938453219285
51200001804,2026-04,0,0.48692506598055124
51200001805,2026-04,1,0.9067409141950488
51200001806,2026-04,0,0.48692506598055124
51200001807,2026-04,0,0.14990198221424295
51200001808,2026-04,0,0.4387669078812526
51200001809,2026-04,0,0.0
51200001810,2026-04,0,0.48073101188328715
51200001811,2026-04,0,0.48692506598055124
51200001812,2026-04,1,0.5040853937850883
51200001813,2026-04,0,0.0
51200001814,2026-04,0,0.30747394089878
51200001815,2026-04,1,1.0
51200001816,2026-04,0,0.12341607903108116
51200001817,2026-04,0,0.025976827872429942
51200001818,2026-04,0,0.38637115429087454
51200001819,2026-04,0,0.1814082262764502
51200001820,2026-04,0,0.48692506598055124
51200001821,2026-04,0,0.48073101188328715
51200001822,2026-04,0,0.38637115429087454
51200001823,2026-04,0,0.43994155721996353
51200001824,2026-04,0,0.042340146017533706
51200001825,2026-04,1,0.5040853937850883
51200001826,2026-04,0,0.05544015043672321
51200001827,2026-04,0,0.38637115429087454
51200001828,2026-04,0,0.38637115429087454
51200001829,2026-04,0,0.48073101188328715
51200001830,2026-04,0,0.07102299590693537
51200001831,2026-04,0,0.18682756251735205
51200001832,2026-04,0,0.38637115429087454
51200001833,2026-04,0,0.042340146017533706
51200001834,2026-04,0,0.34540833595707127
51200001835,2026-04,0,0.18682756251735205
51200001836,2026-04,0,0.1938453219285
51200001837,2026-04,0,0.34540833595707127
51200001838,2026-04,0,0.48073101188328715
51200001839,2026-04,0,0.11535226821188097
51200001840,2026-04,0,0.34540833595707127
51200001841,2026-04,0,0.07102299590693537
51200001842,2026-04,1,0.6857031068861574
51200001843,2026-04,0,0.48073101188328715
51200001844,2026-04,0,0.07768458276488796
51200001845,2026-04,1,0.7030256593657837
51200001846,2026-04,0,0.18682756251735205
51200001847,2026-04,0,0.38637115429087454
51200001848,2026-04,0,0.4387669078812526
51200001849,2026-04,0,0.0
51200001850,2026-04,0,0.14227758697284762
51200001851,2026-04,1,0.6857031068861574
51200001852,2026-04,0,0.34540833595707127
51200001853,2026-04,0,0.0
51200001854,2026-04,0,0.30747394089878
51200001855,2026-04,0,0.042340146017533706
51200001856,2026-04,0,0.30747394089878
51200001857,2026-04,0,0.0
51200001858,2026-04,1,0.7251669214961828
51200001859,2026-04,0,0.48073101188328715
51200001860,2026-04,1,0.6857031068861574
51200001861,2026-04,0,0.38637115429087454
51200001862,2026-04,0,0.34540833595707127
51200001863,2026-04,1,0.5722108745446748
51200001864,2026-04,0,0.34540833595707127
51200001865,2026-04,0,0.34540833595707127
51200001866,2026-04,0,0.43994155721996353
51200001867,2026-04,0,0.0
51200001868,2026-04,0,0.0541316896719769
51200001869,2026-04,0,0.07768458276488796
51200001870,2026-04,0,0.0
51200001871,2026-04,1,0.6963796909492276
51200001872,2026-04,0,0.4387669078812526
51200001873,2026-04,0,0.34540833595707127
51200001874,2026-04,0,0.1814082262764502
51200001875,2026-04,0,0.1938453219285
51200001876,2026-04,0,0.0
51200001877,2026-04,0,0.48073101188328715
51200001878,2026-04,0,0.042340146017533706
51200001879,2026-04,0,0.30747394089878
51200001880,2026-04,0,0.30747394089878
51200001881,2026-04,1,0.7147711344006915
51200001882,2026-04,0,0.34540833595707127
51200001883,2026-04,0,0.38637115429087454
51200001884,2026-04,0,0.042340146017533706
51200001885,2026-04,0,0.43994155721996353
51200001886,2026-04,1,0.8699547258891276
51200001887,2026-04,0,0.38637115429087454
51200001888,2026-04,0,0.0
51200001889,2026-04,0,0.34540833595707127
51200001890,2026-04,1,0.5722108745446748
51200001891,2026-04,0,0.12341607903108116
51200001892,2026-04,0,0.30747394089878
51200001893,2026-04,0,0.0
51200001894,2026-04,0,0.18682756251735205
51200001895,2026-04,0,0.38637115429087454
51200001896,2026-04,0,0.30747394089878
51200001897,2026-04,0,0.43994155721996353
51200001898,2026-04,0,0.3011828382563278
51200001899,2026-04,0,0.22312026038391602
51200001900,2026-04,0,0.34540833595707127
51200001901,2026-04,0,0.0
51200001902,2026-04,0,0.48692506598055124
51200001903,2026-04,0,0.48692506598055124
51200001904,2026-04,0,0.07768458276488796
51200001905,2026-04,0,0.042340146017533706
51200001906,2026-04,0,0.0
51200001907,2026-04,1,0.6162810371265538
51200001908,2026-04,0,0.30747394089878
51200001909,2026-04,0,0.38637115429087454
51200001910,2026-04,0,0.4387669078812526
51200001911,2026-04,0,0.14227758697284762
51200001912,2026-04,0,0.12341607903108116
51200001913,2026-04,0,0.042340146017533706
51200001914,2026-04,0,0.43994155721996353
51200001915,2026-04,0,0.18682756251735205
51200001916,2026-04,0,0.34540833595707127
51200001917,2026-04,0,0.0
51200001918,2026-04,1,0.5397144295679286
51200001919,2026-04,0,0.18682756251735205
51200001920,2026-04,0,0.30747394089878
51200001921,2026-04,0,0.042340146017533706
51200001922,2026-04,0,0.48073101188328715
51200001923,2026-04,0,0.0
51200001924,2026-04,0,0.14227758697284762
51200001925,2026-04,0,0.34540833595707127
51200001926,2026-04,0,0.0
51200001927,2026-04,0,0.042340146017533706
51200001928,2026-04,0,0.30747394089878
51200001929,2026-04,0,0.30747394089878
51200001930,2026-04,0,0.14227758697284762
51200001931,2026-04,1,0.6323786868376413
51200001932,2026-04,0,0.4387669078812526
51200001933,2026-04,0,0.48692506598055124
51200001934,2026-04,0,0.1938453219285
51200001935,2026-04,0,0.12341607903108116
51200001936,2026-04,0,0.042340146017533706
51200001937,2026-04,0,0.12341607903108116
51200001938,2026-04,0,0.0
51200001939,2026-04,0,0.4387669078812526
51200001940,2026-04,0,0.0
51200001941,2026-04,0,0.18682756251735205
51200001942,2026-04,0,0.07102299590693537
51200001943,2026-04,0,0.48073101188328715
51200001944,2026-04,0,0.43994155721996353
51200001945,2026-04,0,0.48073101188328715
51200001946,2026-04,0,0.042340146017533706
51200001947,2026-04,0,0.48073101188328715
51200001948,2026-04,0,0.042340146017533706
51200001949,2026-04,1,0.9067409141950488
51200001950,2026-04,0,0.34540833595707127
51200001951,2026-04,0,0.38637115429087454
51200001952,2026-04,0,0.48692506598055124
51200001953,2026-04,0,0.22312026038391602
51200001954,2026-04,0,0.48692506598055124
51200001955,2026-04,0,0.14227758697284762
51200001956,2026-04,0,0.43994155721996353
51200001957,2026-04,0,0.4387669078812526
51200001958,2026-04,0,0.02748541476437083
51200001959,2026-04,0,0.43994155721996353
51200001960,2026-04,0,0.48073101188328715
51200001961,2026-04,0,0.48692506598055124
51200001962,2026-04,0,0.34540833595707127
51200001963,2026-04,0,0.0
51200001964,2026-04,0,0.34540833595707127
51200001965,2026-04,0,0.43994155721996353
51200001966,2026-04,0,0.07102299590693537
51200001967,2026-04,0,0.0
51200001968,2026-04,0,0.43994155721996353
51200001969,2026-04,0,0.48692506598055124
51200001970,2026-04,0,0.48073101188328715
51200001971,2026-04,0,0.48073101188328715
51200001972,2026-04,0,0.025976827872429942
51200001973,2026-04,0,0.4387669078812526
51200001974,2026-04,0,0.0
51200001975,2026-04,0,0.0
51200001976,2026-04,0,0.38637115429087454
51200001977,2026-04,0,0.48692506598055124
51200001978,2026-04,0,0.1814082262764502
51200001979,2026-04,0,0.042340146017533706
51200001980,2026-04,0,0.370631411663587
51200001981,2026-04,0,0.14990198221424295
51200001982,2026-04,0,0.43994155721996353
51200001983,2026-04,0,0.34540833595707127
51200001984,2026-04,0,0.38637115429087454
51200001985,2026-04,0,0.14990198221424295
51200001986,2026-04,0,0.30747394089878
51200001987,2026-04,0,0.48073101188328715
51200001988,2026-04,0,0.1938453219285
51200001989,2026-04,0,0.0
51200001990,2026-04,0,0.12341607903108116
51200001991,2026-04,1,0.8699547258891276
51200001992,2026-04,1,0.5722108745446748
51200001993,2026-04,0,0.30747394089878
51200001994,2026-04,0,0.0541316896719769
51200001995,2026-04,0,0.12341607903108116
51200001996,2026-04,0,0.30747394089878
51200001997,2026-04,0,0.20732396587757543
51200001998,2026-04,1,0.5040853937850883
51200001999,2026-04,0,0.14990198221424295
51200002000,2026-04,0,0.48073101188328715
51200002001,2026-04,0,0.34540833595707127
51200002002,2026-04,0,0.48073101188328715
51200002003,2026-04,1,0.5722108745446748
51200002004,2026-04,0,0.34540833595707127
51200002005,2026-04,0,0.34540833595707127
51200002006,2026-04,0,0.48073101188328715
51200002007,2026-04,0,0.14227758697284762
51200002008,2026-04,0,0.34540833595707127
51200002009,2026-04,0,0.43994155721996353
51200002010,2026-04,1,0.7206751681190569
51200002011,2026-04,0,0.30747394089878
51200002012,2026-04,0,0.43994155721996353
51200002013,2026-04,0,0.12341607903108116
51200002014,2026-04,0,0.30747394089878
51200002015,2026-04,1,0.5127541068874338
51200002016,2026-04,0,0.48692506598055124
51200002017,2026-04,0,0.0
51200002018,2026-04,0,0.43994155721996353
51200002019,2026-04,0,0.1938453219285
51200002020,2026-04,0,0.0
51200002021,2026-04,0,0.43994155721996353
51200002022,2026-04,0,0.18682756251735205
51200002023,2026-04,0,0.042340146017533706
51200002024,2026-04,0,0.4387669078812526
51200002025,2026-04,0,0.14227758697284762
51200002026,2026-04,0,0.14227758697284762
51200002027,2026-04,0,0.0
51200002028,2026-04,0,0.02748541476437083
51200002029,2026-04,0,0.4387669078812526
51200002030,2026-04,1,0.5722108745446748
51200002031,2026-04,0,0.12341607903108116
51200002032,2026-04,0,0.3011828382563278
51200002033,2026-04,1,0.5722108745446748
51200002034,2026-04,0,0.18682756251735205
51200002035,2026-04,0,0.0541316896719769
51200002036,2026-04,0,0.48692506598055124
51200002037,2026-04,0,0.0
51200002038,2026-04,0,0.1938453219285
51200002039,2026-04,0,0.48073101188328715
51200002040,2026-04,0,0.0
51200002041,2026-04,0,0.34540833595707127
51200002042,2026-04,0,0.0541316896719769
51200002043,2026-04,0,0.4387669078812526
51200002044,2026-04,0,0.34540833595707127
51200002045,2026-04,0,0.34540833595707127
51200002046,2026-04,0,0.0
51200002047,2026-04,1,0.5722108745446748
51200002048,2026-04,0,0.30747394089878
51200002049,2026-04,0,0.0
51200002050,2026-04,0,0.43994155721996353
51200002051,2026-04,0,0.38637115429087454
51200002052,2026-04,0,0.34540833595707127
51200002053,2026-04,0,0.38637115429087454
51200002054,2026-04,0,0.34540833595707127
51200002055,2026-04,0,0.4387669078812526
51200002056,2026-04,0,0.11535226821188097
51200002057,2026-04,0,0.0
51200002058,2026-04,0,0.0
51200002059,2026-04,0,0.042340146017533706
51200002060,2026-04,0,0.34540833595707127
51200002061,2026-04,1,0.6162810371265538
51200002062,2026-04,1,0.7206751681190569
51200002063,2026-04,0,0.43994155721996353
51200002064,2026-04,0,0.11535226821188097
51200002065,2026-04,0,0.4364476542287523
51200002066,2026-04,0,0.4644245230027633
51200002067,2026-04,1,0.6162810371265538
51200002068,2026-04,1,0.6162810371265538
51200002069,2026-04,1,0.7206751681190569
51200002070,2026-04,0,0.3027582809210884
51200002071,2026-04,1,0.7206751681190569
51200002072,2026-04,0,0.042340146017533706
51200002073,2026-04,1,0.7206751681190569
51200002074,2026-04,1,0.7206751681190569
51200002075,2026-04,1,0.7206751681190569
51200002076,2026-04,0,0.43994155721996353
51200002077,2026-04,0,0.43994155721996353
51200002078,2026-04,0,0.43994155721996353
51200002079,2026-04,0,0.43994155721996353
51200002080,2026-04,0,0.4644245230027633
51200002081,2026-04,0,0.4579081587178114
51200002082,2026-04,1,0.7206751681190569
51200002083,2026-04,1,0.6162810371265538
51200002084,2026-04,1,0.6162810371265538
51200002085,2026-04,1,0.6162810371265538
51200002086,2026-04,1,0.6162810371265538
51200002087,2026-04,1,0.6162810371265538
