CONSUMER_NO,TARGET_PERIOD,predicted_risk_class,predicted_class_1_probability
51200000001,2026-04,1,0.5779146472903504
51200000002,2026-04,1,0.5703713856487144
51200000003,2026-04,1,0.5893652366157572
51200000004,2026-04,1,0.5902064807976305
51200000005,2026-04,1,0.5669360625982177
51200000006,2026-04,1,0.5860220640481529
51200000007,2026-04,1,0.587317847701521
51200000008,2026-04,0,0.3061239127956011
51200000009,2026-04,0,0.33568258428513914
51200000010,2026-04,1,0.6297860025488033
51200000011,2026-04,0,0.43646636161930386
51200000012,2026-04,1,0.5413749303314292
51200000013,2026-04,1,0.579299190278116
51200000014,2026-04,1,0.5641785150447126
51200000015,2026-04,1,0.6067688786661685
51200000016,2026-04,1,0.6603538122536805
51200000017,2026-04,1,0.6880352994437383
51200000018,2026-04,1,0.6268866796694293
51200000019,2026-04,0,0.35171220070532044
51200000020,2026-04,1,0.5631675207786403
51200000021,2026-04,0,0.30938738549083383
51200000022,2026-04,1,0.5351144259476645
51200000023,2026-04,1,0.704711884801063
51200000024,2026-04,0,0.44795977375689844
51200000025,2026-04,0,0.2760066051247968
51200000026,2026-04,1,0.5347888992885552
51200000027,2026-04,1,0.5588984230576469
51200000028,2026-04,1,0.5850884214644685
51200000029,2026-04,0,0.4827794795044645
51200000030,2026-04,0,0.3397314612451898
51200000031,2026-04,0,0.37089381441418084
51200000032,2026-04,1,0.5711406038789006
51200000033,2026-04,1,0.546004904579801
51200000034,2026-04,1,0.6293544652546891
51200000035,2026-04,1,0.5472630902864525
51200000036,2026-04,1,0.5646861125854025
51200000037,2026-04,1,0.6601950132049975
51200000038,2026-04,1,0.5867146429866357
51200000039,2026-04,1,0.6067504018133749
51200000040,2026-04,1,0.5822665510623007
51200000041,2026-04,1,0.5893919170027773
51200000042,2026-04,1,0.5105022141483538
51200000043,2026-04,1,0.509481718357025
51200000044,2026-04,0,0.4557784446055813
51200000045,2026-04,1,0.5837363229002571
51200000046,2026-04,0,0.39066874942511204
51200000047,2026-04,1,0.5610447660979192
51200000048,2026-04,1,0.5544447088546715
51200000049,2026-04,1,0.5693431896469767
51200000050,2026-04,1,0.5447730769018435
51200000051,2026-04,1,0.5706059696804161
51200000052,2026-04,0,0.32466664912184073
51200000053,2026-04,0,0.4688839195275973
51200000054,2026-04,1,0.5539934980561261
51200000055,2026-04,1,0.7640862140678856
51200000056,2026-04,1,0.6076897294513361
51200000057,2026-04,0,0.38875217747511054
51200000058,2026-04,1,0.557141594230869
51200000059,2026-04,0,0.45808787424267483
51200000060,2026-04,1,0.5783884043040088
51200000061,2026-04,1,0.5802920177099243
51200000062,2026-04,1,0.5265717704240265
51200000063,2026-04,0,0.24311999924154581
51200000064,2026-04,0,0.4974450307190864
51200000065,2026-04,1,0.5738267544884268
51200000066,2026-04,1,0.6396905476080473
51200000067,2026-04,1,0.5999157082941422
51200000068,2026-04,1,0.5575298762633634
51200000069,2026-04,1,0.5765022976389524
51200000070,2026-04,1,0.5637757264585831
51200000071,2026-04,1,0.5831312513999055
51200000072,2026-04,1,0.5547124390864829
51200000073,2026-04,1,0.5147157983381594
51200000074,2026-04,1,0.6138932520646904
51200000075,2026-04,1,0.6177245004693774
51200000076,2026-04,1,0.6101217264431079
51200000077,2026-04,1,0.581343669760723
51200000078,2026-04,1,0.5615100104653477
51200000079,2026-04,1,0.7350386536029425
51200000080,2026-04,1,0.6379819654050686
51200000081,2026-04,1,0.5435479337239811
51200000082,2026-04,1,0.5930124007501599
51200000083,2026-04,1,0.5688584640609172
51200000084,2026-04,1,0.5836983058331764
51200000085,2026-04,1,0.5456464494770021
51200000086,2026-04,0,0.46307074513820173
51200000087,2026-04,1,0.7806074841121274
51200000088,2026-04,1,0.7199376891496311
51200000089,2026-04,1,0.5916109981126714
51200000090,2026-04,0,0.41502060524240014
51200000091,2026-04,1,0.5569900057236716
51200000092,2026-04,0,0.3821877578098017
51200000093,2026-04,1,0.525998625298494
51200000094,2026-04,1,0.5832711658270499
51200000095,2026-04,1,0.6018859072997935
51200000096,2026-04,1,0.5752243603459901
51200000097,2026-04,1,0.689262195639768
51200000098,2026-04,0,0.3404117474767245
51200000099,2026-04,0,0.38949311890852856
51200000100,2026-04,1,0.6116255645533415
51200000101,2026-04,1,0.5705628285886801
51200000102,2026-04,1,0.5650772387583956
51200000103,2026-04,1,0.7183531408243422
51200000104,2026-04,1,0.5223737110182344
51200000105,2026-04,0,0.29499674378743307
51200000106,2026-04,0,0.34321072733439645
51200000107,2026-04,1,0.5417374185645956
51200000108,2026-04,1,0.5483006570341855
51200000109,2026-04,0,0.33252459920408045
51200000110,2026-04,1,0.7220235206928759
51200000111,2026-04,1,0.5766431654022623
51200000112,2026-04,1,0.581595071746018
51200000113,2026-04,1,0.5198815036406501
51200000114,2026-04,1,0.5950492141660425
51200000115,2026-04,1,0.5680029789091514
51200000116,2026-04,1,0.5531653145802955
51200000117,2026-04,1,0.5729391666945304
51200000118,2026-04,1,0.5702738398700737
51200000119,2026-04,0,0.428229766397346
51200000120,2026-04,1,0.5744966152239076
51200000121,2026-04,1,0.5553590990845414
51200000122,2026-04,1,0.5160895045502039
51200000123,2026-04,1,0.5907713105168255
51200000124,2026-04,1,0.5764524387908463
51200000125,2026-04,1,0.5277703731451615
51200000126,2026-04,1,0.569516592330939
51200000127,2026-04,1,0.7557766867933463
51200000128,2026-04,1,0.5868929300232576
51200000129,2026-04,1,0.5733962220456401
51200000130,2026-04,1,0.5476798145689632
51200000131,2026-04,1,0.552926175754267
51200000132,2026-04,1,0.5493769446394869
51200000133,2026-04,1,0.5697724099610979
51200000134,2026-04,1,0.5657450983476682
51200000135,2026-04,1,0.5197916038738899
51200000136,2026-04,0,0.39258491363032727
51200000137,2026-04,1,0.6108990255976835
51200000138,2026-04,1,0.6150446831147368
51200000139,2026-04,0,0.3358601033812005
51200000140,2026-04,1,0.5532074285873908
51200000141,2026-04,1,0.6440573855657759
51200000142,2026-04,1,0.5666945115319675
51200000143,2026-04,0,0.381878127382881
51200000144,2026-04,1,0.5874623028154132
51200000145,2026-04,0,0.49854466539543174
51200000146,2026-04,1,0.5484097180494518
51200000147,2026-04,0,0.4669994663626968
51200000148,2026-04,1,0.5695032218751745
51200000149,2026-04,1,0.5067575158496944
51200000150,2026-04,1,0.5794487571995061
51200000151,2026-04,1,0.6846966235641897
51200000152,2026-04,1,0.5419256886700521
51200000153,2026-04,1,0.5438102345031818
51200000154,2026-04,1,0.5339686106145521
51200000155,2026-04,1,0.6185381692267292
51200000156,2026-04,1,0.5717519759062207
51200000157,2026-04,1,0.5938930292957653
51200000158,2026-04,1,0.5632239518279847
51200000159,2026-04,1,0.5355157635949744
51200000160,2026-04,1,0.6523553717224917
51200000161,2026-04,1,0.5808081885938342
51200000162,2026-04,1,0.5697682712377447
51200000163,2026-04,1,0.5676804737420366
51200000164,2026-04,1,0.7250067227169956
51200000165,2026-04,0,0.34008814378370905
51200000166,2026-04,1,0.5757646555648115
51200000167,2026-04,1,0.5209348195779498
51200000168,2026-04,1,0.570811425736639
51200000169,2026-04,0,0.46030237029900933
51200000170,2026-04,1,0.5883708738578435
51200000171,2026-04,1,0.5911182990314625
51200000172,2026-04,1,0.5604020313629632
51200000173,2026-04,1,0.5843309917160426
51200000174,2026-04,0,0.41242358851220634
51200000175,2026-04,0,0.38139833925487826
51200000176,2026-04,1,0.5307028385432674
51200000177,2026-04,1,0.5152346525180929
51200000178,2026-04,1,0.6751885853093296
51200000179,2026-04,1,0.5401616703822935
51200000180,2026-04,1,0.5560152559306878
51200000181,2026-04,1,0.6086177366646154
51200000182,2026-04,1,0.6059314566967781
51200000183,2026-04,1,0.6791278742481514
51200000184,2026-04,1,0.5986595958787503
51200000185,2026-04,1,0.5710429160262717
51200000186,2026-04,1,0.5564001830291807
51200000187,2026-04,1,0.5326330019804407
51200000188,2026-04,1,0.5479951997023116
51200000189,2026-04,0,0.429317528554551
51200000190,2026-04,0,0.3374625987529628
51200000191,2026-04,0,0.32593104577587434
51200000192,2026-04,1,0.504404583774364
51200000193,2026-04,1,0.6444941989050968
51200000194,2026-04,1,0.5158659645233382
51200000195,2026-04,1,0.593362044445184
51200000196,2026-04,1,0.5684159424026903
51200000197,2026-04,1,0.5676514600130027
51200000198,2026-04,0,0.2921564058327575
51200000199,2026-04,1,0.5374512032856759
51200000200,2026-04,1,0.5781464577877005
51200000201,2026-04,1,0.5896057473500258
51200000202,2026-04,1,0.5575944658647242
51200000203,2026-04,1,0.5774311394672104
51200000204,2026-04,0,0.36086125986219053
51200000205,2026-04,1,0.5531237515173205
51200000206,2026-04,0,0.30391138297990855
51200000207,2026-04,1,0.5812306084676091
51200000208,2026-04,0,0.3632978103103584
51200000209,2026-04,1,0.5868444601403905
51200000210,2026-04,1,0.5314012497712788
51200000211,2026-04,1,0.5989031755527459
51200000212,2026-04,1,0.5371422313466275
51200000213,2026-04,1,0.5622046861032396
51200000214,2026-04,1,0.5782019298922477
51200000215,2026-04,1,0.5574227256789905
51200000216,2026-04,1,0.566481972260843
51200000217,2026-04,1,0.5980711304073941
51200000218,2026-04,1,0.5728605331141494
51200000219,2026-04,1,0.5765179144179807
51200000220,2026-04,1,0.5146684402201201
51200000221,2026-04,1,0.5771370004782442
51200000222,2026-04,1,0.5398753009001459
51200000223,2026-04,0,0.48675676556111547
51200000224,2026-04,1,0.5281367415204183
51200000225,2026-04,1,0.5810249546743871
51200000226,2026-04,1,0.5741114691973984
51200000227,2026-04,0,0.3190546056415145
51200000228,2026-04,1,0.6381614310196126
51200000229,2026-04,1,0.5811120464870165
51200000230,2026-04,1,0.5911489763216303
51200000231,2026-04,1,0.5736465976246172
51200000232,2026-04,1,0.6014952476648007
51200000233,2026-04,1,0.5780536695940265
51200000234,2026-04,1,0.5575811588944298
51200000235,2026-04,1,0.5444524784295048
51200000236,2026-04,1,0.5302081425689701
51200000237,2026-04,1,0.582128716608774
51200000238,2026-04,1,0.6476387143622793
51200000239,2026-04,1,0.5569571359515956
51200000240,2026-04,1,0.5164078513877354
51200000241,2026-04,1,0.5702133687821733
51200000242,2026-04,1,0.7699015283337394
51200000243,2026-04,1,0.6039216716161496
51200000244,2026-04,1,0.6023566430453163
51200000245,2026-04,1,0.5481605981960075
51200000246,2026-04,1,0.6323644098858041
51200000247,2026-04,1,0.5306351629439992
51200000248,2026-04,0,0.262883228027834
51200000249,2026-04,1,0.5990058651543801
51200000250,2026-04,1,0.5372269574306651
51200000251,2026-04,1,0.6416838191478367
51200000252,2026-04,1,0.5958502887916437
51200000253,2026-04,0,0.4606490982597402
51200000254,2026-04,1,0.5126760181041198
51200000255,2026-04,1,0.5800721243628338
51200000256,2026-04,1,0.5782199264968108
51200000257,2026-04,1,0.5507416237240658
51200000258,2026-04,1,0.5904591799183141
51200000259,2026-04,1,0.5290171196101146
51200000260,2026-04,1,0.6593184652489525
51200000261,2026-04,0,0.291738462406268
51200000262,2026-04,1,0.6665995460524549
51200000263,2026-04,0,0.3041412383145539
51200000264,2026-04,1,0.5895995194606546
51200000265,2026-04,1,0.55136715103397
51200000266,2026-04,1,0.7396509130050724
51200000267,2026-04,0,0.38562744382670355
51200000268,2026-04,1,0.5792519782396768
51200000269,2026-04,1,0.5760678664533184
51200000270,2026-04,1,0.5750408204268911
51200000271,2026-04,1,0.5449633326117066
51200000272,2026-04,1,0.5664904465732409
51200000273,2026-04,1,0.5400834524337448
51200000274,2026-04,1,0.5695307663845636
51200000275,2026-04,0,0.4872705943324692
51200000276,2026-04,1,0.6360783929984509
51200000277,2026-04,1,0.6471782294701127
51200000278,2026-04,0,0.3363250916820354
51200000279,2026-04,1,0.5909990739737265
51200000280,2026-04,0,0.4179517161261229
51200000281,2026-04,1,0.5607109841325292
51200000282,2026-04,1,0.5252212484080766
51200000283,2026-04,1,0.5551403021705652
51200000284,2026-04,1,0.5264757121697411
51200000285,2026-04,1,0.5642874436063182
51200000286,2026-04,1,0.5847446934135467
51200000287,2026-04,1,0.5867656347547777
51200000288,2026-04,1,0.6224862647541456
51200000289,2026-04,1,0.5943050613718435
51200000290,2026-04,1,0.5635031057374777
51200000291,2026-04,1,0.5887163870014072
51200000292,2026-04,1,0.5883911969301523
51200000293,2026-04,0,0.26839354832224177
51200000294,2026-04,1,0.5628813801865409
51200000295,2026-04,1,0.5764931930198456
51200000296,2026-04,1,0.5561221108170327
51200000297,2026-04,1,0.5773179784396769
51200000298,2026-04,1,0.5814009159544742
51200000299,2026-04,0,0.36518881999970665
51200000300,2026-04,1,0.5443821216823752
51200000301,2026-04,1,0.5946493785577748
51200000302,2026-04,0,0.4701400663668054
51200000303,2026-04,1,0.5832807877045559
51200000304,2026-04,1,0.5965809029495874
51200000305,2026-04,1,0.594183608259708
51200000306,2026-04,1,0.6277630329562394
51200000307,2026-04,1,0.5342367084183669
51200000308,2026-04,1,0.6149484066734928
51200000309,2026-04,1,0.5639056028244566
51200000310,2026-04,0,0.38750519327316274
51200000311,2026-04,1,0.5853760602178232
51200000312,2026-04,1,0.5948088388009981
51200000313,2026-04,1,0.5582889128675146
51200000314,2026-04,1,0.5781180468610454
51200000315,2026-04,1,0.6337052651011871
51200000316,2026-04,1,0.5804764616469719
51200000317,2026-04,1,0.5935122899378351
51200000318,2026-04,1,0.5465783539514999
51200000319,2026-04,1,0.5631477363297068
51200000320,2026-04,1,0.5662203827885592
51200000321,2026-04,1,0.5969806563057981
51200000322,2026-04,1,0.6080512987862572
51200000323,2026-04,1,0.5676210140812372
51200000324,2026-04,1,0.5976858766652836
51200000325,2026-04,1,0.6356978108997912
51200000326,2026-04,0,0.3264807906604944
51200000327,2026-04,1,0.5197691587470784
51200000328,2026-04,1,0.5585391672947763
51200000329,2026-04,1,0.6106945431184505
51200000330,2026-04,0,0.4758593204526386
51200000331,2026-04,1,0.578454090443965
51200000332,2026-04,1,0.578360291018082
51200000333,2026-04,1,0.6167768900757755
51200000334,2026-04,1,0.5442448525172181
51200000335,2026-04,1,0.5744964922223342
51200000336,2026-04,0,0.3091060143616089
51200000337,2026-04,1,0.6371516317644954
51200000338,2026-04,1,0.5197364952136904
51200000339,2026-04,1,0.5954555846550386
51200000340,2026-04,0,0.394199227507808
51200000341,2026-04,1,0.5906284585279837
51200000342,2026-04,0,0.4535474303945324
51200000343,2026-04,1,0.5153894866083565
51200000344,2026-04,1,0.6519892382758594
51200000345,2026-04,1,0.6595715035421038
51200000346,2026-04,1,0.5447001910459016
51200000347,2026-04,1,0.5518100766946434
51200000348,2026-04,1,0.5136451649614776
51200000349,2026-04,1,0.5949902006462942
51200000350,2026-04,1,0.568005273819144
51200000351,2026-04,1,0.5999963075493085
51200000352,2026-04,1,0.54032835616439
51200000353,2026-04,1,0.5784915374374383
51200000354,2026-04,0,0.35509368215061293
51200000355,2026-04,1,0.5876465696579364
51200000356,2026-04,1,0.6424403553667646
51200000357,2026-04,1,0.5761516214347325
51200000358,2026-04,1,0.5692765629470465
51200000359,2026-04,0,0.3834736156995019
51200000360,2026-04,0,0.29582069111394715
51200000361,2026-04,1,0.5805170032167247
51200000362,2026-04,1,0.6890700693525363
51200000363,2026-04,1,0.5147540245377783
51200000364,2026-04,1,0.6529606106941916
51200000365,2026-04,1,0.5807222817940637
51200000366,2026-04,0,0.237698238347929
51200000367,2026-04,0,0.30259207227887813
51200000368,2026-04,1,0.5400397369745186
51200000369,2026-04,1,0.5828381033364058
51200000370,2026-04,1,0.5758397146822962
51200000371,2026-04,1,0.6061857948722649
51200000372,2026-04,1,0.5773085380436008
51200000373,2026-04,1,0.6049122427326131
51200000374,2026-04,1,0.5598757591961433
51200000375,2026-04,1,0.5840085002895872
51200000376,2026-04,1,0.5867283840559041
51200000377,2026-04,0,0.3148882181232977
51200000378,2026-04,1,0.6947262323754895
51200000379,2026-04,0,0.31143603191231983
51200000380,2026-04,1,0.5926447965100702
51200000381,2026-04,1,0.5719266404797997
51200000382,2026-04,1,0.5684617672428768
51200000383,2026-04,0,0.3090728615708885
51200000384,2026-04,1,0.56635893343616
51200000385,2026-04,1,0.5759342735435004
51200000386,2026-04,1,0.5816098272249434
51200000387,2026-04,1,0.5855790434898436
51200000388,2026-04,1,0.578602074835606
51200000389,2026-04,0,0.31763522422031004
51200000390,2026-04,1,0.6063878565272244
51200000391,2026-04,1,0.5501239039451369
51200000392,2026-04,1,0.5024292391886817
51200000393,2026-04,1,0.7090774889931388
51200000394,2026-04,0,0.2701070152842794
51200000395,2026-04,1,0.6119001036422544
51200000396,2026-04,0,0.49401921185269204
51200000397,2026-04,1,0.5921554706359956
51200000398,2026-04,1,0.5901549054905181
51200000399,2026-04,1,0.5594868564545441
51200000400,2026-04,1,0.5754659160961212
51200000401,2026-04,1,0.6383968247548016
51200000402,2026-04,1,0.5263434909816752
51200000403,2026-04,1,0.6151444610201633
51200000404,2026-04,1,0.615166941075368
51200000405,2026-04,1,0.5540237778895339
51200000406,2026-04,1,0.5200053408815054
51200000407,2026-04,0,0.4332693454710338
51200000408,2026-04,1,0.5396004594326079
51200000409,2026-04,1,0.5530648981023757
51200000410,2026-04,1,0.5159910406895095
51200000411,2026-04,0,0.3071703822626718
51200000412,2026-04,0,0.2828015790024846
51200000413,2026-04,1,0.5800731127101002
51200000414,2026-04,0,0.4320850109829147
51200000415,2026-04,1,0.5839745091087474
51200000416,2026-04,1,0.5859316583970584
51200000417,2026-04,0,0.32573850048569286
51200000418,2026-04,1,0.5625474677956503
51200000419,2026-04,1,0.5877045019572293
51200000420,2026-04,1,0.6257201331013885
51200000421,2026-04,1,0.5090092050810672
51200000422,2026-04,1,0.5439720563780547
51200000423,2026-04,1,0.5973021861371633
51200000424,2026-04,0,0.4662331793428174
51200000425,2026-04,0,0.401463375556655
51200000426,2026-04,0,0.45762962633305904
51200000427,2026-04,1,0.5345250340192396
51200000428,2026-04,0,0.2793768583181491
51200000429,2026-04,1,0.5871514244360502
51200000430,2026-04,0,0.41253254155890984
51200000431,2026-04,1,0.5926382934860759
51200000432,2026-04,1,0.639689941904718
51200000433,2026-04,1,0.5810078085203935
51200000434,2026-04,0,0.45155641896592125
51200000435,2026-04,1,0.5825421778658588
51200000436,2026-04,1,0.7415965949158477
51200000437,2026-04,1,0.5855790434898436
51200000438,2026-04,1,0.6124324722495675
51200000439,2026-04,1,0.7203345162187635
51200000440,2026-04,1,0.5255747475075041
51200000441,2026-04,1,0.6793652798703325
51200000442,2026-04,1,0.6636256568488352
51200000443,2026-04,1,0.5721119680371971
51200000444,2026-04,1,0.5855941230771168
51200000445,2026-04,1,0.5367578056602355
51200000446,2026-04,1,0.5868921833730582
51200000447,2026-04,1,0.60674771507948
51200000448,2026-04,1,0.5907103875433954
51200000449,2026-04,1,0.5643529257333051
51200000450,2026-04,1,0.7459148763084926
51200000451,2026-04,1,0.5169152595959957
51200000452,2026-04,1,0.5585070866898696
51200000453,2026-04,1,0.5262797941176756
51200000454,2026-04,1,0.598957753841708
51200000455,2026-04,0,0.44398379025637313
51200000456,2026-04,1,0.6262233809850105
51200000457,2026-04,1,0.5829021669565775
51200000458,2026-04,0,0.48418668103418455
51200000459,2026-04,1,0.641656877949603
51200000460,2026-04,1,0.5663683641861504
51200000461,2026-04,1,0.5783832478722839
51200000462,2026-04,1,0.5474937631669434
51200000463,2026-04,0,0.4858068640414298
51200000464,2026-04,0,0.37441661877200194
51200000465,2026-04,1,0.512555374843796
51200000466,2026-04,0,0.3002923457266602
51200000467,2026-04,1,0.5932328516109048
51200000468,2026-04,1,0.5529960877427366
51200000469,2026-04,1,0.6209866297906267
51200000470,2026-04,1,0.5730157106014921
51200000471,2026-04,1,0.635150826556518
51200000472,2026-04,1,0.5789297132664779
51200000473,2026-04,1,0.6030289188333138
51200000474,2026-04,0,0.31373738186163114
51200000475,2026-04,1,0.5850071243960281
51200000476,2026-04,1,0.5636262851154086
51200000477,2026-04,0,0.3615400112381046
51200000478,2026-04,1,0.6445019834621856
51200000479,2026-04,0,0.44205510522129776
51200000480,2026-04,0,0.3252732241710764
51200000481,2026-04,1,0.5907601159988554
51200000482,2026-04,0,0.4671776632221391
51200000483,2026-04,1,0.5151043312588224
51200000484,2026-04,0,0.4866776522759664
51200000485,2026-04,0,0.29521068091180497
51200000486,2026-04,1,0.5145562083114319
51200000487,2026-04,1,0.6819126835548117
51200000488,2026-04,1,0.5473945114729654
51200000489,2026-04,1,0.6064800307068556
51200000490,2026-04,0,0.49844280009611686
51200000491,2026-04,1,0.5842494516106332
51200000492,2026-04,1,0.5928365098774866
51200000493,2026-04,1,0.57731050899718
51200000494,2026-04,1,0.6684103351589993
51200000495,2026-04,1,0.605423320995122
51200000496,2026-04,0,0.3444908836417057
51200000497,2026-04,0,0.3446117586867317
51200000498,2026-04,1,0.5733644530062245
51200000499,2026-04,1,0.5940647004516989
51200000500,2026-04,1,0.5526779035909242
51200000501,2026-04,1,0.5710591974105342
51200000502,2026-04,1,0.5783052759067911
51200000503,2026-04,1,0.6046843721783203
51200000504,2026-04,1,0.539212152892296
51200000505,2026-04,1,0.5907314512268649
51200000506,2026-04,1,0.5918493001220428
51200000507,2026-04,1,0.5855138583772009
51200000508,2026-04,0,0.2975671891944017
51200000509,2026-04,1,0.6212364013336757
51200000510,2026-04,1,0.5088768810671519
51200000511,2026-04,1,0.5929045610964371
51200000512,2026-04,1,0.5555477607847101
51200000513,2026-04,1,0.5249946590753749
51200000514,2026-04,1,0.7822009240974083
51200000515,2026-04,1,0.5910376694538454
51200000516,2026-04,1,0.5521387111455729
51200000517,2026-04,0,0.3487288393331919
51200000518,2026-04,0,0.409711953007475
51200000519,2026-04,0,0.4207233205721285
51200000520,2026-04,0,0.19999566909414185
51200000521,2026-04,1,0.5729844571332462
51200000522,2026-04,1,0.5703488054327555
51200000523,2026-04,1,0.6397532096138085
51200000524,2026-04,1,0.6006285007081145
51200000525,2026-04,1,0.5775235897786711
51200000526,2026-04,1,0.6887472504811093
51200000527,2026-04,1,0.6407106825296138
51200000528,2026-04,1,0.5535589270200765
51200000529,2026-04,1,0.5475910723503108
51200000530,2026-04,0,0.4937468156160979
51200000531,2026-04,1,0.5270712043766078
51200000532,2026-04,1,0.5539422665752253
51200000533,2026-04,1,0.5947042803614684
51200000534,2026-04,1,0.5566180031957793
51200000535,2026-04,1,0.6017332592325585
51200000536,2026-04,1,0.5995158827431291
51200000537,2026-04,0,0.33258894333057365
51200000538,2026-04,1,0.6181628656790918
51200000539,2026-04,0,0.4415714998578637
51200000540,2026-04,1,0.5360668693259804
51200000541,2026-04,1,0.5847671014143642
51200000542,2026-04,1,0.5644483345039645
51200000543,2026-04,1,0.5721561345146069
51200000544,2026-04,1,0.5840479058844076
51200000545,2026-04,1,0.5410727694415184
51200000546,2026-04,0,0.4265224815592507
51200000547,2026-04,0,0.4902598630617222
51200000548,2026-04,1,0.5482179343511071
51200000549,2026-04,1,0.5574374655471269
51200000550,2026-04,0,0.48580104041185834
51200000551,2026-04,1,0.5951848443296577
51200000552,2026-04,1,0.5517775395973438
51200000553,2026-04,1,0.5196639240185177
51200000554,2026-04,1,0.573623147186712
51200000555,2026-04,1,0.5613504779621722
51200000556,2026-04,1,0.547046464950678
51200000557,2026-04,1,0.5848891866439774
51200000558,2026-04,0,0.36479533310121637
51200000559,2026-04,1,0.6719893612948569
51200000560,2026-04,0,0.2868259612651678
51200000561,2026-04,1,0.5471027010625079
51200000562,2026-04,1,0.6461688254834373
51200000563,2026-04,1,0.6703107564370738
51200000564,2026-04,1,0.617855543008179
51200000565,2026-04,1,0.5800834557305616
51200000566,2026-04,1,0.5965105934065378
51200000567,2026-04,1,0.7468584809610971
51200000568,2026-04,1,0.5877693143314969
51200000569,2026-04,0,0.3669096994326705
51200000570,2026-04,0,0.4588265520325107
51200000571,2026-04,1,0.5841795671050609
51200000572,2026-04,1,0.5989125934356349
51200000573,2026-04,0,0.41836236321874004
51200000574,2026-04,1,0.6198597379838349
51200000575,2026-04,1,0.5740895772314832
51200000576,2026-04,1,0.5605676623638938
51200000577,2026-04,1,0.5923337150870416
51200000578,2026-04,1,0.5423576129723137
51200000579,2026-04,0,0.37023153293837774
51200000580,2026-04,1,0.5880265671206316
51200000581,2026-04,1,0.5700932224605256
51200000582,2026-04,0,0.3395356708858883
51200000583,2026-04,1,0.5688473568802082
51200000584,2026-04,1,0.5643540949299104
51200000585,2026-04,1,0.5502225138855054
51200000586,2026-04,1,0.5515701866761712
51200000587,2026-04,1,0.5859296741459025
51200000588,2026-04,0,0.28658910268453525
51200000589,2026-04,1,0.5441061205457569
51200000590,2026-04,1,0.579102731925492
51200000591,2026-04,1,0.5960848800614591
51200000592,2026-04,1,0.5482791111400803
51200000593,2026-04,1,0.6393236469122492
51200000594,2026-04,1,0.5393250230070692
51200000595,2026-04,1,0.5395823773173071
51200000596,2026-04,1,0.5183561448100129
51200000597,2026-04,1,0.5881339167262926
51200000598,2026-04,1,0.5488848316922007
51200000599,2026-04,1,0.6609588066521025
51200000600,2026-04,1,0.5576272581093216
51200000601,2026-04,0,0.4572819815468023
51200000602,2026-04,1,0.5567061060301172
51200000603,2026-04,0,0.49403642382983576
51200000604,2026-04,1,0.5789050110594287
51200000605,2026-04,0,0.4628698370141575
51200000606,2026-04,1,0.5778149158067428
51200000607,2026-04,1,0.5684337527513564
51200000608,2026-04,1,0.672802115637332
51200000609,2026-04,1,0.5552384268655153
51200000610,2026-04,1,0.5806701612774804
51200000611,2026-04,1,0.5760937270445811
51200000612,2026-04,1,0.5550263018892838
51200000613,2026-04,1,0.5886548502136123
51200000614,2026-04,1,0.5288976089605957
51200000615,2026-04,0,0.3297035033734567
51200000616,2026-04,1,0.5843125592399951
51200000617,2026-04,1,0.6126505730096635
51200000618,2026-04,1,0.5562665093982363
51200000619,2026-04,1,0.5913174195390101
51200000620,2026-04,1,0.653805901865017
51200000621,2026-04,0,0.30601153968102146
51200000622,2026-04,1,0.6001865190574104
51200000623,2026-04,0,0.36374831468693114
51200000624,2026-04,1,0.6224538272439153
51200000625,2026-04,1,0.5853360276120383
51200000626,2026-04,1,0.593206265625882
51200000627,2026-04,1,0.5794379328776763
51200000628,2026-04,1,0.5970510882301534
51200000629,2026-04,1,0.7734373063435018
51200000630,2026-04,0,0.4634202404243778
51200000631,2026-04,0,0.3163435869668191
51200000632,2026-04,1,0.561283129444952
51200000633,2026-04,1,0.5573849674789321
51200000634,2026-04,1,0.5910762662595609
51200000635,2026-04,1,0.5412623372141333
51200000636,2026-04,1,0.5638917508274662
51200000637,2026-04,0,0.46527652492380717
51200000638,2026-04,1,0.5744198112598327
51200000639,2026-04,1,0.587082063978932
51200000640,2026-04,0,0.4864627735589498
51200000641,2026-04,1,0.5814948884933424
51200000642,2026-04,1,0.5910774954771603
51200000643,2026-04,1,0.5494678723056887
51200000644,2026-04,1,0.7039337817598692
51200000645,2026-04,1,0.5686797455409309
51200000646,2026-04,1,0.5715118211677815
51200000647,2026-04,1,0.6241403090274668
51200000648,2026-04,1,0.7888435138106717
51200000649,2026-04,1,0.5516787939646484
51200000650,2026-04,1,0.5268645911578533
51200000651,2026-04,1,0.57505256519054
51200000652,2026-04,1,0.5352128722195783
51200000653,2026-04,1,0.5762793258165978
51200000654,2026-04,1,0.5903884152689026
51200000655,2026-04,0,0.38747695032883134
51200000656,2026-04,1,0.5754934500559851
51200000657,2026-04,1,0.5545113313209636
51200000658,2026-04,1,0.5394412917967465
51200000659,2026-04,1,0.5449924078686358
51200000660,2026-04,1,0.576665394718001
51200000661,2026-04,1,0.5922774857430665
51200000662,2026-04,1,0.5809831010694422
51200000663,2026-04,0,0.3200598643507588
51200000664,2026-04,1,0.5496344514917456
51200000665,2026-04,1,0.5121597708659857
51200000666,2026-04,1,0.5790477001518243
51200000667,2026-04,1,0.6167039932663071
51200000668,2026-04,1,0.5341393671009429
51200000669,2026-04,1,0.5523214527043931
51200000670,2026-04,0,0.4649813187028087
51200000671,2026-04,1,0.5524417446245274
51200000672,2026-04,1,0.5858526992195923
51200000673,2026-04,1,0.5941880284195703
51200000674,2026-04,1,0.559381395904782
51200000675,2026-04,1,0.57184348859003
51200000676,2026-04,0,0.2676513989688966
51200000677,2026-04,1,0.5637570201499554
51200000678,2026-04,1,0.6125758757353559
51200000679,2026-04,1,0.5553797940319689
51200000680,2026-04,0,0.41173444816268023
51200000681,2026-04,1,0.5792183401457265
51200000682,2026-04,1,0.5322520794619127
51200000683,2026-04,1,0.502665282230169
51200000684,2026-04,1,0.5693459089374846
51200000685,2026-04,0,0.320729418084054
51200000686,2026-04,1,0.6368903446892756
51200000687,2026-04,1,0.5286593612136382
51200000688,2026-04,0,0.3427477332411952
51200000689,2026-04,1,0.6098065397140812
51200000690,2026-04,1,0.5773284057886819
51200000691,2026-04,1,0.5382352151088692
51200000692,2026-04,1,0.5838351690453122
51200000693,2026-04,0,0.26245446597251587
51200000694,2026-04,0,0.4669834270616596
51200000695,2026-04,1,0.547871232413029
51200000696,2026-04,1,0.6372736585519998
51200000697,2026-04,1,0.5741604705205724
51200000698,2026-04,1,0.5791357388789679
51200000699,2026-04,1,0.5432265092792594
51200000700,2026-04,1,0.6498843771057815
51200000701,2026-04,0,0.392405073756304
51200000702,2026-04,1,0.5961615435344896
51200000703,2026-04,1,0.6283290407260724
51200000704,2026-04,1,0.5674107779178279
51200000705,2026-04,1,0.5465785922421772
51200000706,2026-04,1,0.5112233198126342
51200000707,2026-04,1,0.5169813439549966
51200000708,2026-04,1,0.5528680494684535
51200000709,2026-04,1,0.5234814744876051
51200000710,2026-04,1,0.5479055513519924
51200000711,2026-04,1,0.5955317909943407
51200000712,2026-04,1,0.5566913977238387
51200000713,2026-04,1,0.5983571826344328
51200000714,2026-04,1,0.6015888963763365
51200000715,2026-04,0,0.3131066862487609
51200000716,2026-04,0,0.41975907220091274
51200000717,2026-04,0,0.3175444744603184
51200000718,2026-04,1,0.5771261883875917
51200000719,2026-04,0,0.4409436315569066
51200000720,2026-04,1,0.5515870990556105
51200000721,2026-04,1,0.5705168070985124
51200000722,2026-04,0,0.2890392963619748
51200000723,2026-04,1,0.5754338031735721
51200000724,2026-04,1,0.5989829629211951
51200000725,2026-04,1,0.5011649759983091
51200000726,2026-04,0,0.4761093779174183
51200000727,2026-04,1,0.5646524794814796
51200000728,2026-04,0,0.47899080640562586
51200000729,2026-04,1,0.5616680787904901
51200000730,2026-04,1,0.5304816952611808
51200000731,2026-04,1,0.5276077088008515
51200000732,2026-04,1,0.5563522903532598
51200000733,2026-04,0,0.46125174296003285
51200000734,2026-04,1,0.5741272099529767
51200000735,2026-04,1,0.5617749904229581
51200000736,2026-04,0,0.34304551168168756
51200000737,2026-04,1,0.7522136897965315
51200000738,2026-04,1,0.5031490206201674
51200000739,2026-04,1,0.5164910546104965
51200000740,2026-04,1,0.5850152936184495
51200000741,2026-04,1,0.5524603982235733
51200000742,2026-04,1,0.5613143427139423
51200000743,2026-04,0,0.4557859254919859
51200000744,2026-04,1,0.584186085821909
51200000745,2026-04,1,0.7471368790850076
51200000746,2026-04,0,0.4910552607208702
51200000747,2026-04,1,0.567218848401387
51200000748,2026-04,1,0.5663983226553067
51200000749,2026-04,1,0.5548875640623554
51200000750,2026-04,1,0.7355121368572091
51200000751,2026-04,1,0.5941845546489513
51200000752,2026-04,0,0.46799442607985264
51200000753,2026-04,1,0.5092289390868119
51200000754,2026-04,0,0.44736929562336236
51200000755,2026-04,1,0.5587968211247483
51200000756,2026-04,0,0.2695069933290589
51200000757,2026-04,0,0.49941542243483
51200000758,2026-04,0,0.3388735106634254
51200000759,2026-04,0,0.40115431168045246
51200000760,2026-04,1,0.5954407878855951
51200000761,2026-04,1,0.5658052951866146
51200000762,2026-04,0,0.25875935938187267
51200000763,2026-04,1,0.5422565525700459
51200000764,2026-04,0,0.3732847774795035
51200000765,2026-04,1,0.572354461054739
51200000766,2026-04,1,0.5945874415423615
51200000767,2026-04,1,0.5895809808488426
51200000768,2026-04,1,0.5831007039698629
51200000769,2026-04,1,0.5387116237841769
51200000770,2026-04,1,0.5657840719097654
51200000771,2026-04,1,0.5857488044231121
51200000772,2026-04,1,0.5563645933996173
51200000773,2026-04,0,0.35869020361180504
51200000774,2026-04,0,0.2594495201442564
51200000775,2026-04,1,0.5867575120756012
51200000776,2026-04,1,0.5780026101455226
51200000777,2026-04,1,0.6215305949574269
51200000778,2026-04,1,0.6531729901415099
51200000779,2026-04,1,0.5553827702173196
51200000780,2026-04,0,0.4741480326150894
51200000781,2026-04,1,0.5757437784110117
51200000782,2026-04,1,0.5481148182765295
51200000783,2026-04,1,0.5771627634285984
51200000784,2026-04,1,0.5549443879630899
51200000785,2026-04,1,0.5377523189435348
51200000786,2026-04,0,0.38700450827009797
51200000787,2026-04,1,0.554798240704702
51200000788,2026-04,1,0.5804423551570891
51200000789,2026-04,0,0.4758107960154036
51200000790,2026-04,0,0.2921484168041539
51200000791,2026-04,1,0.5513444554069941
51200000792,2026-04,1,0.553593201105222
51200000793,2026-04,1,0.5844321569523854
51200000794,2026-04,1,0.5647952800525458
51200000795,2026-04,1,0.5747788806277475
51200000796,2026-04,1,0.5491612567613459
51200000797,2026-04,1,0.6313872370546574
51200000798,2026-04,1,0.5833400822994667
51200000799,2026-04,1,0.6376141567532744
51200000800,2026-04,1,0.6576721666737965
51200000801,2026-04,1,0.598101030695675
51200000802,2026-04,1,0.6383118610040586
51200000803,2026-04,1,0.5933191765971021
51200000804,2026-04,0,0.4643671530235611
51200000805,2026-04,1,0.6171604863719391
51200000806,2026-04,1,0.5201466237329975
51200000807,2026-04,0,0.4877302746120988
51200000808,2026-04,1,0.5830885979885447
51200000809,2026-04,0,0.32265683202323736
51200000810,2026-04,1,0.720013122473763
51200000811,2026-04,1,0.5813065092180628
51200000812,2026-04,0,0.49173506361616454
51200000813,2026-04,1,0.6187231866601346
51200000814,2026-04,1,0.5869013813513372
51200000815,2026-04,1,0.5803091113840425
51200000816,2026-04,1,0.5380062574996969
51200000817,2026-04,0,0.3378403007754731
51200000818,2026-04,1,0.5398096023728214
51200000819,2026-04,1,0.5490956196700703
51200000820,2026-04,1,0.581328806054501
51200000821,2026-04,0,0.30502277458800386
51200000822,2026-04,1,0.5867298746404137
51200000823,2026-04,1,0.5726653151431964
51200000824,2026-04,0,0.28127902689572326
51200000825,2026-04,1,0.5812746974432684
51200000826,2026-04,1,0.5697437011965579
51200000827,2026-04,1,0.5409245541880678
51200000828,2026-04,1,0.5905571171728924
51200000829,2026-04,1,0.5732011015901415
51200000830,2026-04,1,0.557094047479204
51200000831,2026-04,1,0.5606471350188604
51200000832,2026-04,1,0.5384661154518843
51200000833,2026-04,1,0.5830414950610535
51200000834,2026-04,1,0.6051223666024385
51200000835,2026-04,1,0.567123554822262
51200000836,2026-04,1,0.6300368046069993
51200000837,2026-04,1,0.6101678260634261
51200000838,2026-04,0,0.49403315349733207
51200000839,2026-04,1,0.5768953212656271
51200000840,2026-04,1,0.8097982549461382
51200000841,2026-04,0,0.37283636471686626
51200000842,2026-04,1,0.5844883208464612
51200000843,2026-04,1,0.5174713104403488
51200000844,2026-04,1,0.5208769341810919
51200000845,2026-04,1,0.5585814537414371
51200000846,2026-04,1,0.5833931169982152
51200000847,2026-04,0,0.3993172025055964
51200000848,2026-04,1,0.697018325490822
51200000849,2026-04,0,0.4049406540779668
51200000850,2026-04,1,0.5818881452632452
51200000851,2026-04,0,0.29067597132899425
51200000852,2026-04,1,0.5877113518857587
51200000853,2026-04,1,0.6249438440838707
51200000854,2026-04,1,0.5777443454096853
51200000855,2026-04,1,0.5942140248361124
51200000856,2026-04,0,0.2580922800712488
51200000857,2026-04,1,0.5821016322129079
51200000858,2026-04,1,0.5505866423910214
51200000859,2026-04,1,0.5909846064985358
51200000860,2026-04,1,0.5899342708237238
51200000861,2026-04,1,0.6128489436236736
51200000862,2026-04,1,0.6182418725163721
51200000863,2026-04,1,0.5802143986198898
51200000864,2026-04,1,0.5447104886930103
51200000865,2026-04,0,0.2772173890422745
51200000866,2026-04,1,0.595519392697478
51200000867,2026-04,1,0.6177745199444691
51200000868,2026-04,1,0.5767846834791224
51200000869,2026-04,1,0.5814942575689497
51200000870,2026-04,0,0.2858537149739228
51200000871,2026-04,1,0.558434836008924
51200000872,2026-04,1,0.5921863322018964
51200000873,2026-04,1,0.7068167524056471
51200000874,2026-04,1,0.5794809381386229
51200000875,2026-04,0,0.3531484136525853
51200000876,2026-04,1,0.5877583323953977
51200000877,2026-04,1,0.555168804994237
51200000878,2026-04,1,0.6243200339088454
51200000879,2026-04,0,0.3451947846993836
51200000880,2026-04,0,0.2889796048138209
51200000881,2026-04,1,0.5196790406634607
51200000882,2026-04,1,0.6414200912415976
51200000883,2026-04,1,0.5566788540362577
51200000884,2026-04,1,0.558957306161654
51200000885,2026-04,1,0.5631717744650128
51200000886,2026-04,0,0.48284797167832233
51200000887,2026-04,1,0.5426083098500496
51200000888,2026-04,0,0.45676884956137676
51200000889,2026-04,1,0.5924832987290558
51200000890,2026-04,1,0.5748638366063258
51200000891,2026-04,1,0.6778314593404607
51200000892,2026-04,1,0.5354203773770164
51200000893,2026-04,1,0.575247538948929
51200000894,2026-04,1,0.5839732780147036
51200000895,2026-04,1,0.5505612460513748
51200000896,2026-04,1,0.589322055431456
51200000897,2026-04,1,0.5849890594091012
51200000898,2026-04,1,0.5011082017064838
51200000899,2026-04,1,0.5844888365523458
51200000900,2026-04,0,0.4568171721198832
51200000901,2026-04,1,0.5934123744954494
51200000902,2026-04,1,0.5404079135153513
51200000903,2026-04,1,0.585959055439263
51200000904,2026-04,1,0.562920423865663
51200000905,2026-04,1,0.5687406839200992
51200000906,2026-04,0,0.29858581929599315
51200000907,2026-04,0,0.4582104992381692
51200000908,2026-04,1,0.5945290686645187
51200000909,2026-04,0,0.45114035609144176
51200000910,2026-04,1,0.569609274190311
51200000911,2026-04,1,0.6066245397090436
51200000912,2026-04,1,0.5623783626995418
51200000913,2026-04,1,0.5742264840372715
51200000914,2026-04,1,0.648464987363538
51200000915,2026-04,1,0.6217218892496623
51200000916,2026-04,1,0.6401560319055963
51200000917,2026-04,1,0.6287998125584167
51200000918,2026-04,0,0.2831626719424511
51200000919,2026-04,1,0.5319770968509857
51200000920,2026-04,1,0.5762365389506748
51200000921,2026-04,1,0.5689002753412734
51200000922,2026-04,1,0.5407237440868903
51200000923,2026-04,1,0.6047180308315996
51200000924,2026-04,1,0.5844248794885457
51200000925,2026-04,1,0.6057904071971506
51200000926,2026-04,1,0.5738510685576174
51200000927,2026-04,1,0.5617038997678694
51200000928,2026-04,1,0.5629966423817201
51200000929,2026-04,1,0.5714329522319815
51200000930,2026-04,1,0.576968022514634
51200000931,2026-04,1,0.5829135808103595
51200000932,2026-04,0,0.3405921153443807
51200000933,2026-04,1,0.5744474842334841
51200000934,2026-04,1,0.5293749680858741
51200000935,2026-04,1,0.5983549025337039
51200000936,2026-04,1,0.5730943679562631
51200000937,2026-04,1,0.5747054785878433
51200000938,2026-04,1,0.5004624583284603
51200000939,2026-04,1,0.5564936237484718
51200000940,2026-04,1,0.5854648424484461
51200000941,2026-04,1,0.5891004541588153
51200000942,2026-04,1,0.558135207767808
51200000943,2026-04,1,0.552315027568813
51200000944,2026-04,1,0.5876322562805664
51200000945,2026-04,1,0.5763155428026421
51200000946,2026-04,0,0.29572662891835155
51200000947,2026-04,0,0.4157282717290896
51200000948,2026-04,1,0.6159690524251802
51200000949,2026-04,1,0.5402686639204303
51200000950,2026-04,1,0.5875698088223054
51200000951,2026-04,1,0.566862133591231
51200000952,2026-04,1,0.5943915988714734
51200000953,2026-04,0,0.3753310299489865
51200000954,2026-04,1,0.6056403880003156
51200000955,2026-04,1,0.587589979825129
51200000956,2026-04,1,0.5634307138229135
51200000957,2026-04,0,0.36030345191638175
51200000958,2026-04,1,0.5653837243372388
51200000959,2026-04,0,0.2732763574552701
51200000960,2026-04,1,0.6956872683174565
51200000961,2026-04,1,0.5140536627028568
51200000962,2026-04,1,0.5774389051566945
51200000963,2026-04,1,0.5937907158292546
51200000964,2026-04,1,0.580011860609019
51200000965,2026-04,1,0.567741344631051
51200000966,2026-04,1,0.579963689908525
51200000967,2026-04,0,0.3645447587657466
51200000968,2026-04,0,0.33730805540317826
51200000969,2026-04,1,0.6069566830091903
51200000970,2026-04,1,0.5729967316875839
51200000971,2026-04,0,0.3147789797981397
51200000972,2026-04,1,0.5351402965766306
51200000973,2026-04,1,0.5891497281349894
51200000974,2026-04,1,0.5728351450892496
51200000975,2026-04,1,0.5788609349371387
51200000976,2026-04,1,0.6419784836393393
51200000977,2026-04,1,0.6266988389320525
51200000978,2026-04,1,0.5304006565695683
51200000979,2026-04,1,0.5636410440836219
51200000980,2026-04,1,0.7322772211083963
51200000981,2026-04,0,0.34625506276274065
51200000982,2026-04,1,0.5068613670517867
51200000983,2026-04,1,0.5724242720642286
51200000984,2026-04,1,0.5933713233790044
51200000985,2026-04,1,0.6031341174063258
51200000986,2026-04,1,0.595181967665884
51200000987,2026-04,1,0.5843769341629492
51200000988,2026-04,1,0.6112524662329797
51200000989,2026-04,1,0.5850457494529582
51200000990,2026-04,1,0.537987363956639
51200000991,2026-04,1,0.564746556413077
51200000992,2026-04,1,0.5312388609020638
51200000993,2026-04,1,0.5813617272180166
51200000994,2026-04,1,0.5839795608685018
51200000995,2026-04,1,0.6140287944916358
51200000996,2026-04,0,0.3702340595828908
51200000997,2026-04,0,0.4422219647734864
51200000998,2026-04,1,0.5601429922606007
51200000999,2026-04,0,0.3889662200099999
51200001000,2026-04,1,0.5461777451287737
51200001001,2026-04,1,0.5826418790703133
51200001002,2026-04,1,0.5467081079173368
51200001003,2026-04,1,0.5683306609299577
51200001004,2026-04,1,0.547743330966443
51200001005,2026-04,1,0.5338397848283667
51200001006,2026-04,1,0.5559744354556383
51200001007,2026-04,1,0.7613255037544406
51200001008,2026-04,0,0.26660332311293017
51200001009,2026-04,1,0.5428320125148463
51200001010,2026-04,1,0.5363033120889036
51200001011,2026-04,1,0.5839352815532428
51200001012,2026-04,1,0.5418915084511062
51200001013,2026-04,1,0.6064744058744843
51200001014,2026-04,1,0.5676020736029317
51200001015,2026-04,1,0.5768286331458622
51200001016,2026-04,0,0.4349725244358633
51200001017,2026-04,1,0.5804865699291949
51200001018,2026-04,1,0.5574872253906059
51200001019,2026-04,1,0.6178730523853446
51200001020,2026-04,1,0.5672857850403876
51200001021,2026-04,1,0.5472202913890855
51200001022,2026-04,1,0.6302916019070537
51200001023,2026-04,1,0.5798828082294765
51200001024,2026-04,1,0.5724446922905781
51200001025,2026-04,1,0.5726956932517934
51200001026,2026-04,1,0.5880541876204095
51200001027,2026-04,1,0.5910326493032537
51200001028,2026-04,1,0.6227944374420625
51200001029,2026-04,1,0.5853489981060889
51200001030,2026-04,1,0.563251651618452
51200001031,2026-04,1,0.5613432990611992
51200001032,2026-04,0,0.3609014328073372
51200001033,2026-04,1,0.6027513759630042
51200001034,2026-04,1,0.5975456406935936
51200001035,2026-04,0,0.4123751567012842
51200001036,2026-04,1,0.5506978820518359
51200001037,2026-04,1,0.5787092185929972
51200001038,2026-04,1,0.5491794907015171
51200001039,2026-04,0,0.2912135368540571
51200001040,2026-04,1,0.541034645172783
51200001041,2026-04,1,0.6414146368312736
51200001042,2026-04,0,0.4739736083879197
51200001043,2026-04,1,0.6588920122823193
51200001044,2026-04,1,0.5600131986916795
51200001045,2026-04,1,0.5528994937917273
51200001046,2026-04,1,0.5985905492307374
51200001047,2026-04,0,0.32136345573134
51200001048,2026-04,0,0.3188866011499072
51200001049,2026-04,1,0.5511178156066044
51200001050,2026-04,0,0.4537874199056928
51200001051,2026-04,1,0.5672858086917609
51200001052,2026-04,1,0.5658167351781259
51200001053,2026-04,1,0.5908220055811878
51200001054,2026-04,1,0.5100113871402798
51200001055,2026-04,1,0.6077972718365886
51200001056,2026-04,1,0.5560492972106443
51200001057,2026-04,1,0.6124024927626082
51200001058,2026-04,1,0.561991305559766
51200001059,2026-04,1,0.565506872856722
51200001060,2026-04,1,0.593820995612644
51200001061,2026-04,1,0.5906913306564257
51200001062,2026-04,1,0.5852904950598773
51200001063,2026-04,0,0.4934218296264002
51200001064,2026-04,1,0.5661655988808739
51200001065,2026-04,1,0.6415198851717983
51200001066,2026-04,0,0.2982975079537106
51200001067,2026-04,1,0.5982649147678121
51200001068,2026-04,1,0.5818063410271215
51200001069,2026-04,1,0.5994507953988115
51200001070,2026-04,1,0.5999635717810322
51200001071,2026-04,1,0.5875220948828578
51200001072,2026-04,1,0.5932799171485175
51200001073,2026-04,1,0.569679227575176
51200001074,2026-04,1,0.5440658049128038
51200001075,2026-04,0,0.434134166552657
51200001076,2026-04,1,0.5857190345856869
51200001077,2026-04,1,0.5930458436224009
51200001078,2026-04,1,0.5524335864124182
51200001079,2026-04,0,0.4538293408828413
51200001080,2026-04,1,0.5004489253472539
51200001081,2026-04,1,0.5936560445718585
51200001082,2026-04,1,0.5439901666524026
51200001083,2026-04,1,0.5875768743916722
51200001084,2026-04,1,0.6111796081258758
51200001085,2026-04,1,0.5732310094665182
51200001086,2026-04,1,0.562313820475653
51200001087,2026-04,1,0.5695287751366006
51200001088,2026-04,1,0.5781229836210532
51200001089,2026-04,1,0.5458713235942789
51200001090,2026-04,0,0.32280604750851893
51200001091,2026-04,1,0.6256845111955591
51200001092,2026-04,1,0.5302782355530624
51200001093,2026-04,1,0.5339656063743479
51200001094,2026-04,0,0.4919458728080365
51200001095,2026-04,1,0.5319475368242453
51200001096,2026-04,1,0.5785577988393122
51200001097,2026-04,1,0.56092933306634
51200001098,2026-04,1,0.6549311721496197
51200001099,2026-04,1,0.5858315942086607
51200001100,2026-04,1,0.5993221824252855
51200001101,2026-04,1,0.5743482550014564
51200001102,2026-04,1,0.5948353906521755
51200001103,2026-04,1,0.5377830921103481
51200001104,2026-04,1,0.5774128775776611
51200001105,2026-04,1,0.6200051400863241
51200001106,2026-04,1,0.5993809178368746
51200001107,2026-04,1,0.5852856157660357
51200001108,2026-04,1,0.5721430824997819
51200001109,2026-04,0,0.39507218415409023
51200001110,2026-04,0,0.3356655710336653
51200001111,2026-04,1,0.629378860488747
51200001112,2026-04,1,0.5677855830867826
51200001113,2026-04,1,0.5602237235554169
51200001114,2026-04,1,0.5746768096732974
51200001115,2026-04,1,0.5614465115865336
51200001116,2026-04,1,0.601077529013093
51200001117,2026-04,1,0.5744585234407902
51200001118,2026-04,1,0.5523993446596043
51200001119,2026-04,1,0.5540439020287318
51200001120,2026-04,1,0.5849476961560061
51200001121,2026-04,1,0.60142861670715
51200001122,2026-04,0,0.29711842351866957
51200001123,2026-04,0,0.3029754030697897
51200001124,2026-04,0,0.35712294036502745
51200001125,2026-04,1,0.5775259862587583
51200001126,2026-04,0,0.4853094065006625
51200001127,2026-04,1,0.5459466836913109
51200001128,2026-04,1,0.5836911835043764
51200001129,2026-04,1,0.5863828936576198
51200001130,2026-04,1,0.5863708653742418
51200001131,2026-04,1,0.6122734610240633
51200001132,2026-04,1,0.551866633195053
51200001133,2026-04,1,0.5731157120992302
51200001134,2026-04,0,0.29510775208408385
51200001135,2026-04,1,0.5994906096106821
51200001136,2026-04,0,0.4405425547940052
51200001137,2026-04,1,0.5169878988338616
51200001138,2026-04,1,0.560129519290525
51200001139,2026-04,0,0.3466114152582857
51200001140,2026-04,1,0.5498344255939442
51200001141,2026-04,1,0.5813760852925767
51200001142,2026-04,1,0.7604428130712497
51200001143,2026-04,0,0.33760043117085303
51200001144,2026-04,1,0.5459492248649237
51200001145,2026-04,1,0.5791704779233082
51200001146,2026-04,1,0.545730432833994
51200001147,2026-04,1,0.5771839512959116
51200001148,2026-04,1,0.5525364692967548
51200001149,2026-04,0,0.2872853720045747
51200001150,2026-04,0,0.2435305225260516
51200001151,2026-04,0,0.3605667960804566
51200001152,2026-04,1,0.5518524907980707
51200001153,2026-04,0,0.4584544273690678
51200001154,2026-04,1,0.5690557216179907
51200001155,2026-04,1,0.5797291992102429
51200001156,2026-04,1,0.5843309917160426
51200001157,2026-04,1,0.6423183404358432
51200001158,2026-04,1,0.6161075034990477
51200001159,2026-04,1,0.5650630607043913
51200001160,2026-04,0,0.45554712681733717
51200001161,2026-04,0,0.3091539340380807
51200001162,2026-04,1,0.6259742744260439
51200001163,2026-04,0,0.3427945360197295
51200001164,2026-04,1,0.588713596678528
51200001165,2026-04,0,0.40197200278052597
51200001166,2026-04,1,0.5128177579191588
51200001167,2026-04,1,0.549631352434411
51200001168,2026-04,1,0.5845253367302334
51200001169,2026-04,1,0.5732974794372254
51200001170,2026-04,0,0.2703921997321524
51200001171,2026-04,1,0.5539232799176058
51200001172,2026-04,1,0.5822684507320389
51200001173,2026-04,1,0.5870275925803279
51200001174,2026-04,1,0.636645151446288
51200001175,2026-04,1,0.5826292972068345
51200001176,2026-04,1,0.539786310523376
51200001177,2026-04,1,0.5537826540548608
51200001178,2026-04,1,0.5019045670478093
51200001179,2026-04,1,0.5793336333846508
51200001180,2026-04,1,0.5491778871096468
51200001181,2026-04,0,0.42848317538194286
51200001182,2026-04,0,0.43234856303360175
51200001183,2026-04,1,0.5849454748372986
51200001184,2026-04,1,0.5873513117365737
51200001185,2026-04,1,0.5534827882003498
51200001186,2026-04,1,0.5426086910986538
51200001187,2026-04,1,0.5870275925803279
51200001188,2026-04,1,0.5637083161231213
51200001189,2026-04,1,0.5961496979801073
51200001190,2026-04,1,0.6846016698010271
51200001191,2026-04,1,0.5894066356133664
51200001192,2026-04,1,0.5671587289969914
51200001193,2026-04,1,0.636329444514066
51200001194,2026-04,1,0.5792966435838995
51200001195,2026-04,1,0.5670814018865495
51200001196,2026-04,1,0.6031992743077113
51200001197,2026-04,1,0.5841195234722458
51200001198,2026-04,1,0.5747152737255498
51200001199,2026-04,0,0.43309323514677794
51200001200,2026-04,1,0.5036913901776269
51200001201,2026-04,1,0.584122522635715
51200001202,2026-04,1,0.5887365334026772
51200001203,2026-04,0,0.4373493409573092
51200001204,2026-04,1,0.5644782898554412
51200001205,2026-04,0,0.369898430803714
51200001206,2026-04,1,0.5877749431421943
51200001207,2026-04,1,0.592581417898621
51200001208,2026-04,0,0.479888366565511
51200001209,2026-04,1,0.6751030800011887
51200001210,2026-04,1,0.5705982936975997
51200001211,2026-04,1,0.5513306505311588
51200001212,2026-04,1,0.5777423132310099
51200001213,2026-04,1,0.5748960300378043
51200001214,2026-04,0,0.2949792177140936
51200001215,2026-04,0,0.47999176056274445
51200001216,2026-04,1,0.6120061215469605
51200001217,2026-04,1,0.5591081444432396
51200001218,2026-04,1,0.5800324708815683
51200001219,2026-04,1,0.7625327353481173
51200001220,2026-04,0,0.3460503510308417
51200001221,2026-04,1,0.5664936910414613
51200001222,2026-04,1,0.5697363323164031
51200001223,2026-04,1,0.5822714335559183
51200001224,2026-04,1,0.5681533723507188
51200001225,2026-04,1,0.5502992745999166
51200001226,2026-04,0,0.3352186546994276
51200001227,2026-04,1,0.5552046695489744
51200001228,2026-04,1,0.5482546766791077
51200001229,2026-04,0,0.44303699822607867
51200001230,2026-04,1,0.5471118751108496
51200001231,2026-04,0,0.29246682935901286
51200001232,2026-04,1,0.5603070391273903
51200001233,2026-04,1,0.608917921352977
51200001234,2026-04,0,0.4487627662968094
51200001235,2026-04,1,0.5859216859683607
51200001236,2026-04,1,0.6850356060617457
51200001237,2026-04,1,0.5540483649577487
51200001238,2026-04,0,0.44473306486252073
51200001239,2026-04,1,0.5870215580413868
51200001240,2026-04,0,0.3523018368480737
51200001241,2026-04,1,0.6281561897941947
51200001242,2026-04,1,0.5457900771204598
51200001243,2026-04,1,0.720145427570407
51200001244,2026-04,1,0.5355128253709995
51200001245,2026-04,1,0.541029782524626
51200001246,2026-04,1,0.5301611230789193
51200001247,2026-04,0,0.3342077002304468
51200001248,2026-04,1,0.5767184720158793
51200001249,2026-04,1,0.5810302796035967
51200001250,2026-04,1,0.5975101041001044
51200001251,2026-04,1,0.5756868957068735
51200001252,2026-04,1,0.5786716318823222
51200001253,2026-04,0,0.34219796513025486
51200001254,2026-04,1,0.5830127630550412
51200001255,2026-04,1,0.5831155837876237
51200001256,2026-04,1,0.5983461646659943
51200001257,2026-04,0,0.27465178993932504
51200001258,2026-04,1,0.5666655849567132
51200001259,2026-04,1,0.5630885549527253
51200001260,2026-04,1,0.5539853209320055
51200001261,2026-04,1,0.5424248059197445
51200001262,2026-04,1,0.5114098682551309
51200001263,2026-04,0,0.4962342757818943
51200001264,2026-04,1,0.571944571365526
51200001265,2026-04,1,0.6004694355834369
51200001266,2026-04,1,0.5898303245158166
51200001267,2026-04,1,0.5510921799836143
51200001268,2026-04,1,0.5702492798045123
51200001269,2026-04,1,0.553310771650241
51200001270,2026-04,1,0.6533275545700783
51200001271,2026-04,1,0.5366676129621735
51200001272,2026-04,1,0.5932621274250784
51200001273,2026-04,1,0.5715969857953302
51200001274,2026-04,1,0.6085379335211542
51200001275,2026-04,1,0.7524579492137804
51200001276,2026-04,1,0.5599941352868208
51200001277,2026-04,1,0.6516262549717377
51200001278,2026-04,1,0.5752736780432302
51200001279,2026-04,1,0.5746471392348229
51200001280,2026-04,1,0.5818953008119503
51200001281,2026-04,1,0.5632895956866237
51200001282,2026-04,1,0.5759978797858962
51200001283,2026-04,1,0.5847797076544702
51200001284,2026-04,1,0.5727167078754186
51200001285,2026-04,1,0.6036352096797178
51200001286,2026-04,1,0.600967318461509
51200001287,2026-04,1,0.6155554527914968
51200001288,2026-04,1,0.5836833553003852
51200001289,2026-04,1,0.5777722554324468
51200001290,2026-04,1,0.5907390941385023
51200001291,2026-04,0,0.38511596349868404
51200001292,2026-04,1,0.5681711070631212
51200001293,2026-04,1,0.5649049284595147
51200001294,2026-04,0,0.40247275940521576
51200001295,2026-04,0,0.27732768592345985
51200001296,2026-04,1,0.6084788015418667
51200001297,2026-04,1,0.5529816155220518
51200001298,2026-04,1,0.5414931809216104
51200001299,2026-04,0,0.4418463794842601
51200001300,2026-04,1,0.5524456911276786
51200001301,2026-04,1,0.5855941230771168
51200001302,2026-04,1,0.700923938088422
51200001303,2026-04,1,0.5769267449709843
51200001304,2026-04,1,0.5252642256884361
51200001305,2026-04,1,0.5654825846198359
51200001306,2026-04,1,0.5906983479902379
51200001307,2026-04,0,0.34630266462785436
51200001308,2026-04,1,0.5903537336441219
51200001309,2026-04,1,0.6404416975194089
51200001310,2026-04,1,0.5679349011919135
51200001311,2026-04,0,0.4297724053577784
51200001312,2026-04,1,0.5493237674378596
51200001313,2026-04,1,0.5533643054336238
51200001314,2026-04,1,0.6899197121423682
51200001315,2026-04,1,0.581638654679359
51200001316,2026-04,0,0.36168291758656756
51200001317,2026-04,1,0.6227626887077072
51200001318,2026-04,1,0.5108492955891971
51200001319,2026-04,0,0.4779946041297609
51200001320,2026-04,0,0.3708116189864053
51200001321,2026-04,1,0.5553125422415619
51200001322,2026-04,1,0.5554929331554238
51200001323,2026-04,1,0.607469557189318
51200001324,2026-04,1,0.6057195161402447
51200001325,2026-04,1,0.5991423555204913
51200001326,2026-04,1,0.5474455339507511
51200001327,2026-04,1,0.5881299086591395
51200001328,2026-04,1,0.5645912377876159
51200001329,2026-04,1,0.5512343527773694
51200001330,2026-04,0,0.4858828932414548
51200001331,2026-04,1,0.5311480854146114
51200001332,2026-04,1,0.5873844048020839
51200001333,2026-04,1,0.534992529831726
51200001334,2026-04,0,0.3456830509440366
51200001335,2026-04,1,0.6408555310133576
51200001336,2026-04,0,0.4801060099181819
51200001337,2026-04,1,0.6047816367186577
51200001338,2026-04,0,0.3110023536820465
51200001339,2026-04,1,0.6146773309611069
51200001340,2026-04,0,0.2996018999528185
51200001341,2026-04,0,0.47039335859647075
51200001342,2026-04,1,0.5704761794733795
51200001343,2026-04,1,0.5556200842663935
51200001344,2026-04,0,0.4311757607916402
51200001345,2026-04,1,0.6337981869162072
51200001346,2026-04,1,0.5456062112851547
51200001347,2026-04,1,0.5903387239063381
51200001348,2026-04,0,0.39632217140262216
51200001349,2026-04,0,0.38418850681745814
51200001350,2026-04,1,0.5518460831492399
51200001351,2026-04,1,0.5372184215614809
51200001352,2026-04,1,0.5308516593894295
51200001353,2026-04,1,0.5959690194949099
51200001354,2026-04,1,0.5796030179029851
51200001355,2026-04,1,0.5622820102228564
51200001356,2026-04,1,0.571902487103928
51200001357,2026-04,1,0.5906658612439939
51200001358,2026-04,1,0.5170926555166322
51200001359,2026-04,1,0.5719680766752895
51200001360,2026-04,1,0.5576404400469399
51200001361,2026-04,1,0.5762982504644247
51200001362,2026-04,1,0.5866853700548618
51200001363,2026-04,1,0.587038268412703
51200001364,2026-04,1,0.5747901290123559
51200001365,2026-04,1,0.5362435760759454
51200001366,2026-04,0,0.37670774778645894
51200001367,2026-04,1,0.6975650001969831
51200001368,2026-04,1,0.5281310450626289
51200001369,2026-04,1,0.5410801268352301
51200001370,2026-04,1,0.5855112941630607
51200001371,2026-04,1,0.5762423445634044
51200001372,2026-04,1,0.5779178081099287
51200001373,2026-04,1,0.5762355379806053
51200001374,2026-04,1,0.6122089397699
51200001375,2026-04,1,0.7063906523015886
51200001376,2026-04,1,0.57186754822076
51200001377,2026-04,1,0.5747721030467164
51200001378,2026-04,0,0.32352496053736574
51200001379,2026-04,0,0.42459370289820136
51200001380,2026-04,1,0.7466255783806333
51200001381,2026-04,1,0.5730010630458574
51200001382,2026-04,1,0.5714255531552833
51200001383,2026-04,1,0.5470411878697304
51200001384,2026-04,1,0.550460344737084
51200001385,2026-04,1,0.569900049682952
51200001386,2026-04,0,0.4832537999404687
51200001387,2026-04,1,0.6433197436188131
51200001388,2026-04,1,0.5535936134828855
51200001389,2026-04,1,0.56275846085604
51200001390,2026-04,0,0.46091905761323093
51200001391,2026-04,1,0.5738275834298419
51200001392,2026-04,1,0.5325585115723099
51200001393,2026-04,0,0.3656446034407764
51200001394,2026-04,1,0.5863617325774143
51200001395,2026-04,1,0.5330236729486193
51200001396,2026-04,1,0.5503704518211334
51200001397,2026-04,1,0.5548459429262399
51200001398,2026-04,1,0.6693382309269876
51200001399,2026-04,1,0.5954131971867449
51200001400,2026-04,1,0.7713786759354642
51200001401,2026-04,0,0.41948298499343795
51200001402,2026-04,0,0.29324754331750286
51200001403,2026-04,1,0.6626661716252269
51200001404,2026-04,1,0.5514197201226535
51200001405,2026-04,0,0.3414213274581235
51200001406,2026-04,1,0.6106635726734306
51200001407,2026-04,1,0.6040880979012289
51200001408,2026-04,1,0.5263933347610965
51200001409,2026-04,1,0.5973118593064058
51200001410,2026-04,0,0.4474178300150271
51200001411,2026-04,1,0.5475953464083967
51200001412,2026-04,1,0.7644976474851799
51200001413,2026-04,0,0.2837939379812388
51200001414,2026-04,0,0.49323606643607343
51200001415,2026-04,0,0.32561048381881186
51200001416,2026-04,1,0.5717058923269981
51200001417,2026-04,1,0.708811152476552
51200001418,2026-04,1,0.558339904855835
51200001419,2026-04,1,0.6196853835275178
51200001420,2026-04,1,0.5700875420290222
51200001421,2026-04,1,0.5847257610965785
51200001422,2026-04,1,0.5582690175704095
51200001423,2026-04,1,0.5228969981135744
51200001424,2026-04,0,0.344239415868218
51200001425,2026-04,1,0.548213879656195
51200001426,2026-04,1,0.5770535996839388
51200001427,2026-04,0,0.2962601965201367
51200001428,2026-04,1,0.5928803366374504
51200001429,2026-04,0,0.44356897788426736
51200001430,2026-04,1,0.5695729411132384
51200001431,2026-04,1,0.5655243222578169
51200001432,2026-04,1,0.6536867466622673
51200001433,2026-04,1,0.5820218788935682
51200001434,2026-04,1,0.5915556745808007
51200001435,2026-04,1,0.5558570821864351
51200001436,2026-04,1,0.6291412813297093
51200001437,2026-04,1,0.5842209999352288
51200001438,2026-04,1,0.5855321122983077
51200001439,2026-04,0,0.4549914949612699
51200001440,2026-04,1,0.5090401547978776
51200001441,2026-04,0,0.3335578503960296
51200001442,2026-04,1,0.5022962156426651
51200001443,2026-04,1,0.5257861221008269
51200001444,2026-04,1,0.5864698707966802
51200001445,2026-04,1,0.5764346131330128
51200001446,2026-04,0,0.4327830280349723
51200001447,2026-04,1,0.5798497832729287
51200001448,2026-04,1,0.593070536160908
51200001449,2026-04,1,0.5868801750654418
51200001450,2026-04,1,0.7064494763001216
51200001451,2026-04,1,0.5772316037148658
51200001452,2026-04,1,0.6409291360867307
51200001453,2026-04,0,0.4786141784231404
51200001454,2026-04,1,0.5484982188375169
51200001455,2026-04,1,0.5615719430939515
51200001456,2026-04,1,0.5219847048008374
51200001457,2026-04,1,0.5887689104917249
51200001458,2026-04,1,0.5450164287093083
51200001459,2026-04,0,0.36459299392722755
51200001460,2026-04,1,0.5498971796783142
51200001461,2026-04,1,0.5928760255902656
51200001462,2026-04,0,0.40145957439265545
51200001463,2026-04,1,0.577983142503204
51200001464,2026-04,0,0.3112622264512727
51200001465,2026-04,1,0.5538718427878666
51200001466,2026-04,1,0.5941826647600489
51200001467,2026-04,1,0.5498655757522074
51200001468,2026-04,1,0.7623275603639352
51200001469,2026-04,1,0.6317174815030127
51200001470,2026-04,1,0.617087625295985
51200001471,2026-04,1,0.5675928650257658
51200001472,2026-04,1,0.5856971422182609
51200001473,2026-04,0,0.34850955571499853
51200001474,2026-04,1,0.5441258707511842
51200001475,2026-04,1,0.5856443215197653
51200001476,2026-04,1,0.6013623716883869
51200001477,2026-04,0,0.4494658661240213
51200001478,2026-04,1,0.6112736134543794
51200001479,2026-04,1,0.5079232163237475
51200001480,2026-04,0,0.48404869582185683
51200001481,2026-04,1,0.5730262960277833
51200001482,2026-04,1,0.5908738096370286
51200001483,2026-04,1,0.5357034290644629
51200001484,2026-04,0,0.35257018544684043
51200001485,2026-04,0,0.3540423493993982
51200001486,2026-04,1,0.6044064328920135
51200001487,2026-04,1,0.578015405891126
51200001488,2026-04,0,0.27188429901471173
51200001489,2026-04,0,0.2721339173726712
51200001490,2026-04,1,0.5532010760848647
51200001491,2026-04,0,0.44576667081684396
51200001492,2026-04,1,0.7682907571809311
51200001493,2026-04,1,0.5511546659492768
51200001494,2026-04,0,0.24477529537586698
51200001495,2026-04,1,0.5584128596472984
51200001496,2026-04,1,0.5653430069830676
51200001497,2026-04,1,0.6874373613667535
51200001498,2026-04,1,0.5651955844873868
51200001499,2026-04,1,0.5430963770123387
51200001500,2026-04,1,0.550734083948894
51200001501,2026-04,1,0.6119279267629707
51200001502,2026-04,1,0.5818434399214368
51200001503,2026-04,1,0.5872977609416528
51200001504,2026-04,1,0.5349528504820886
51200001505,2026-04,1,0.6212214238133729
51200001506,2026-04,1,0.5671915757101597
51200001507,2026-04,1,0.5034113421826018
51200001508,2026-04,0,0.35240029305296616
51200001509,2026-04,1,0.5312571578093482
51200001510,2026-04,0,0.4660132770864257
51200001511,2026-04,0,0.42976219426154044
51200001512,2026-04,1,0.5811276032648184
51200001513,2026-04,1,0.5629017220095376
51200001514,2026-04,1,0.5397082816078055
51200001515,2026-04,1,0.5984532527399832
51200001516,2026-04,1,0.5450768882378335
51200001517,2026-04,1,0.5697150712510497
51200001518,2026-04,1,0.5391376844237541
51200001519,2026-04,0,0.32348701840562555
51200001520,2026-04,0,0.498981784551357
51200001521,2026-04,1,0.560382681008619
51200001522,2026-04,0,0.49399743510807026
51200001523,2026-04,1,0.5649992740654356
51200001524,2026-04,1,0.5484722003407714
51200001525,2026-04,1,0.7100922007320659
51200001526,2026-04,1,0.6004821541939902
51200001527,2026-04,0,0.28190898945331877
51200001528,2026-04,1,0.5642401544713072
51200001529,2026-04,0,0.3090437612844762
51200001530,2026-04,1,0.5735845330200813
51200001531,2026-04,1,0.6540256222172951
51200001532,2026-04,0,0.4108322631245245
51200001533,2026-04,1,0.5139316143263949
51200001534,2026-04,1,0.5474034439423325
51200001535,2026-04,1,0.5814390334222984
51200001536,2026-04,1,0.5318798859617488
51200001537,2026-04,1,0.5855125433495232
51200001538,2026-04,1,0.5927356049764306
51200001539,2026-04,1,0.7004871795930565
51200001540,2026-04,1,0.57245358965323
51200001541,2026-04,1,0.6062713338092248
51200001542,2026-04,1,0.5510744441396546
51200001543,2026-04,1,0.5948898363473561
51200001544,2026-04,1,0.6606532747611847
51200001545,2026-04,1,0.5771530613650367
51200001546,2026-04,1,0.558240414858932
51200001547,2026-04,0,0.3120955679939714
51200001548,2026-04,1,0.6330153390928486
51200001549,2026-04,1,0.5694979837564597
51200001550,2026-04,0,0.37351866947517387
51200001551,2026-04,1,0.5381880791315224
51200001552,2026-04,1,0.5675388838926344
51200001553,2026-04,1,0.5847474169708956
51200001554,2026-04,0,0.3731009334184248
51200001555,2026-04,1,0.7239423798602644
51200001556,2026-04,0,0.301912920959381
51200001557,2026-04,1,0.6767494050022931
51200001558,2026-04,1,0.5947799368498266
51200001559,2026-04,1,0.5144222233864815
51200001560,2026-04,1,0.5525514880782989
51200001561,2026-04,0,0.32767910695411046
51200001562,2026-04,0,0.35952307669014205
51200001563,2026-04,1,0.5755939692578363
51200001564,2026-04,1,0.5855941230771168
51200001565,2026-04,1,0.5353862316339767
51200001566,2026-04,1,0.5456050753721179
51200001567,2026-04,1,0.6282592340101903
51200001568,2026-04,1,0.5825575097815991
51200001569,2026-04,1,0.6871739311315405
51200001570,2026-04,1,0.5876115930910601
51200001571,2026-04,1,0.5041018057434528
51200001572,2026-04,1,0.5693654712380095
51200001573,2026-04,1,0.5348947689773861
51200001574,2026-04,1,0.544354233342403
51200001575,2026-04,1,0.5486175441735631
51200001576,2026-04,1,0.5377579641217839
51200001577,2026-04,1,0.5442953034082989
51200001578,2026-04,1,0.5713824107619504
51200001579,2026-04,1,0.5459688722606164
51200001580,2026-04,0,0.3692854043002471
51200001581,2026-04,1,0.5935387332041886
51200001582,2026-04,1,0.5892398651560119
51200001583,2026-04,1,0.5387286619202168
51200001584,2026-04,1,0.58671921807757
51200001585,2026-04,1,0.5926166145746206
51200001586,2026-04,1,0.5691979597443102
51200001587,2026-04,1,0.5698080491097903
51200001588,2026-04,1,0.5602473785220197
51200001589,2026-04,0,0.2631030856184669
51200001590,2026-04,1,0.5768234947112855
51200001591,2026-04,1,0.6228132684729993
51200001592,2026-04,1,0.6094275482654347
51200001593,2026-04,1,0.5662372190541242
51200001594,2026-04,0,0.4924232738181092
51200001595,2026-04,0,0.258551910749532
51200001596,2026-04,1,0.5878998236371291
51200001597,2026-04,1,0.5794868130452463
51200001598,2026-04,1,0.5154708452528799
51200001599,2026-04,1,0.6109403704188487
51200001600,2026-04,0,0.2810872804434859
51200001601,2026-04,1,0.5549609901976721
51200001602,2026-04,1,0.5442204271045477
51200001603,2026-04,1,0.5776231852677136
51200001604,2026-04,1,0.5841511598536815
51200001605,2026-04,1,0.544864541099967
51200001606,2026-04,1,0.5377050590189419
51200001607,2026-04,1,0.5719579123762414
51200001608,2026-04,0,0.3649752183198818
51200001609,2026-04,1,0.5811071790637946
51200001610,2026-04,1,0.5598042923584002
51200001611,2026-04,1,0.605957360259
51200001612,2026-04,1,0.5959860078810038
51200001613,2026-04,1,0.5898303983563192
51200001614,2026-04,1,0.5690517596873261
51200001615,2026-04,0,0.2991554552693038
51200001616,2026-04,1,0.5036793816047276
51200001617,2026-04,1,0.5393733824472714
51200001618,2026-04,1,0.5701254042236168
51200001619,2026-04,1,0.5792055741178541
51200001620,2026-04,1,0.5445195482583626
51200001621,2026-04,1,0.5923455967958638
51200001622,2026-04,0,0.3016651553233472
51200001623,2026-04,0,0.3369992084164039
51200001624,2026-04,1,0.5789582888430731
51200001625,2026-04,1,0.6784934140030926
51200001626,2026-04,1,0.5549915662311686
51200001627,2026-04,1,0.5763943943229427
51200001628,2026-04,1,0.5801384012894918
51200001629,2026-04,1,0.5373896998616658
51200001630,2026-04,0,0.33343946191800783
51200001631,2026-04,1,0.5848736419585778
51200001632,2026-04,1,0.55148071759871
51200001633,2026-04,0,0.4264528351166172
51200001634,2026-04,1,0.5507674679856372
51200001635,2026-04,0,0.47631077607959893
51200001636,2026-04,1,0.5757140503680778
51200001637,2026-04,1,0.583644204479514
51200001638,2026-04,1,0.5893786884229768
51200001639,2026-04,0,0.4831557578785932
51200001640,2026-04,1,0.5918503935993402
51200001641,2026-04,1,0.5898407437768515
51200001642,2026-04,1,0.5925533626789343
51200001643,2026-04,1,0.5778101738511424
51200001644,2026-04,1,0.5631180694295027
51200001645,2026-04,1,0.6907798942876617
51200001646,2026-04,1,0.5505972528572439
51200001647,2026-04,1,0.573783753741506
51200001648,2026-04,1,0.6075337246018707
51200001649,2026-04,1,0.5545835345179442
51200001650,2026-04,0,0.3241181068704716
51200001651,2026-04,1,0.5419809619797897
51200001652,2026-04,1,0.5576421697942143
51200001653,2026-04,0,0.276770503433447
51200001654,2026-04,1,0.5764981979711278
51200001655,2026-04,1,0.5041977039019456
51200001656,2026-04,1,0.5925052789834746
51200001657,2026-04,0,0.32646152202929907
51200001658,2026-04,1,0.550396651273696
51200001659,2026-04,1,0.5593398995162849
51200001660,2026-04,0,0.26467781326613254
51200001661,2026-04,1,0.7383213340805213
51200001662,2026-04,1,0.6036494480076845
51200001663,2026-04,1,0.5488897308495949
51200001664,2026-04,1,0.5230042666341093
51200001665,2026-04,1,0.5499946372427231
51200001666,2026-04,0,0.4527193726590534
51200001667,2026-04,1,0.5504730765622453
51200001668,2026-04,1,0.6316458698240036
51200001669,2026-04,0,0.3477052737605178
51200001670,2026-04,1,0.5403112106004057
51200001671,2026-04,1,0.5964958500932961
51200001672,2026-04,1,0.6031471023279688
51200001673,2026-04,1,0.5867656347547777
51200001674,2026-04,0,0.4962102341464362
51200001675,2026-04,1,0.5924428572313044
51200001676,2026-04,0,0.3180954377618416
51200001677,2026-04,0,0.29258299521762093
51200001678,2026-04,0,0.24495502476834918
51200001679,2026-04,1,0.5966410425153524
51200001680,2026-04,1,0.570938017956137
51200001681,2026-04,1,0.5437273929397477
51200001682,2026-04,1,0.5900288321761465
51200001683,2026-04,1,0.5619004496054132
51200001684,2026-04,0,0.4496963574357638
51200001685,2026-04,1,0.5893264209987711
51200001686,2026-04,1,0.6370992083914622
51200001687,2026-04,1,0.5645768384485561
51200001688,2026-04,0,0.3962815557892639
51200001689,2026-04,1,0.5883904549068576
51200001690,2026-04,1,0.6070972855518025
51200001691,2026-04,1,0.5945437481954978
51200001692,2026-04,0,0.4687076683151295
51200001693,2026-04,0,0.3611128315559916
51200001694,2026-04,1,0.559091973833332
51200001695,2026-04,1,0.5663419440969638
51200001696,2026-04,0,0.3962956415963862
51200001697,2026-04,0,0.3413027159558892
51200001698,2026-04,1,0.668370224609821
51200001699,2026-04,1,0.611432521035916
51200001700,2026-04,1,0.5426270217729342
51200001701,2026-04,1,0.6096611414646803
51200001702,2026-04,0,0.4494911040595097
51200001703,2026-04,1,0.5685462402752597
51200001704,2026-04,0,0.2996017508749325
51200001705,2026-04,1,0.5382979141438664
51200001706,2026-04,1,0.6234392615014223
51200001707,2026-04,1,0.5609075806036165
51200001708,2026-04,0,0.4829454100060987
51200001709,2026-04,1,0.5881348539804169
51200001710,2026-04,0,0.3563589414625916
51200001711,2026-04,1,0.6020900622302908
51200001712,2026-04,1,0.6224464320137681
51200001713,2026-04,1,0.5801538336666503
51200001714,2026-04,0,0.3017812818765106
51200001715,2026-04,1,0.6137997645527286
51200001716,2026-04,1,0.5630698035705094
51200001717,2026-04,1,0.5783246164503576
51200001718,2026-04,0,0.3154211477967392
51200001719,2026-04,1,0.5850105828386162
51200001720,2026-04,1,0.5639188489221373
51200001721,2026-04,1,0.5649441458151935
51200001722,2026-04,1,0.5957566056488138
51200001723,2026-04,1,0.5963728054564165
51200001724,2026-04,1,0.590673815101362
51200001725,2026-04,1,0.5692550341380698
51200001726,2026-04,1,0.5450448747497281
51200001727,2026-04,1,0.5874943103525038
51200001728,2026-04,0,0.2757434522856647
51200001729,2026-04,1,0.5598668996714263
51200001730,2026-04,1,0.5694951109276962
51200001731,2026-04,1,0.5566952319908913
51200001732,2026-04,1,0.7183855814462548
51200001733,2026-04,1,0.5583418121312606
51200001734,2026-04,1,0.5867656347547777
51200001735,2026-04,1,0.5675240009468197
51200001736,2026-04,1,0.6023958679975808
51200001737,2026-04,0,0.4694290493617927
51200001738,2026-04,1,0.5845475229080259
51200001739,2026-04,0,0.4530255236713872
51200001740,2026-04,1,0.5957940587307697
51200001741,2026-04,1,0.5969642049489423
51200001742,2026-04,1,0.5761414091745884
51200001743,2026-04,1,0.5450708424469269
51200001744,2026-04,1,0.5807396074607134
51200001745,2026-04,1,0.528780874387222
51200001746,2026-04,1,0.5200160866627243
51200001747,2026-04,0,0.2964542363060744
51200001748,2026-04,1,0.5320896805483062
51200001749,2026-04,1,0.5677646027804549
51200001750,2026-04,1,0.5896617941560433
51200001751,2026-04,1,0.5735940585490862
51200001752,2026-04,1,0.586812132219628
51200001753,2026-04,1,0.5705478653101825
51200001754,2026-04,1,0.5441573484719475
51200001755,2026-04,1,0.5757845662823582
51200001756,2026-04,1,0.601010435409518
51200001757,2026-04,1,0.710470547690864
51200001758,2026-04,1,0.6019980950295934
51200001759,2026-04,1,0.5722200976001587
51200001760,2026-04,1,0.5209495010068184
51200001761,2026-04,0,0.46210310735832705
51200001762,2026-04,1,0.5884091593549359
51200001763,2026-04,1,0.5828572675704237
51200001764,2026-04,0,0.3235037073044479
51200001765,2026-04,1,0.5840061657093787
51200001766,2026-04,1,0.5550014432179813
51200001767,2026-04,1,0.5722092555558949
51200001768,2026-04,1,0.5249769074138461
51200001769,2026-04,1,0.5543984104585009
51200001770,2026-04,0,0.3346893639113319
51200001771,2026-04,1,0.6276200050027644
51200001772,2026-04,0,0.49399153608614926
51200001773,2026-04,1,0.6846723575642742
51200001774,2026-04,1,0.615784974796358
51200001775,2026-04,1,0.5176752132341511
51200001776,2026-04,1,0.5482458009307857
51200001777,2026-04,1,0.5344415306740453
51200001778,2026-04,1,0.581443959356256
51200001779,2026-04,1,0.5801957367143081
51200001780,2026-04,1,0.5809886056949096
51200001781,2026-04,0,0.3894990284479833
51200001782,2026-04,1,0.5524428389726123
51200001783,2026-04,0,0.3748649341037373
51200001784,2026-04,1,0.5693689175719768
51200001785,2026-04,1,0.563417942710764
51200001786,2026-04,1,0.5344248726671379
51200001787,2026-04,0,0.49765758836315
51200001788,2026-04,1,0.5349982737669419
51200001789,2026-04,0,0.3254167609683642
51200001790,2026-04,1,0.5163575951007536
51200001791,2026-04,1,0.5733303340065147
51200001792,2026-04,1,0.5761229239567611
51200001793,2026-04,1,0.581671016825426
51200001794,2026-04,1,0.5620167366789294
51200001795,2026-04,1,0.5032464771521301
51200001796,2026-04,1,0.588029881085419
51200001797,2026-04,1,0.5684984429206742
51200001798,2026-04,1,0.5876366878934263
51200001799,2026-04,1,0.5863708653742418
51200001800,2026-04,1,0.5402212466626031
51200001801,2026-04,1,0.5857876710317249
51200001802,2026-04,1,0.5756455331373601
51200001803,2026-04,1,0.5838517239163971
51200001804,2026-04,1,0.5828900795751253
51200001805,2026-04,1,0.7758117222054388
51200001806,2026-04,1,0.5583913469282216
51200001807,2026-04,0,0.3032856863551406
51200001808,2026-04,1,0.5959756402378159
51200001809,2026-04,1,0.5515448104951675
51200001810,2026-04,1,0.5732151065490665
51200001811,2026-04,1,0.5951680716105633
51200001812,2026-04,1,0.547572027344123
51200001813,2026-04,1,0.63171803211546
51200001814,2026-04,1,0.5998142443881794
51200001815,2026-04,1,0.5436734544754114
51200001816,2026-04,1,0.6448330211216521
51200001817,2026-04,1,0.5722178422219171
51200001818,2026-04,1,0.5847060914538311
51200001819,2026-04,1,0.5551789072415396
51200001820,2026-04,1,0.5858396305256109
51200001821,2026-04,1,0.528867095127993
51200001822,2026-04,1,0.5452117455182202
51200001823,2026-04,1,0.6192215384633595
51200001824,2026-04,1,0.5556049251080207
51200001825,2026-04,1,0.6380709843390496
51200001826,2026-04,1,0.5720954996197051
51200001827,2026-04,0,0.3514909784173765
51200001828,2026-04,1,0.5795520833360155
51200001829,2026-04,1,0.5793725788267461
51200001830,2026-04,1,0.5874011094307552
51200001831,2026-04,0,0.38142501673066653
51200001832,2026-04,1,0.5920296418511991
51200001833,2026-04,1,0.660348280997747
51200001834,2026-04,0,0.26731008776321885
51200001835,2026-04,1,0.5558243160211824
51200001836,2026-04,1,0.5491861821860359
51200001837,2026-04,1,0.539973381336837
51200001838,2026-04,1,0.5951455404294177
51200001839,2026-04,1,0.6356950206297995
51200001840,2026-04,1,0.5036572026302997
51200001841,2026-04,1,0.5043209696767584
51200001842,2026-04,1,0.5707269268187652
51200001843,2026-04,0,0.22050856058800247
51200001844,2026-04,1,0.6420491332172967
51200001845,2026-04,0,0.4930631917646467
51200001846,2026-04,1,0.5728353496490075
51200001847,2026-04,1,0.5796265410310362
51200001848,2026-04,1,0.5886065912217319
51200001849,2026-04,1,0.5606812895110032
51200001850,2026-04,0,0.3920087591139302
51200001851,2026-04,0,0.2875715789667461
51200001852,2026-04,1,0.5670244576068977
51200001853,2026-04,1,0.6345424335399418
51200001854,2026-04,1,0.5413354992651346
51200001855,2026-04,1,0.5141843115221154
51200001856,2026-04,0,0.24532481361891023
51200001857,2026-04,1,0.5438465786692545
51200001858,2026-04,1,0.5625896645859251
51200001859,2026-04,1,0.5776509835069514
51200001860,2026-04,1,0.5646287349309786
51200001861,2026-04,1,0.5436891192106891
51200001862,2026-04,1,0.5678386251040124
51200001863,2026-04,1,0.5446382410419691
51200001864,2026-04,1,0.5399133423801398
51200001865,2026-04,0,0.27827695398608965
51200001866,2026-04,1,0.5416528936776502
51200001867,2026-04,1,0.5389486575528862
51200001868,2026-04,1,0.5244527166607276
51200001869,2026-04,1,0.585032150715606
51200001870,2026-04,1,0.5816603532214626
51200001871,2026-04,1,0.630447625653661
51200001872,2026-04,1,0.7720021030953967
51200001873,2026-04,1,0.5844307314095921
51200001874,2026-04,1,0.5346785118151415
51200001875,2026-04,1,0.6290858723271833
51200001876,2026-04,1,0.586402628661134
51200001877,2026-04,1,0.6096378328814641
51200001878,2026-04,1,0.5659372886399591
51200001879,2026-04,1,0.5364236797861306
51200001880,2026-04,1,0.567963379842974
51200001881,2026-04,1,0.5791479469286098
51200001882,2026-04,1,0.5638973189362215
51200001883,2026-04,1,0.5881369186556734
51200001884,2026-04,1,0.5338835734486501
51200001885,2026-04,1,0.5895751357434389
51200001886,2026-04,1,0.5984724807796478
51200001887,2026-04,1,0.5755691255126575
51200001888,2026-04,1,0.576471870257471
51200001889,2026-04,1,0.7041179463282458
51200001890,2026-04,1,0.5667912197250317
51200001891,2026-04,1,0.5598985507905713
51200001892,2026-04,1,0.6469217747578513
51200001893,2026-04,1,0.6092545142228434
51200001894,2026-04,1,0.5531045706876483
51200001895,2026-04,0,0.44592780178363106
51200001896,2026-04,1,0.5852802128543209
51200001897,2026-04,0,0.3317555026339056
51200001898,2026-04,1,0.5557202979484611
51200001899,2026-04,1,0.5554150631108028
51200001900,2026-04,1,0.6944505387598636
51200001901,2026-04,1,0.5678400558057554
51200001902,2026-04,1,0.5507700181806818
51200001903,2026-04,1,0.5552088080576308
51200001904,2026-04,1,0.581461396634498
51200001905,2026-04,1,0.5484340862109501
51200001906,2026-04,1,0.5897508690328228
51200001907,2026-04,1,0.5137153640557927
51200001908,2026-04,1,0.5889761535184852
51200001909,2026-04,0,0.2741493909842263
51200001910,2026-04,1,0.7203450459656517
51200001911,2026-04,0,0.46302637300725535
51200001912,2026-04,1,0.5666640837144035
51200001913,2026-04,0,0.45726946157636983
51200001914,2026-04,1,0.5812477162384918
51200001915,2026-04,1,0.5390486770191053
51200001916,2026-04,1,0.5509373449905486
51200001917,2026-04,1,0.5671311587639676
51200001918,2026-04,1,0.6014986447422929
51200001919,2026-04,1,0.5723814396343309
51200001920,2026-04,1,0.5802610039549283
51200001921,2026-04,1,0.5599543447009584
51200001922,2026-04,1,0.5617062361076158
51200001923,2026-04,1,0.5378748395490569
51200001924,2026-04,1,0.6065720520476272
51200001925,2026-04,0,0.4991432843124486
51200001926,2026-04,1,0.5729142457413834
51200001927,2026-04,0,0.36325052192625734
51200001928,2026-04,1,0.5722343363268465
51200001929,2026-04,0,0.2803466786984613
51200001930,2026-04,1,0.7087597566058641
51200001931,2026-04,1,0.6351158138691982
51200001932,2026-04,1,0.5867015810625296
51200001933,2026-04,0,0.47520077144131084
51200001934,2026-04,1,0.5509993709124402
51200001935,2026-04,1,0.593218851338182
51200001936,2026-04,1,0.5992090568102106
51200001937,2026-04,1,0.6049192356687659
51200001938,2026-04,1,0.6503921178878584
51200001939,2026-04,1,0.5871212204323614
51200001940,2026-04,1,0.5827223487635022
51200001941,2026-04,1,0.5072410064910816
51200001942,2026-04,1,0.6191103015932683
51200001943,2026-04,1,0.5830108308016286
51200001944,2026-04,0,0.3121245088929416
51200001945,2026-04,1,0.5708840238145192
51200001946,2026-04,1,0.6311708712331877
51200001947,2026-04,1,0.5678437366617337
51200001948,2026-04,1,0.569883457786082
51200001949,2026-04,1,0.552146116036639
51200001950,2026-04,0,0.3451207794813881
51200001951,2026-04,1,0.5703186345610508
51200001952,2026-04,1,0.5833345123091379
51200001953,2026-04,1,0.5277228991086997
51200001954,2026-04,1,0.5528576847990795
51200001955,2026-04,1,0.6150760233700422
51200001956,2026-04,1,0.5801631686446934
51200001957,2026-04,1,0.7048522684028106
51200001958,2026-04,0,0.3170030503798768
51200001959,2026-04,1,0.5716868291163899
51200001960,2026-04,1,0.5855767539184203
51200001961,2026-04,1,0.573585762428515
51200001962,2026-04,1,0.6046035186935428
51200001963,2026-04,1,0.5766462109817652
51200001964,2026-04,1,0.5409365563975217
51200001965,2026-04,1,0.559154500463221
51200001966,2026-04,1,0.5828754185841736
51200001967,2026-04,1,0.6568950760189225
51200001968,2026-04,1,0.5155189940344519
51200001969,2026-04,1,0.5847588777424234
51200001970,2026-04,1,0.5831639373748081
51200001971,2026-04,0,0.40464680904483474
51200001972,2026-04,1,0.5814864304755615
51200001973,2026-04,1,0.5814217869685862
51200001974,2026-04,1,0.5500493499151277
51200001975,2026-04,1,0.5356324353749432
51200001976,2026-04,1,0.5812659439319503
51200001977,2026-04,1,0.5913087167508472
51200001978,2026-04,0,0.31398258572920407
51200001979,2026-04,1,0.574476836598985
51200001980,2026-04,1,0.6210357655206316
51200001981,2026-04,1,0.5765140930869928
51200001982,2026-04,1,0.5462042721116219
51200001983,2026-04,1,0.5224267595046463
51200001984,2026-04,1,0.5562636360506233
51200001985,2026-04,1,0.5816629921244563
51200001986,2026-04,1,0.5875660877870823
51200001987,2026-04,1,0.6743097330085418
51200001988,2026-04,1,0.579312086753119
51200001989,2026-04,1,0.5560098294896205
51200001990,2026-04,1,0.5782558841307018
51200001991,2026-04,0,0.4320982398749847
51200001992,2026-04,1,0.5717438342992025
51200001993,2026-04,1,0.5713121106418925
51200001994,2026-04,1,0.5386136270106754
51200001995,2026-04,1,0.7021006605501959
51200001996,2026-04,1,0.5541305061114619
51200001997,2026-04,0,0.4736612152727836
51200001998,2026-04,1,0.5523767022363973
51200001999,2026-04,1,0.5827396580842009
51200002000,2026-04,1,0.607246034352468
51200002001,2026-04,1,0.6011389792151186
51200002002,2026-04,1,0.5604365403212936
51200002003,2026-04,1,0.5476557058329664
51200002004,2026-04,1,0.5298388698291872
51200002005,2026-04,1,0.6033517696693803
51200002006,2026-04,1,0.7635727906626925
51200002007,2026-04,0,0.4166256360085308
51200002008,2026-04,1,0.5644373811920391
51200002009,2026-04,1,0.5966800113627884
51200002010,2026-04,0,0.2579182394814285
51200002011,2026-04,1,0.5918144556722931
51200002012,2026-04,1,0.637145645471506
51200002013,2026-04,0,0.348702525942185
51200002014,2026-04,1,0.6114613243648366
51200002015,2026-04,1,0.5720309216160253
51200002016,2026-04,1,0.5852556117865089
51200002017,2026-04,1,0.5557371208635079
51200002018,2026-04,0,0.44946362332383866
51200002019,2026-04,1,0.5838827913982999
51200002020,2026-04,1,0.6046128631867117
51200002021,2026-04,1,0.6002856791359947
51200002022,2026-04,1,0.5508989438765911
51200002023,2026-04,1,0.6221202677229983
51200002024,2026-04,0,0.4928467697836866
51200002025,2026-04,1,0.6173047368491921
51200002026,2026-04,1,0.5737981100174139
51200002027,2026-04,1,0.5114819451283369
51200002028,2026-04,1,0.604651901252089
51200002029,2026-04,1,0.585490241761181
51200002030,2026-04,1,0.5276075129449778
51200002031,2026-04,1,0.6573586744807038
51200002032,2026-04,1,0.7077510703598917
51200002033,2026-04,1,0.5732051625820889
51200002034,2026-04,1,0.5532737745855058
51200002035,2026-04,1,0.6221778624385358
51200002036,2026-04,1,0.5815183986414109
51200002037,2026-04,1,0.6544701481667119
51200002038,2026-04,1,0.5923618294767458
51200002039,2026-04,0,0.3138125594398313
51200002040,2026-04,1,0.6295693468643574
51200002041,2026-04,1,0.5878529912528306
51200002042,2026-04,1,0.5712730420810356
51200002043,2026-04,0,0.34377733209881717
51200002044,2026-04,1,0.5859405987151985
51200002045,2026-04,1,0.5739326593166559
51200002046,2026-04,1,0.5068990586912211
51200002047,2026-04,0,0.3269020714519532
51200002048,2026-04,1,0.5659062465123755
51200002049,2026-04,1,0.593709891856211
51200002050,2026-04,1,0.5927770388904633
51200002051,2026-04,1,0.5815521845562608
51200002052,2026-04,0,0.42550824920985486
51200002053,2026-04,1,0.5796685879412927
51200002054,2026-04,1,0.5679532519636299
51200002055,2026-04,1,0.5985405034599368
51200002056,2026-04,1,0.6652812180716299
51200002057,2026-04,1,0.5795178899174944
51200002058,2026-04,1,0.6421802591628097
51200002059,2026-04,1,0.6677374780054237
51200002060,2026-04,0,0.30195942996095915
51200002061,2026-04,0,0.2956869468570258
51200002062,2026-04,1,0.5724610864187982
51200002063,2026-04,0,0.38469053890007
51200002064,2026-04,1,0.6148338273512971
51200002065,2026-04,1,0.5033899258416122
51200002066,2026-04,1,0.574143284292299
51200002067,2026-04,1,0.5766600648679961
51200002068,2026-04,1,0.5840276988203889
51200002069,2026-04,1,0.5731146694776804
51200002070,2026-04,1,0.6707015237704306
51200002071,2026-04,1,0.6055001905811275
51200002072,2026-04,0,0.375616551888353
51200002073,2026-04,1,0.6172477126083853
51200002074,2026-04,1,0.6123443796416563
51200002075,2026-04,1,0.6279382712912958
51200002076,2026-04,1,0.5615917113449118
51200002077,2026-04,0,0.3667888693889709
51200002078,2026-04,1,0.6048635218203638
51200002079,2026-04,0,0.4620043863960791
51200002080,2026-04,0,0.34416295401892505
51200002081,2026-04,1,0.5406711623356403
51200002082,2026-04,0,0.35621491127276966
51200002083,2026-04,1,0.5700097590630574
51200002084,2026-04,1,0.5716987424363005
51200002085,2026-04,1,0.5842157727294477
51200002086,2026-04,0,0.28618514935080613
51200002087,2026-04,1,0.5502676537995786
