PERIOD,total_rows,outcome_eligible,positive_bill,observed_by_cutoff,not_observed_by_cutoff,payment_date_null,payment_date_after_cutoff,observed_zero_amount,observed_positive_amount,observed_missing_invalid_amount,valid_payment_ratio_current,missing_payment_ratio_current,valid_payment_delay_current,missing_payment_delay_current,valid_payment_ratio_outcome,missing_payment_ratio_outcome,by_due_valid_amount,by_due_missing_invalid_amount,no_payment_by_due,eligible_unknown_payment_date,at_risk_current_0,at_risk_current_1,at_risk_current_undefined,invalid_nonblank_payment_date,negative_tenure
2023-04,2000,2000,2000,562,1438,245,1193,0,562,0,562,1438,562,1438,2000,0,248,0,1752,0,248,1752,0,0,0
2023-05,2002,2002,2002,612,1390,279,1111,0,612,0,612,1390,612,1390,2002,0,271,0,1731,0,271,1731,0,0,0
2023-06,2005,2005,2005,541,1464,272,1192,0,541,0,541,1464,541,1464,2005,0,238,0,1767,0,238,1767,0,0,0
2023-07,2008,2008,2008,591,1417,301,1116,0,591,0,591,1417,591,1417,2008,0,237,0,1771,0,237,1771,0,0,0
2023-08,2011,2008,2008,572,1439,322,1117,0,572,0,571,1440,572,1439,2008,3,237,0,1771,0,237,1771,3,0,0
2023-09,2013,2007,2007,517,1496,314,1182,0,517,0,517,1496,517,1496,2007,6,243,0,1764,0,243,1764,6,0,0
2023-10,2016,2009,2009,575,1441,323,1118,0,575,0,575,1441,575,1441,2009,7,232,0,1777,0,232,1777,7,0,0
2023-11,2018,2009,2009,522,1496,326,1170,0,522,0,522,1496,522,1496,2009,9,239,0,1770,0,239,1770,9,0,0
2023-12,2021,2008,2008,582,1439,344,1095,0,582,0,582,1439,582,1439,2008,13,207,0,1801,0,207,1801,13,0,0
2024-01,2023,2009,2009,595,1428,339,1089,0,595,0,595,1428,595,1428,2009,14,230,0,1779,0,230,1779,14,0,0
2024-02,2025,2009,2009,477,1548,325,1223,0,477,0,477,1548,477,1548,2009,16,227,0,1782,0,227,1782,16,0,0
2024-03,2027,2007,2007,592,1435,300,1135,0,592,0,592,1435,592,1435,2007,20,265,0,1742,0,265,1742,20,0,0
2024-04,2030,2008,2008,529,1501,316,1185,0,529,0,529,1501,529,1501,2008,22,256,0,1752,0,256,1752,22,0,0
2024-05,2032,2009,2009,601,1431,324,1107,0,601,0,601,1431,601,1431,2009,23,256,0,1753,0,256,1753,23,0,0
2024-06,2035,2010,2010,549,1486,339,1147,0,549,0,549,1486,549,1486,2010,25,252,0,1758,0,252,1758,25,0,0
2024-07,2038,2013,2013,567,1471,357,1114,0,567,0,567,1471,567,1471,2013,25,246,0,1767,0,246,1767,25,0,0
2024-08,2040,2012,2012,572,1468,350,1118,0,572,0,572,1468,572,1468,2012,28,235,0,1777,0,235,1777,28,0,0
2024-09,2042,2014,2014,554,1488,337,1151,0,554,0,554,1488,554,1488,2014,28,254,0,1760,0,254,1760,28,0,0
2024-10,2044,2014,2014,625,1419,308,1111,0,625,0,625,1419,625,1419,2014,30,230,0,1784,0,230,1784,30,0,0
2024-11,2047,2016,2016,522,1525,351,1174,0,522,0,522,1525,522,1525,2016,31,231,0,1785,0,231,1785,31,0,0
2024-12,2050,2014,2014,600,1450,364,1086,0,600,0,600,1450,600,1450,2014,36,257,0,1757,0,257,1757,36,0,0
2025-01,2053,2018,2018,591,1462,341,1121,0,591,0,591,1462,591,1462,2018,35,211,0,1807,0,211,1807,35,0,0
2025-02,2055,2019,2019,422,1633,356,1277,0,422,0,422,1633,422,1633,2019,36,238,0,1781,0,238,1781,36,0,0
2025-03,2057,2021,2021,586,1471,345,1126,0,586,0,586,1471,586,1471,2021,36,228,0,1793,0,228,1793,36,0,0
2025-04,2060,2023,2023,565,1495,359,1136,0,565,0,565,1495,565,1495,2023,37,238,0,1785,0,238,1785,37,0,0
2025-05,2062,2023,2023,627,1435,333,1102,0,627,0,627,1435,627,1435,2023,39,276,0,1747,0,276,1747,39,0,0
2025-06,2065,2023,2023,541,1524,345,1179,0,541,0,541,1524,541,1524,2023,42,224,0,1799,0,224,1799,42,0,0
2025-07,2068,2024,2024,591,1477,359,1118,0,591,0,591,1477,591,1477,2024,44,236,0,1788,0,236,1788,44,0,0
2025-08,2070,2025,2025,604,1466,366,1100,0,604,0,604,1466,604,1466,2025,45,257,0,1768,0,257,1768,45,0,0
2025-09,2073,2027,2027,538,1535,357,1178,0,538,0,538,1535,538,1535,2027,46,228,0,1799,0,228,1799,46,0,0
2025-10,2076,2029,2029,589,1487,351,1136,0,589,0,589,1487,589,1487,2029,47,220,0,1809,0,220,1809,47,0,0
2025-11,2078,2030,2030,544,1534,367,1167,0,544,0,544,1534,544,1534,2030,48,234,0,1796,0,234,1796,48,0,0
2025-12,2080,2032,2032,603,1477,357,1120,0,603,0,603,1477,603,1477,2032,48,230,0,1802,0,230,1802,48,0,0
2026-01,2082,2032,2032,578,1504,370,1134,0,578,0,578,1504,578,1504,2032,50,238,0,1794,0,238,1794,50,0,0
2026-02,2085,2031,2031,426,1659,352,1307,0,426,0,426,1659,426,1659,2031,54,244,0,1787,0,244,1787,54,0,0
2026-03,2087,2031,2031,615,1472,363,1109,0,615,0,615,1472,615,1472,2031,56,220,0,1811,0,220,1811,56,0,0
