configuration,algorithm,class_weight,hyperparameters,features,TRAIN_sample_count,TRAIN_Accuracy,TRAIN_ROC_AUC,TRAIN_AP,TRAIN_predicted_class_0,TRAIN_predicted_class_1,TRAIN_class_0_count,TRAIN_class_0_percent,TRAIN_Precision_0,TRAIN_Recall_0,TRAIN_F1_0,TRAIN_class_1_count,TRAIN_class_1_percent,TRAIN_Precision_1,TRAIN_Recall_1,TRAIN_F1_1,VALIDATION_sample_count,VALIDATION_Accuracy,VALIDATION_ROC_AUC,VALIDATION_AP,VALIDATION_predicted_class_0,VALIDATION_predicted_class_1,VALIDATION_class_0_count,VALIDATION_class_0_percent,VALIDATION_Precision_0,VALIDATION_Recall_0,VALIDATION_F1_0,VALIDATION_class_1_count,VALIDATION_class_1_percent,VALIDATION_Precision_1,VALIDATION_Recall_1,VALIDATION_F1_1,VALIDATION_minus_TRAIN_Accuracy,VALIDATION_minus_TRAIN_ROC_AUC,VALIDATION_minus_TRAIN_AP,VALIDATION_minus_TRAIN_Precision_0,VALIDATION_minus_TRAIN_Recall_0,VALIDATION_minus_TRAIN_F1_0,VALIDATION_minus_TRAIN_Precision_1,VALIDATION_minus_TRAIN_Recall_1,VALIDATION_minus_TRAIN_F1_1
TRAIN-majority,Constant baseline,None,TRAIN majority=1; TRAIN Class-1 prevalence=0.8807973118725628,None,48212,0.8807973118725628,0.5,0.8807973118725628,0,48212,5747,11.920268812743716,0.0,0.0,0.0,42465,88.07973118725629,0.8807973118725628,1.0,0.9366211939080472,12135,0.8815822002472188,0.5,0.8815822002472188,0,12135,1437,11.84177997527812,0.0,0.0,0.0,10698,88.15822002472189,0.8815822002472188,1.0,0.9370647746682433,0.0007848883746559565,0.0,0.0007848883746559565,0.0,0.0,0.0,0.0007848883746559565,0.0,0.00044358076019612724
DT-1,Decision Tree,None,"{'ccp_alpha': 0.0, 'class_weight': None, 'criterion': 'gini', 'max_depth': 3, 'max_features': None, 'max_leaf_nodes': None, 'min_impurity_decrease': 0.0, 'min_samples_leaf': 1, 'min_samples_split': 2, 'min_weight_fraction_leaf': 0.0, 'monotonic_cst': None, 'random_state': 42, 'splitter': 'best'}",PAYMENT_RATIO_CURRENT; PAYMENT_RATIO_LAG1; PAYMENT_RATIO_MEAN3; PAYMENT_DELAY_CURRENT; ARREARS_CURRENT; ARREARS_LAG1; ARREARS_TREND; CURRENT_CONSUMPTION; BILL_AMOUNT; TENURE_MONTHS; TARRIF; CONTRACT_LOAD,48212,0.8807973118725628,0.6090509977090213,0.9055392878223045,0,48212,5747,11.920268812743716,0.0,0.0,0.0,42465,88.07973118725629,0.8807973118725628,1.0,0.9366211939080472,12135,0.8815822002472188,0.606848450005874,0.9057933508940547,0,12135,1437,11.84177997527812,0.0,0.0,0.0,10698,88.15822002472189,0.8815822002472188,1.0,0.9370647746682433,0.0007848883746559565,-0.0022025477031473173,0.00025406307175013243,0.0,0.0,0.0,0.0007848883746559565,0.0,0.00044358076019612724
DT-2,Decision Tree,None,"{'ccp_alpha': 0.0, 'class_weight': None, 'criterion': 'gini', 'max_depth': 5, 'max_features': None, 'max_leaf_nodes': None, 'min_impurity_decrease': 0.0, 'min_samples_leaf': 1, 'min_samples_split': 2, 'min_weight_fraction_leaf': 0.0, 'monotonic_cst': None, 'random_state': 42, 'splitter': 'best'}",PAYMENT_RATIO_CURRENT; PAYMENT_RATIO_LAG1; PAYMENT_RATIO_MEAN3; PAYMENT_DELAY_CURRENT; ARREARS_CURRENT; ARREARS_LAG1; ARREARS_TREND; CURRENT_CONSUMPTION; BILL_AMOUNT; TENURE_MONTHS; TARRIF; CONTRACT_LOAD,48212,0.8814817887662822,0.6273482920898369,0.9110441305737187,51,48161,5747,11.920268812743716,0.8235294117647058,0.007308160779537149,0.014487754398068299,42465,88.07973118725629,0.8815431573264675,0.9997880607559166,0.9369496612451172,12135,0.8812525751957149,0.6206730216939722,0.9108154766719286,16,12119,1437,11.84177997527812,0.375,0.0041753653444676405,0.008258774948382657,10698,88.15822002472189,0.8819209505734796,0.999065245840344,0.9368453346189245,-0.000229213570567377,-0.006675270395864685,-0.00022865390179005463,-0.44852941176470584,-0.003132795435069509,-0.006228979449685642,0.0003777932470121481,-0.0007228149155726893,-0.00010432662619275224
DT-3,Decision Tree,None,"{'ccp_alpha': 0.0, 'class_weight': None, 'criterion': 'gini', 'max_depth': 8, 'max_features': None, 'max_leaf_nodes': None, 'min_impurity_decrease': 0.0, 'min_samples_leaf': 1, 'min_samples_split': 2, 'min_weight_fraction_leaf': 0.0, 'monotonic_cst': None, 'random_state': 42, 'splitter': 'best'}",PAYMENT_RATIO_CURRENT; PAYMENT_RATIO_LAG1; PAYMENT_RATIO_MEAN3; PAYMENT_DELAY_CURRENT; ARREARS_CURRENT; ARREARS_LAG1; ARREARS_TREND; CURRENT_CONSUMPTION; BILL_AMOUNT; TENURE_MONTHS; TARRIF; CONTRACT_LOAD,48212,0.8841367294449515,0.6529200343926463,0.9198919198096445,233,47979,5747,11.920268812743716,0.8454935622317596,0.03427875413259092,0.06588628762541807,42465,88.07973118725629,0.8843243919214656,0.9991522430236666,0.9382380257396842,12135,0.8786979810465595,0.6238183686152615,0.9114662993987984,79,12056,1437,11.84177997527812,0.27848101265822783,0.015309672929714684,0.029023746701846966,10698,88.15822002472189,0.8826310550763106,0.9946719012899607,0.9353080777006241,-0.005438748398391979,-0.029101665777384822,-0.008425620410846046,-0.5670125495735319,-0.018969081202876235,-0.0368625409235711,-0.0016933368451550468,-0.004480341733705817,-0.002929948039060104
DT-4,Decision Tree,None,"{'ccp_alpha': 0.0, 'class_weight': None, 'criterion': 'gini', 'max_depth': None, 'max_features': None, 'max_leaf_nodes': None, 'min_impurity_decrease': 0.0, 'min_samples_leaf': 1, 'min_samples_split': 2, 'min_weight_fraction_leaf': 0.0, 'monotonic_cst': None, 'random_state': 42, 'splitter': 'best'}",PAYMENT_RATIO_CURRENT; PAYMENT_RATIO_LAG1; PAYMENT_RATIO_MEAN3; PAYMENT_DELAY_CURRENT; ARREARS_CURRENT; ARREARS_LAG1; ARREARS_TREND; CURRENT_CONSUMPTION; BILL_AMOUNT; TENURE_MONTHS; TARRIF; CONTRACT_LOAD,48212,1.0,1.0,1.0,5747,42465,5747,11.920268812743716,1.0,1.0,1.0,42465,88.07973118725629,1.0,1.0,1.0,12135,0.7911001236093943,0.5432617495085222,0.8907227166489307,1726,10409,1437,11.84177997527812,0.18192352259559674,0.21851078636047322,0.19854568447676257,10698,88.15822002472189,0.8921125948698242,0.8680127126565713,0.8798976642819918,-0.2088998763906057,-0.45673825049147776,-0.10927728335106934,-0.8180764774044033,-0.7814892136395268,-0.8014543155232374,-0.1078874051301758,-0.13198728734342868,-0.12010233571800821
RF-1,Random Forest,None,"{'bootstrap': True, 'ccp_alpha': 0.0, 'class_weight': None, 'criterion': 'gini', 'max_depth': 5, 'max_features': 'sqrt', 'max_leaf_nodes': None, 'max_samples': None, 'min_impurity_decrease': 0.0, 'min_samples_leaf': 1, 'min_samples_split': 2, 'min_weight_fraction_leaf': 0.0, 'monotonic_cst': None, 'n_estimators': 100, 'n_jobs': -1, 'oob_score': False, 'random_state': 42, 'verbose': 0, 'warm_start': False}",PAYMENT_RATIO_CURRENT; PAYMENT_RATIO_LAG1; PAYMENT_RATIO_MEAN3; PAYMENT_DELAY_CURRENT; ARREARS_CURRENT; ARREARS_LAG1; ARREARS_TREND; CURRENT_CONSUMPTION; BILL_AMOUNT; TENURE_MONTHS; TARRIF; CONTRACT_LOAD,48212,0.8807973118725628,0.6530838557289658,0.9224536082499029,0,48212,5747,11.920268812743716,0.0,0.0,0.0,42465,88.07973118725629,0.8807973118725628,1.0,0.9366211939080472,12135,0.8815822002472188,0.6285550743230383,0.9152833220929293,0,12135,1437,11.84177997527812,0.0,0.0,0.0,10698,88.15822002472189,0.8815822002472188,1.0,0.9370647746682433,0.0007848883746559565,-0.024528781405927513,-0.007170286156973571,0.0,0.0,0.0,0.0007848883746559565,0.0,0.00044358076019612724
RF-2,Random Forest,None,"{'bootstrap': True, 'ccp_alpha': 0.0, 'class_weight': None, 'criterion': 'gini', 'max_depth': 10, 'max_features': 'sqrt', 'max_leaf_nodes': None, 'max_samples': None, 'min_impurity_decrease': 0.0, 'min_samples_leaf': 1, 'min_samples_split': 2, 'min_weight_fraction_leaf': 0.0, 'monotonic_cst': None, 'n_estimators': 100, 'n_jobs': -1, 'oob_score': False, 'random_state': 42, 'verbose': 0, 'warm_start': False}",PAYMENT_RATIO_CURRENT; PAYMENT_RATIO_LAG1; PAYMENT_RATIO_MEAN3; PAYMENT_DELAY_CURRENT; ARREARS_CURRENT; ARREARS_LAG1; ARREARS_TREND; CURRENT_CONSUMPTION; BILL_AMOUNT; TENURE_MONTHS; TARRIF; CONTRACT_LOAD,48212,0.8819173649713764,0.751135840566027,0.9524414955749365,54,48158,5747,11.920268812743716,1.0,0.009396206716547765,0.018617479744871573,42465,88.07973118725629,0.8817849578470867,1.0,0.9371793032673824,12135,0.8815822002472188,0.6374599574605546,0.9183310418014865,2,12133,1437,11.84177997527812,0.5,0.0006958942240779402,0.001389854065323141,10698,88.15822002472189,0.8816451001401138,0.9999065245840344,0.9370592615303753,-0.00033516472415762166,-0.11367588310547239,-0.03411045377345001,-0.5,-0.008700312492469824,-0.01722762567954843,-0.00013985770697289013,-9.347541596560482e-05,-0.00012004173700708165
RF-3,Random Forest,None,"{'bootstrap': True, 'ccp_alpha': 0.0, 'class_weight': None, 'criterion': 'gini', 'max_depth': 10, 'max_features': 'sqrt', 'max_leaf_nodes': None, 'max_samples': None, 'min_impurity_decrease': 0.0, 'min_samples_leaf': 1, 'min_samples_split': 2, 'min_weight_fraction_leaf': 0.0, 'monotonic_cst': None, 'n_estimators': 200, 'n_jobs': -1, 'oob_score': False, 'random_state': 42, 'verbose': 0, 'warm_start': False}",PAYMENT_RATIO_CURRENT; PAYMENT_RATIO_LAG1; PAYMENT_RATIO_MEAN3; PAYMENT_DELAY_CURRENT; ARREARS_CURRENT; ARREARS_LAG1; ARREARS_TREND; CURRENT_CONSUMPTION; BILL_AMOUNT; TENURE_MONTHS; TARRIF; CONTRACT_LOAD,48212,0.8817721729030117,0.7582176550024687,0.9546790644889392,47,48165,5747,11.920268812743716,1.0,0.008178179919958239,0.016223679668622714,42465,88.07973118725629,0.8816568047337278,1.0,0.9371069182389937,12135,0.8814997939843429,0.641173832659881,0.9200764667714283,1,12134,1437,11.84177997527812,0.0,0.0,0.0,10698,88.15822002472189,0.8815724410746663,0.9999065245840344,0.9370182200420463,-0.00027237891866882524,-0.1170438223425877,-0.03460259771751095,-1.0,-0.008178179919958239,-0.016223679668622714,-8.436365906150378e-05,-9.347541596560482e-05,-8.869819694745651e-05
RF-4,Random Forest,None,"{'bootstrap': True, 'ccp_alpha': 0.0, 'class_weight': None, 'criterion': 'gini', 'max_depth': None, 'max_features': 'sqrt', 'max_leaf_nodes': None, 'max_samples': None, 'min_impurity_decrease': 0.0, 'min_samples_leaf': 1, 'min_samples_split': 2, 'min_weight_fraction_leaf': 0.0, 'monotonic_cst': None, 'n_estimators': 200, 'n_jobs': -1, 'oob_score': False, 'random_state': 42, 'verbose': 0, 'warm_start': False}",PAYMENT_RATIO_CURRENT; PAYMENT_RATIO_LAG1; PAYMENT_RATIO_MEAN3; PAYMENT_DELAY_CURRENT; ARREARS_CURRENT; ARREARS_LAG1; ARREARS_TREND; CURRENT_CONSUMPTION; BILL_AMOUNT; TENURE_MONTHS; TARRIF; CONTRACT_LOAD,48212,1.0,1.0,1.0,5747,42465,5747,11.920268812743716,1.0,1.0,1.0,42465,88.07973118725629,1.0,1.0,1.0,12135,0.880840543881335,0.6380512528893141,0.9204520067082551,35,12100,1437,11.84177997527812,0.37142857142857144,0.009046624913013222,0.017663043478260868,10698,88.15822002472189,0.8823140495867768,0.9979435408487568,0.936573383630143,-0.11915945611866496,-0.3619487471106859,-0.07954799329174489,-0.6285714285714286,-0.9909533750869868,-0.9823369565217391,-0.11768595041322316,-0.002056459151243195,-0.06342661636985703
DT-3-balanced,Decision Tree,balanced,"{'ccp_alpha': 0.0, 'class_weight': 'balanced', 'criterion': 'gini', 'max_depth': 8, 'max_features': None, 'max_leaf_nodes': None, 'min_impurity_decrease': 0.0, 'min_samples_leaf': 1, 'min_samples_split': 2, 'min_weight_fraction_leaf': 0.0, 'monotonic_cst': None, 'random_state': 42, 'splitter': 'best'}",PAYMENT_RATIO_CURRENT; PAYMENT_RATIO_LAG1; PAYMENT_RATIO_MEAN3; PAYMENT_DELAY_CURRENT; ARREARS_CURRENT; ARREARS_LAG1; ARREARS_TREND; CURRENT_CONSUMPTION; BILL_AMOUNT; TENURE_MONTHS; TARRIF; CONTRACT_LOAD,48212,0.7038911474321745,0.675371127751529,0.9304077157324724,14463,33749,5747,11.920268812743716,0.2051441609624559,0.5162693579258744,0.2936170212765957,42465,88.07973118725629,0.9176271889537467,0.7292829388908513,0.8126853334033117,12135,0.6872682323856613,0.6061135914295598,0.9041026737318072,3704,8431,1437,11.84177997527812,0.18169546436285097,0.4683368128044537,0.261816767165921,10698,88.15822002472189,0.9093820424623413,0.7166760142082632,0.8016101207590569,-0.016622915046513254,-0.06925753632196918,-0.02630504200066519,-0.02344869659960494,-0.047932545121420644,-0.03180025411067472,-0.008245146491405397,-0.012606924682588061,-0.011075212644254817
RF-3-balanced,Random Forest,balanced,"{'bootstrap': True, 'ccp_alpha': 0.0, 'class_weight': 'balanced', 'criterion': 'gini', 'max_depth': 10, 'max_features': 'sqrt', 'max_leaf_nodes': None, 'max_samples': None, 'min_impurity_decrease': 0.0, 'min_samples_leaf': 1, 'min_samples_split': 2, 'min_weight_fraction_leaf': 0.0, 'monotonic_cst': None, 'n_estimators': 200, 'n_jobs': -1, 'oob_score': False, 'random_state': 42, 'verbose': 0, 'warm_start': False}",PAYMENT_RATIO_CURRENT; PAYMENT_RATIO_LAG1; PAYMENT_RATIO_MEAN3; PAYMENT_DELAY_CURRENT; ARREARS_CURRENT; ARREARS_LAG1; ARREARS_TREND; CURRENT_CONSUMPTION; BILL_AMOUNT; TENURE_MONTHS; TARRIF; CONTRACT_LOAD,48212,0.7966896208412844,0.7744263174920192,0.960026242616222,9857,38355,5747,11.920268812743716,0.2943086131683068,0.504785105272316,0.3718277364778262,42465,88.07973118725629,0.925798461739017,0.8361945131284587,0.8787181390744865,12135,0.7610218376596621,0.6390272481162784,0.9200868501217041,2595,9540,1437,11.84177997527812,0.21811175337186897,0.3938761308281141,0.28075396825396826,10698,88.15822002472189,0.9087002096436059,0.8103383810057955,0.8567052080245083,-0.035667783181622226,-0.13539906937574075,-0.039939392494517945,-0.07619685979643784,-0.11090897444420189,-0.09107376822385793,-0.01709825209541116,-0.025856132122663245,-0.022012931049978146
