configuration,stage,classes,class_1_column,rows,decision_rule
DT-1,TRAIN,"[0, 1]",1,48212,Unchanged sklearn predict: maximum probability; exact tie selects Class 0.
DT-1,VALIDATION,"[0, 1]",1,12135,Unchanged sklearn predict: maximum probability; exact tie selects Class 0.
DT-2,TRAIN,"[0, 1]",1,48212,Unchanged sklearn predict: maximum probability; exact tie selects Class 0.
DT-2,VALIDATION,"[0, 1]",1,12135,Unchanged sklearn predict: maximum probability; exact tie selects Class 0.
DT-3,TRAIN,"[0, 1]",1,48212,Unchanged sklearn predict: maximum probability; exact tie selects Class 0.
DT-3,VALIDATION,"[0, 1]",1,12135,Unchanged sklearn predict: maximum probability; exact tie selects Class 0.
DT-4,TRAIN,"[0, 1]",1,48212,Unchanged sklearn predict: maximum probability; exact tie selects Class 0.
DT-4,VALIDATION,"[0, 1]",1,12135,Unchanged sklearn predict: maximum probability; exact tie selects Class 0.
RF-1,TRAIN,"[0, 1]",1,48212,Unchanged sklearn predict: maximum probability; exact tie selects Class 0.
RF-1,VALIDATION,"[0, 1]",1,12135,Unchanged sklearn predict: maximum probability; exact tie selects Class 0.
RF-2,TRAIN,"[0, 1]",1,48212,Unchanged sklearn predict: maximum probability; exact tie selects Class 0.
RF-2,VALIDATION,"[0, 1]",1,12135,Unchanged sklearn predict: maximum probability; exact tie selects Class 0.
RF-3,TRAIN,"[0, 1]",1,48212,Unchanged sklearn predict: maximum probability; exact tie selects Class 0.
RF-3,VALIDATION,"[0, 1]",1,12135,Unchanged sklearn predict: maximum probability; exact tie selects Class 0.
RF-4,TRAIN,"[0, 1]",1,48212,Unchanged sklearn predict: maximum probability; exact tie selects Class 0.
RF-4,VALIDATION,"[0, 1]",1,12135,Unchanged sklearn predict: maximum probability; exact tie selects Class 0.
DT-3-balanced,TRAIN,"[0, 1]",1,48212,Unchanged sklearn predict: maximum probability; exact tie selects Class 0.
DT-3-balanced,VALIDATION,"[0, 1]",1,12135,Unchanged sklearn predict: maximum probability; exact tie selects Class 0.
RF-3-balanced,TRAIN,"[0, 1]",1,48212,Unchanged sklearn predict: maximum probability; exact tie selects Class 0.
RF-3-balanced,VALIDATION,"[0, 1]",1,12135,Unchanged sklearn predict: maximum probability; exact tie selects Class 0.
RF-3-balanced,FINAL_TEST,"[0, 1]",1,10145,Unchanged sklearn predict: maximum probability; exact tie selects Class 0.
RF-3-balanced,APRIL_REFIT,"[0, 1]",1,2087,Unchanged sklearn predict: maximum probability; exact tie selects Class 0.
