module,target,partition,window_start,window_end,rows_before_target_filter,rows,unique_consumers,min_target_period,max_target_period,excluded_target_unavailable,known_targets,missing_targets_retained,count,mean,median,std,min,Q1,Q3,max,class_0,class_0_percent,class_1,class_1_percent
consumption,CONSUMPTION_NEXT,TRAIN,2023-05,2025-04,48692,48692,2057,2023-05,2025-04,0,48692,0,48692.0,669.7753203811715,168.8,2596.175374023324,0.0,101.1,278.7,86238.4,,,,
consumption,CONSUMPTION_NEXT,VALIDATION,2025-05,2025-10,12398,12398,2073,2025-05,2025-10,0,12398,0,12398.0,706.9701242135828,185.8,2483.940351212928,0.0,126.2,305.3,49407.6,,,,
consumption,CONSUMPTION_NEXT,FINAL_TEST,2025-11,2026-03,10401,10401,2085,2025-11,2026-03,0,10401,0,10401.0,573.5778386693587,119.6,2148.8044775195035,0.0,79.2,234.3,56412.2,,,,
consumption,CONSUMPTION_NEXT,FUTURE,2026-04,2026-04,2087,2087,2087,2026-04,2026-04,0,0,2087,,,,,,,,,,,,
revenue,AT_RISK_NEXT,TRAIN,2023-05,2025-04,48692,48212,2057,2023-05,2025-04,480,48212,0,,,,,,,,,5747.0,11.920268812743716,42465.0,88.07973118725629
revenue,AT_RISK_NEXT,VALIDATION,2025-05,2025-10,12398,12135,2034,2025-05,2025-10,263,12135,0,,,,,,,,,1437.0,11.841779975278122,10698.0,88.15822002472189
revenue,AT_RISK_NEXT,FINAL_TEST,2025-11,2026-03,10401,10145,2038,2025-11,2026-03,256,10145,0,,,,,,,,,1164.0,11.473632331197635,8981.0,88.52636766880237
revenue,AT_RISK_NEXT,FUTURE,2026-04,2026-04,2087,2087,2087,2026-04,2026-04,0,0,2087,,,,,,,,,,,,
anomaly,ANOMALY_NEXT,TRAIN,2023-05,2025-04,48692,44580,2053,2023-07,2025-04,4112,44580,0,,,,,,,,,41434.0,92.9430237774787,3146.0,7.05697622252131
anomaly,ANOMALY_NEXT,VALIDATION,2025-05,2025-10,12398,12367,2068,2025-05,2025-10,31,12367,0,,,,,,,,,11590.0,93.7171504811191,777.0,6.282849518880893
anomaly,ANOMALY_NEXT,FINAL_TEST,2025-11,2026-03,10401,10377,2080,2025-11,2026-03,24,10377,0,,,,,,,,,10068.0,97.02226076900838,309.0,2.977739230991616
anomaly,ANOMALY_NEXT,FUTURE,2026-04,2026-04,2087,2087,2087,2026-04,2026-04,0,0,2087,,,,,,,,,,,,
